{
  "identifier": "Preprocessed-NO2-2015-256",
  "best_x": [
    40.8942870000001,
    63.7287142778469
  ],
  "best_y": 1.6341324449021406,
  "best_so_far": [
    0.11503812343941795,
    0.11503812343941795,
    0.9439288882786829,
    0.9439288882786829,
    0.9439288882786829,
    0.9439288882786829,
    0.9439288882786829,
    0.9439288882786829,
    0.9439288882786829,
    0.9439288882786829,
    0.9439288882786829,
    0.9439288882786829,
    0.9439288882786829,
    0.9439288882786829,
    0.9439288882786829,
    1.0795990135688098,
    1.0795990135688098,
    1.0795990135688098,
    1.0795990135688098,
    1.0795990135688098,
    1.0795990135688098,
    1.6341324449021406,
    1.6341324449021406,
    1.6341324449021406,
    1.6341324449021406,
    1.6341324449021406,
    1.6341324449021406,
    1.6341324449021406,
    1.6341324449021406,
    1.6341324449021406
  ],
  "x_hist": [
    [
      37.5287639642604,
      26.91773629614788
    ],
    [
      47.829233999999445,
      82.35014112354563
    ],
    [
      31.884638999999517,
      58.65023680944083
    ],
    [
      35.48393890674565,
      94.94361745496738
    ],
    [
      24.43649077494007,
      62.13278598136728
    ],
    [
      37.36426499999942,
      87.78778327994611
    ],
    [
      35.701885123808836,
      55.18621527479079
    ],
    [
      26.332529999999636,
      50.75139652211307
    ],
    [
      30.148598999999777,
      49.256194251109285
    ],
    [
      37.52987700000009,
      53.68122940266476
    ],
    [
      35.8096057903139,
      69.02752086755608
    ],
    [
      37.56434179481704,
      65.99228961397372
    ],
    [
      36.948791999999415,
      67.37938143506399
    ],
    [
      37.44668562154183,
      60.29897548252391
    ],
    [
      36.67684199999985,
      69.27108846175109
    ],
    [
      38.33438834999996,
      58.44592514647611
    ],
    [
      32.476458372216044,
      74.63865922449735
    ],
    [
      39.633383609999676,
      58.71193055086302
    ],
    [
      43.15324799999988,
      49.80644729813726
    ],
    [
      37.891744377059425,
      70.10171806912226
    ],
    [
      41.057581189908134,
      61.99112505500065
    ],
    [
      40.8942870000001,
      63.7287142778469
    ],
    [
      41.97390332198082,
      63.405687949962356
    ],
    [
      34.88452499999944,
      72.97514525247436
    ],
    [
      42.834122999999536,
      61.13498131873914
    ],
    [
      42.665291999999894,
      64.17156140276876
    ],
    [
      38.273022000000154,
      71.34598861519042
    ],
    [
      42.231532428987144,
      67.14015513235218
    ],
    [
      41.399022581511126,
      69.4806678788119
    ],
    [
      34.87819799999964,
      76.08489822384199
    ]
  ],
  "y_hist": [
    0.11503812343941795,
    0.09374641364798453,
    0.9439288882786829,
    -0.7842625290314946,
    -1.0969248003330587,
    0.2039640083957735,
    -0.16286814335125438,
    -0.08842113235089138,
    0.050234950503268566,
    -0.23229278811206575,
    0.6928051115125216,
    0.4820573556842821,
    0.21059112897277193,
    -0.056482898260752916,
    0.10797439100389772,
    1.0795990135688098,
    0.4085453975843075,
    0.7538887348674779,
    0.5678544424834099,
    -0.30508476520577366,
    0.9398665302580151,
    1.6341324449021406,
    0.49852231461821545,
    0.46540978719812554,
    1.1234281236033907,
    0.6341250516225128,
    0.16357483524309432,
    0.17715900372254825,
    0.10087726018212535,
    0.5678544424834099
  ],
  "eval_count": 30,
  "evals_to_f_best": 22,
  "total_time": 0.811896416998934,
  "deviation_from_optimum": 0.0,
  "optimum": 1.6341324449021406,
  "optimum_x": [
    40.8942870000001,
    63.7287142778469
  ],
  "success": true
}