{
  "identifier": "Preprocessed-NO2-2015-147",
  "best_x": [
    41.057581189908134,
    61.99112505500065
  ],
  "best_y": 1.968054973488068,
  "best_so_far": [
    -0.42135243899515085,
    -0.3144370719240541,
    0.16357483524309432,
    0.16357483524309432,
    0.4429218703790188,
    0.4429218703790188,
    0.4429218703790188,
    1.4285646666273453,
    1.4285646666273453,
    1.4285646666273453,
    1.486193255612345,
    1.486193255612345,
    1.486193255612345,
    1.486193255612345,
    1.486193255612345,
    1.486193255612345,
    1.486193255612345,
    1.968054973488068,
    1.968054973488068,
    1.968054973488068,
    1.968054973488068,
    1.968054973488068,
    1.968054973488068,
    1.968054973488068,
    1.968054973488068,
    1.968054973488068,
    1.968054973488068,
    1.968054973488068,
    1.968054973488068,
    1.968054973488068
  ],
  "x_hist": [
    [
      37.5287639642604,
      26.91773629614788
    ],
    [
      42.03630598607403,
      84.26997486831613
    ],
    [
      37.44668562154183,
      60.29897548252391
    ],
    [
      35.48393890674565,
      94.94361745496738
    ],
    [
      30.148598999999777,
      49.256194251109285
    ],
    [
      26.332529999999636,
      50.75139652211307
    ],
    [
      42.04819271644504,
      19.95986456313124
    ],
    [
      43.15324799999988,
      49.80644729813726
    ],
    [
      42.349365925427506,
      51.68134232422675
    ],
    [
      37.52987700000009,
      53.68122940266476
    ],
    [
      35.701885123808836,
      55.18621527479079
    ],
    [
      39.229832009999384,
      57.71476613835181
    ],
    [
      38.33438834999996,
      58.44592514647611
    ],
    [
      35.8096057903139,
      69.02752086755608
    ],
    [
      40.8942870000001,
      63.7287142778469
    ],
    [
      39.633383609999676,
      58.71193055086302
    ],
    [
      42.834122999999536,
      61.13498131873914
    ],
    [
      41.057581189908134,
      61.99112505500065
    ],
    [
      41.97390332198082,
      63.405687949962356
    ],
    [
      45.875855999999494,
      61.971246146563196
    ],
    [
      42.665291999999894,
      64.17156140276876
    ],
    [
      37.56434179481704,
      65.99228961397372
    ],
    [
      36.948791999999415,
      67.37938143506399
    ],
    [
      52.36791299999944,
      61.25684396703845
    ],
    [
      42.231532428987144,
      67.14015513235218
    ],
    [
      36.67684199999985,
      69.27108846175109
    ],
    [
      50.751419999999946,
      65.22174826892642
    ],
    [
      41.399022581511126,
      69.4806678788119
    ],
    [
      37.891744377059425,
      70.10171806912226
    ],
    [
      43.90227600000007,
      69.88064291018797
    ]
  ],
  "y_hist": [
    -0.42135243899515085,
    -0.3144370719240541,
    0.16357483524309432,
    -0.1376399802137754,
    0.4429218703790188,
    0.3910573507731312,
    0.020510407451066973,
    1.4285646666273453,
    0.8647988699321041,
    -0.5473878644396147,
    1.486193255612345,
    0.3189935745244685,
    1.030627230206929,
    0.3614500719194548,
    1.3157430671107573,
    0.47652865561276964,
    1.407860333236462,
    1.968054973488068,
    1.3838431749024285,
    0.9839590038115535,
    0.7902793746681421,
    0.40273865776075346,
    0.23681084144001122,
    0.2689542618297598,
    0.2879150239101222,
    0.0648793629769735,
    -0.42135243899515085,
    0.8037015836769549,
    -0.2957903678786178,
    -0.09651301379362355
  ],
  "eval_count": 30,
  "evals_to_f_best": 18,
  "total_time": 0.8455079169943929,
  "deviation_from_optimum": 0.0,
  "optimum": 1.968054973488068,
  "optimum_x": [
    41.057581189908134,
    61.99112505500065
  ],
  "success": true
}