{
  "identifier": "Preprocessed-NO2-2015-158",
  "best_x": [
    41.057581189908134,
    61.99112505500065
  ],
  "best_y": 0.877573758721052,
  "best_so_far": [
    -0.9466954884243219,
    -0.9466954884243219,
    0.4143297607056542,
    0.4143297607056542,
    0.4143297607056542,
    0.8301912188876749,
    0.8301912188876749,
    0.8301912188876749,
    0.8301912188876749,
    0.8301912188876749,
    0.8301912188876749,
    0.8301912188876749,
    0.8301912188876749,
    0.8301912188876749,
    0.8301912188876749,
    0.8301912188876749,
    0.8301912188876749,
    0.877573758721052,
    0.877573758721052,
    0.877573758721052,
    0.877573758721052,
    0.877573758721052,
    0.877573758721052,
    0.877573758721052,
    0.877573758721052,
    0.877573758721052,
    0.877573758721052,
    0.877573758721052,
    0.877573758721052,
    0.877573758721052
  ],
  "x_hist": [
    [
      37.5287639642604,
      26.91773629614788
    ],
    [
      47.829233999999445,
      82.35014112354563
    ],
    [
      31.884638999999517,
      58.65023680944083
    ],
    [
      35.48393890674565,
      94.94361745496738
    ],
    [
      30.148598999999777,
      49.256194251109285
    ],
    [
      35.701885123808836,
      55.18621527479079
    ],
    [
      37.52987700000009,
      53.68122940266476
    ],
    [
      42.03630598607403,
      84.26997486831613
    ],
    [
      32.13036654481498,
      89.6343673225596
    ],
    [
      26.332529999999636,
      50.75139652211307
    ],
    [
      43.15324799999988,
      49.80644729813726
    ],
    [
      37.44668562154183,
      60.29897548252391
    ],
    [
      24.43649077494007,
      62.13278598136728
    ],
    [
      38.33438834999996,
      58.44592514647611
    ],
    [
      39.229832009999384,
      57.71476613835181
    ],
    [
      39.633383609999676,
      58.71193055086302
    ],
    [
      37.56434179481704,
      65.99228961397372
    ],
    [
      41.057581189908134,
      61.99112505500065
    ],
    [
      42.834122999999536,
      61.13498131873914
    ],
    [
      40.8942870000001,
      63.7287142778469
    ],
    [
      41.97390332198082,
      63.405687949962356
    ],
    [
      45.875855999999494,
      61.971246146563196
    ],
    [
      42.665291999999894,
      64.17156140276876
    ],
    [
      36.948791999999415,
      67.37938143506399
    ],
    [
      42.231532428987144,
      67.14015513235218
    ],
    [
      35.8096057903139,
      69.02752086755608
    ],
    [
      36.67684199999985,
      69.27108846175109
    ],
    [
      37.891744377059425,
      70.10171806912226
    ],
    [
      41.399022581511126,
      69.4806678788119
    ],
    [
      38.273022000000154,
      71.34598861519042
    ]
  ],
  "y_hist": [
    -0.9466954884243219,
    -1.0199314946212388,
    0.4143297607056542,
    -1.4122505575235875,
    -0.10464875388651942,
    0.8301912188876749,
    -0.7214483275478379,
    -1.3178143655968764,
    0.05757501585055113,
    -0.06440397401685785,
    0.6190894630771556,
    -0.22343706701290258,
    -0.7091948687055835,
    0.1973074991613457,
    -0.20588083913053945,
    0.8258086161467119,
    0.30042376606945126,
    0.877573758721052,
    0.40273865776075346,
    0.6291299043423599,
    0.4875657669025717,
    0.21059112897277193,
    0.32513280750974444,
    -0.1293239457993056,
    0.2497509247894571,
    0.32513280750974444,
    -0.5148730832433084,
    -0.16286814335125438,
    0.0428588158939921,
    -0.1376399802137754
  ],
  "eval_count": 30,
  "evals_to_f_best": 18,
  "total_time": 0.8046777499839664,
  "deviation_from_optimum": 0.0,
  "optimum": 0.877573758721052,
  "optimum_x": [
    41.057581189908134,
    61.99112505500065
  ],
  "success": true
}