{
  "identifier": "Preprocessed-NO2-2015-276",
  "best_x": [
    43.15324799999988,
    49.80644729813726
  ],
  "best_y": 1.6919202148575907,
  "best_so_far": [
    0.5936905428298341,
    0.5936905428298341,
    1.2040167373154,
    1.2040167373154,
    1.2040167373154,
    1.2040167373154,
    1.2837367292855522,
    1.2837367292855522,
    1.2837367292855522,
    1.2837367292855522,
    1.2837367292855522,
    1.6919202148575907,
    1.6919202148575907,
    1.6919202148575907,
    1.6919202148575907,
    1.6919202148575907,
    1.6919202148575907,
    1.6919202148575907,
    1.6919202148575907,
    1.6919202148575907,
    1.6919202148575907,
    1.6919202148575907,
    1.6919202148575907,
    1.6919202148575907,
    1.6919202148575907,
    1.6919202148575907,
    1.6919202148575907,
    1.6919202148575907,
    1.6919202148575907,
    1.6919202148575907
  ],
  "x_hist": [
    [
      37.5287639642604,
      26.91773629614788
    ],
    [
      47.829233999999445,
      82.35014112354563
    ],
    [
      31.884638999999517,
      58.65023680944083
    ],
    [
      35.48393890674565,
      94.94361745496738
    ],
    [
      16.28216201918641,
      83.86135661828055
    ],
    [
      24.43649077494007,
      62.13278598136728
    ],
    [
      42.834122999999536,
      61.13498131873914
    ],
    [
      26.332529999999636,
      50.75139652211307
    ],
    [
      37.56434179481704,
      65.99228961397372
    ],
    [
      41.744879999999405,
      100.4720072707649
    ],
    [
      37.44668562154183,
      60.29897548252391
    ],
    [
      43.15324799999988,
      49.80644729813726
    ],
    [
      42.349365925427506,
      51.68134232422675
    ],
    [
      37.52987700000009,
      53.68122940266476
    ],
    [
      39.229832009999384,
      57.71476613835181
    ],
    [
      39.633383609999676,
      58.71193055086302
    ],
    [
      38.33438834999996,
      58.44592514647611
    ],
    [
      45.875855999999494,
      61.971246146563196
    ],
    [
      30.148598999999777,
      49.256194251109285
    ],
    [
      41.057581189908134,
      61.99112505500065
    ],
    [
      52.36791299999944,
      61.25684396703845
    ],
    [
      41.97390332198082,
      63.405687949962356
    ],
    [
      42.665291999999894,
      64.17156140276876
    ],
    [
      40.8942870000001,
      63.7287142778469
    ],
    [
      50.751419999999946,
      65.22174826892642
    ],
    [
      42.231532428987144,
      67.14015513235218
    ],
    [
      43.90227600000007,
      69.88064291018797
    ],
    [
      36.67684199999985,
      69.27108846175109
    ],
    [
      35.8096057903139,
      69.02752086755608
    ],
    [
      37.891744377059425,
      70.10171806912226
    ]
  ],
  "y_hist": [
    0.5936905428298341,
    0.2302987254886017,
    1.2040167373154,
    0.46540978719812554,
    0.3312470333667223,
    0.6241180787431883,
    1.2837367292855522,
    1.0267931530969379,
    1.0458663496505578,
    -0.08842113235089138,
    0.8605162982041191,
    1.6919202148575907,
    1.0496520776911848,
    0.6734988598682657,
    0.9111179562730009,
    1.533495939704998,
    1.541690902948854,
    1.0035807259961464,
    1.425624331950696,
    1.5579478167922376,
    0.7767360613858838,
    1.3408656681417577,
    0.9560504107252771,
    1.4314992528454376,
    0.4429218703790188,
    0.8818080079955526,
    0.8605162982041191,
    0.6928051115125216,
    1.1125902398960656,
    0.5626334272284822
  ],
  "eval_count": 30,
  "evals_to_f_best": 12,
  "total_time": 0.812359750008909,
  "deviation_from_optimum": 0.0,
  "optimum": 1.6919202148575907,
  "optimum_x": [
    43.15324799999988,
    49.80644729813726
  ],
  "success": true
}