{
  "identifier": "Preprocessed-NO2-2015-338",
  "best_x": [
    41.057581189908134,
    61.99112505500065
  ],
  "best_y": 1.9453271558023322,
  "best_so_far": [
    -0.37180865545128106,
    -0.056482898260752916,
    0.47097951667751753,
    0.47097951667751753,
    0.47097951667751753,
    0.47097951667751753,
    0.47097951667751753,
    0.47097951667751753,
    0.47097951667751753,
    0.47097951667751753,
    1.0943513718461966,
    1.0943513718461966,
    1.0943513718461966,
    1.721209736787358,
    1.721209736787358,
    1.721209736787358,
    1.721209736787358,
    1.721209736787358,
    1.9453271558023322,
    1.9453271558023322,
    1.9453271558023322,
    1.9453271558023322,
    1.9453271558023322,
    1.9453271558023322,
    1.9453271558023322,
    1.9453271558023322,
    1.9453271558023322,
    1.9453271558023322,
    1.9453271558023322,
    1.9453271558023322
  ],
  "x_hist": [
    [
      37.5287639642604,
      26.91773629614788
    ],
    [
      47.829233999999445,
      82.35014112354563
    ],
    [
      31.884638999999517,
      58.65023680944083
    ],
    [
      35.48393890674565,
      94.94361745496738
    ],
    [
      42.04819271644504,
      19.95986456313124
    ],
    [
      30.148598999999777,
      49.256194251109285
    ],
    [
      26.332529999999636,
      50.75139652211307
    ],
    [
      24.43649077494007,
      62.13278598136728
    ],
    [
      37.52987700000009,
      53.68122940266476
    ],
    [
      34.87819799999964,
      76.08489822384199
    ],
    [
      38.33438834999996,
      58.44592514647611
    ],
    [
      42.665291999999894,
      64.17156140276876
    ],
    [
      37.56434179481704,
      65.99228961397372
    ],
    [
      35.701885123808836,
      55.18621527479079
    ],
    [
      42.349365925427506,
      51.68134232422675
    ],
    [
      39.229832009999384,
      57.71476613835181
    ],
    [
      39.633383609999676,
      58.71193055086302
    ],
    [
      43.15324799999988,
      49.80644729813726
    ],
    [
      41.057581189908134,
      61.99112505500065
    ],
    [
      49.543184999999745,
      44.872801955437204
    ],
    [
      42.834122999999536,
      61.13498131873914
    ],
    [
      40.8942870000001,
      63.7287142778469
    ],
    [
      41.97390332198082,
      63.405687949962356
    ],
    [
      45.875855999999494,
      61.971246146563196
    ],
    [
      36.948791999999415,
      67.37938143506399
    ],
    [
      35.8096057903139,
      69.02752086755608
    ],
    [
      36.67684199999985,
      69.27108846175109
    ],
    [
      41.399022581511126,
      69.4806678788119
    ],
    [
      38.273022000000154,
      71.34598861519042
    ],
    [
      34.88452499999944,
      72.97514525247436
    ]
  ],
  "y_hist": [
    -0.37180865545128106,
    -0.056482898260752916,
    0.47097951667751753,
    -0.025210092696396947,
    0.1220687703558549,
    0.2941824249672388,
    0.37928442475581914,
    -0.5041894767726118,
    -1.050256573937683,
    -0.9902069515690378,
    1.0943513718461966,
    0.7023659105392768,
    -0.5694623853947889,
    1.721209736787358,
    0.7353571368665328,
    0.8170048350594039,
    0.5678544424834099,
    1.134188315720291,
    1.9453271558023322,
    -0.00981467186537667,
    1.4946498434584867,
    1.6417973485657291,
    1.3125729701089148,
    0.9152587599264133,
    -0.056482898260752916,
    -0.25917781199646434,
    -0.08842113235089138,
    0.4200919189235251,
    0.902801921858531,
    -0.3238480141771158
  ],
  "eval_count": 30,
  "evals_to_f_best": 19,
  "total_time": 0.8084495829825755,
  "deviation_from_optimum": 0.0,
  "optimum": 1.9453271558023322,
  "optimum_x": [
    41.057581189908134,
    61.99112505500065
  ],
  "success": true
}