{
  "identifier": "Preprocessed-NO2-2015-324",
  "best_x": [
    41.97390332198082,
    63.405687949962356
  ],
  "best_y": 1.7664467322205581,
  "best_so_far": [
    -0.07236707159159764,
    -0.07236707159159764,
    1.3030223098558293,
    1.3030223098558293,
    1.3030223098558293,
    1.4833637724513253,
    1.4833637724513253,
    1.4833637724513253,
    1.4833637724513253,
    1.4833637724513253,
    1.4833637724513253,
    1.4833637724513253,
    1.4833637724513253,
    1.4833637724513253,
    1.4833637724513253,
    1.4833637724513253,
    1.4833637724513253,
    1.4833637724513253,
    1.4833637724513253,
    1.4833637724513253,
    1.4833637724513253,
    1.4833637724513253,
    1.4833637724513253,
    1.4833637724513253,
    1.4833637724513253,
    1.4833637724513253,
    1.4833637724513253,
    1.4833637724513253,
    1.7664467322205581,
    1.7664467322205581
  ],
  "x_hist": [
    [
      37.5287639642604,
      26.91773629614788
    ],
    [
      47.829233999999445,
      82.35014112354563
    ],
    [
      31.884638999999517,
      58.65023680944083
    ],
    [
      35.48393890674565,
      94.94361745496738
    ],
    [
      32.476458372216044,
      74.63865922449735
    ],
    [
      32.13036654481498,
      89.6343673225596
    ],
    [
      33.36529397954962,
      85.15777905758739
    ],
    [
      45.64222666408809,
      111.9064932186795
    ],
    [
      37.36426499999942,
      87.78778327994611
    ],
    [
      34.87819799999964,
      76.08489822384199
    ],
    [
      38.28112499999941,
      76.69191621993401
    ],
    [
      38.67794999999997,
      75.22449383515101
    ],
    [
      41.744879999999405,
      100.4720072707649
    ],
    [
      42.03630598607403,
      84.26997486831613
    ],
    [
      16.28216201918641,
      83.86135661828055
    ],
    [
      34.88452499999944,
      72.97514525247436
    ],
    [
      38.273022000000154,
      71.34598861519042
    ],
    [
      37.891744377059425,
      70.10171806912226
    ],
    [
      36.67684199999985,
      69.27108846175109
    ],
    [
      35.8096057903139,
      69.02752086755608
    ],
    [
      41.399022581511126,
      69.4806678788119
    ],
    [
      36.948791999999415,
      67.37938143506399
    ],
    [
      43.90227600000007,
      69.88064291018797
    ],
    [
      48.23260800000003,
      72.10088596806122
    ],
    [
      37.56434179481704,
      65.99228961397372
    ],
    [
      40.8942870000001,
      63.7287142778469
    ],
    [
      42.665291999999894,
      64.17156140276876
    ],
    [
      24.43649077494007,
      62.13278598136728
    ],
    [
      41.97390332198082,
      63.405687949962356
    ],
    [
      41.057581189908134,
      61.99112505500065
    ]
  ],
  "y_hist": [
    -0.07236707159159764,
    -0.22343706701290258,
    1.3030223098558293,
    0.6490115244364324,
    0.3851824298783897,
    1.4833637724513253,
    -0.01749264447536001,
    -0.20588083913053945,
    1.0496520776911848,
    0.45420794138618037,
    0.3128291290126751,
    0.17038228624168394,
    0.07938228133053304,
    0.49852231461821545,
    0.2561793730408118,
    -0.3620931498670632,
    1.2040167373154,
    0.3494416848948279,
    0.2561793730408118,
    0.7023659105392768,
    0.8818080079955526,
    1.0344515389570137,
    0.4143297607056542,
    0.08658152953127377,
    0.24329482721324636,
    1.398898871559435,
    1.030627230206929,
    0.1360320373023964,
    1.7664467322205581,
    1.657010725812456
  ],
  "eval_count": 30,
  "evals_to_f_best": 29,
  "total_time": 0.8184759159921668,
  "deviation_from_optimum": 0.3179650690005742,
  "optimum": 2.0844118012211323,
  "optimum_x": [
    35.701885123808836,
    55.18621527479079
  ],
  "success": false
}