{
  "identifier": "Preprocessed-NO2-2015-331",
  "best_x": [
    40.8942870000001,
    63.7287142778469
  ],
  "best_y": 1.6968416631104164,
  "best_so_far": [
    -0.16286814335125438,
    0.3554578868261881,
    0.3554578868261881,
    0.3554578868261881,
    0.3554578868261881,
    0.6686332466210254,
    0.6686332466210254,
    0.6686332466210254,
    0.6686332466210254,
    0.6686332466210254,
    0.6686332466210254,
    0.6686332466210254,
    0.6686332466210254,
    0.6686332466210254,
    0.6686332466210254,
    0.6686332466210254,
    0.902801921858531,
    0.902801921858531,
    0.902801921858531,
    0.902801921858531,
    0.902801921858531,
    0.902801921858531,
    0.902801921858531,
    0.902801921858531,
    0.902801921858531,
    0.902801921858531,
    0.902801921858531,
    1.6968416631104164,
    1.6968416631104164,
    1.6968416631104164
  ],
  "x_hist": [
    [
      37.5287639642604,
      26.91773629614788
    ],
    [
      47.829233999999445,
      82.35014112354563
    ],
    [
      24.43649077494007,
      62.13278598136728
    ],
    [
      35.48393890674565,
      94.94361745496738
    ],
    [
      41.744879999999405,
      100.4720072707649
    ],
    [
      37.36426499999942,
      87.78778327994611
    ],
    [
      32.13036654481498,
      89.6343673225596
    ],
    [
      45.64222666408809,
      111.9064932186795
    ],
    [
      16.28216201918641,
      83.86135661828055
    ],
    [
      42.03630598607403,
      84.26997486831613
    ],
    [
      33.36529397954962,
      85.15777905758739
    ],
    [
      38.28112499999941,
      76.69191621993401
    ],
    [
      34.87819799999964,
      76.08489822384199
    ],
    [
      38.67794999999997,
      75.22449383515101
    ],
    [
      32.476458372216044,
      74.63865922449735
    ],
    [
      34.88452499999944,
      72.97514525247436
    ],
    [
      38.273022000000154,
      71.34598861519042
    ],
    [
      48.23260800000003,
      72.10088596806122
    ],
    [
      37.891744377059425,
      70.10171806912226
    ],
    [
      43.90227600000007,
      69.88064291018797
    ],
    [
      36.67684199999985,
      69.27108846175109
    ],
    [
      41.399022581511126,
      69.4806678788119
    ],
    [
      35.8096057903139,
      69.02752086755608
    ],
    [
      36.948791999999415,
      67.37938143506399
    ],
    [
      37.56434179481704,
      65.99228961397372
    ],
    [
      52.47880277699992,
      66.40439581530941
    ],
    [
      42.665291999999894,
      64.17156140276876
    ],
    [
      40.8942870000001,
      63.7287142778469
    ],
    [
      50.751419999999946,
      65.22174826892642
    ],
    [
      41.97390332198082,
      63.405687949962356
    ]
  ],
  "y_hist": [
    -0.16286814335125438,
    0.3554578868261881,
    -0.5918663889551277,
    -0.23229278811206575,
    -1.4719023952410504,
    0.6686332466210254,
    0.4429218703790188,
    -1.0049956462913712,
    0.012986379805319194,
    -0.21463328592559464,
    -0.5918663889551277,
    -0.7714876402425467,
    -0.7091948687055835,
    -0.536471159067533,
    -0.17992560386818662,
    -0.09651301379362355,
    0.902801921858531,
    0.2753011650384508,
    -0.5473878644396147,
    -0.06440397401685785,
    0.306639263035121,
    0.8818080079955526,
    -0.4416370770463908,
    -0.536471159067533,
    -0.25917781199646434,
    0.2879150239101222,
    0.7492772400807753,
    1.6968416631104164,
    0.10087726018212535,
    1.2576310213277253
  ],
  "eval_count": 30,
  "evals_to_f_best": 28,
  "total_time": 0.8511744170100428,
  "deviation_from_optimum": 0.1781613019036563,
  "optimum": 1.8750029650140727,
  "optimum_x": [
    35.701885123808836,
    55.18621527479079
  ],
  "success": false
}