{
  "identifier": "Preprocessed-NO2-2015-358",
  "best_x": [
    35.701885123808836,
    55.18621527479079
  ],
  "best_y": 1.3157430671107573,
  "best_so_far": [
    -0.9324675110684087,
    -0.6261121413666523,
    0.2302987254886017,
    0.2302987254886017,
    0.2302987254886017,
    0.2302987254886017,
    0.6539410538995897,
    0.6539410538995897,
    0.6539410538995897,
    0.6539410538995897,
    0.6539410538995897,
    0.6539410538995897,
    0.6539410538995897,
    0.6539410538995897,
    0.6539410538995897,
    1.3157430671107573,
    1.3157430671107573,
    1.3157430671107573,
    1.3157430671107573,
    1.3157430671107573,
    1.3157430671107573,
    1.3157430671107573,
    1.3157430671107573,
    1.3157430671107573,
    1.3157430671107573,
    1.3157430671107573,
    1.3157430671107573,
    1.3157430671107573,
    1.3157430671107573,
    1.3157430671107573
  ],
  "x_hist": [
    [
      37.5287639642604,
      26.91773629614788
    ],
    [
      47.829233999999445,
      82.35014112354563
    ],
    [
      31.884638999999517,
      58.65023680944083
    ],
    [
      35.48393890674565,
      94.94361745496738
    ],
    [
      24.43649077494007,
      62.13278598136728
    ],
    [
      16.28216201918641,
      83.86135661828055
    ],
    [
      43.15324799999988,
      49.80644729813726
    ],
    [
      42.04819271644504,
      19.95986456313124
    ],
    [
      39.229832009999384,
      57.71476613835181
    ],
    [
      30.148598999999777,
      49.256194251109285
    ],
    [
      48.23260800000003,
      72.10088596806122
    ],
    [
      42.349365925427506,
      51.68134232422675
    ],
    [
      49.543184999999745,
      44.872801955437204
    ],
    [
      26.332529999999636,
      50.75139652211307
    ],
    [
      37.52987700000009,
      53.68122940266476
    ],
    [
      35.701885123808836,
      55.18621527479079
    ],
    [
      38.33438834999996,
      58.44592514647611
    ],
    [
      37.44668562154183,
      60.29897548252391
    ],
    [
      39.633383609999676,
      58.71193055086302
    ],
    [
      42.834122999999536,
      61.13498131873914
    ],
    [
      41.057581189908134,
      61.99112505500065
    ],
    [
      40.8942870000001,
      63.7287142778469
    ],
    [
      41.97390332198082,
      63.405687949962356
    ],
    [
      42.665291999999894,
      64.17156140276876
    ],
    [
      37.56434179481704,
      65.99228961397372
    ],
    [
      45.875855999999494,
      61.971246146563196
    ],
    [
      36.948791999999415,
      67.37938143506399
    ],
    [
      35.8096057903139,
      69.02752086755608
    ],
    [
      36.67684199999985,
      69.27108846175109
    ],
    [
      41.399022581511126,
      69.4806678788119
    ]
  ],
  "y_hist": [
    -0.9324675110684087,
    -0.6261121413666523,
    0.2302987254886017,
    -0.5473878644396147,
    -1.1614956320610277,
    -0.90440986476991,
    0.6539410538995897,
    -0.09651301379362355,
    0.30042376606945126,
    -0.1971791314425059,
    -0.14600234374976137,
    -0.002175773076444545,
    -0.1885275779677678,
    0.17038228624168394,
    -1.3178143655968764,
    1.3157430671107573,
    0.6039017412048809,
    -1.1780818822860812,
    -0.04860340314627779,
    0.7992408363451698,
    0.964077383717481,
    0.7992408363451698,
    -0.032967424547850586,
    -0.09651301379362355,
    -0.8498205626184295,
    0.5782423065883675,
    -0.8364778936765329,
    -1.3548789739963605,
    -0.8364778936765329,
    0.18390526394342624
  ],
  "eval_count": 30,
  "evals_to_f_best": 16,
  "total_time": 0.8141130840231199,
  "deviation_from_optimum": 0.0,
  "optimum": 1.3157430671107573,
  "optimum_x": [
    35.701885123808836,
    55.18621527479079
  ],
  "success": true
}