{
  "identifier": "Preprocessed-NO2-2015-312",
  "best_x": [
    43.15324799999988,
    49.80644729813726
  ],
  "best_y": 1.1589994652775206,
  "best_so_far": [
    -0.5583845463880237,
    0.020510407451066973,
    0.5255688188289981,
    0.5255688188289981,
    0.5255688188289981,
    0.5255688188289981,
    0.5255688188289981,
    0.5255688188289981,
    0.5255688188289981,
    0.8475947804834877,
    0.8475947804834877,
    0.8475947804834877,
    0.8475947804834877,
    0.8475947804834877,
    0.8475947804834877,
    1.1589994652775206,
    1.1589994652775206,
    1.1589994652775206,
    1.1589994652775206,
    1.1589994652775206,
    1.1589994652775206,
    1.1589994652775206,
    1.1589994652775206,
    1.1589994652775206,
    1.1589994652775206,
    1.1589994652775206,
    1.1589994652775206,
    1.1589994652775206,
    1.1589994652775206,
    1.1589994652775206
  ],
  "x_hist": [
    [
      37.5287639642604,
      26.91773629614788
    ],
    [
      47.829233999999445,
      82.35014112354563
    ],
    [
      31.884638999999517,
      58.65023680944083
    ],
    [
      16.28216201918641,
      83.86135661828055
    ],
    [
      24.43649077494007,
      62.13278598136728
    ],
    [
      38.67794999999997,
      75.22449383515101
    ],
    [
      26.332529999999636,
      50.75139652211307
    ],
    [
      33.36529397954962,
      85.15777905758739
    ],
    [
      30.148598999999777,
      49.256194251109285
    ],
    [
      35.701885123808836,
      55.18621527479079
    ],
    [
      37.52987700000009,
      53.68122940266476
    ],
    [
      42.349365925427506,
      51.68134232422675
    ],
    [
      38.33438834999996,
      58.44592514647611
    ],
    [
      39.229832009999384,
      57.71476613835181
    ],
    [
      37.44668562154183,
      60.29897548252391
    ],
    [
      43.15324799999988,
      49.80644729813726
    ],
    [
      49.543184999999745,
      44.872801955437204
    ],
    [
      39.633383609999676,
      58.71193055086302
    ],
    [
      42.04819271644504,
      19.95986456313124
    ],
    [
      41.057581189908134,
      61.99112505500065
    ],
    [
      42.834122999999536,
      61.13498131873914
    ],
    [
      40.8942870000001,
      63.7287142778469
    ],
    [
      41.97390332198082,
      63.405687949962356
    ],
    [
      37.56434179481704,
      65.99228961397372
    ],
    [
      42.665291999999894,
      64.17156140276876
    ],
    [
      45.875855999999494,
      61.971246146563196
    ],
    [
      36.948791999999415,
      67.37938143506399
    ],
    [
      35.8096057903139,
      69.02752086755608
    ],
    [
      42.231532428987144,
      67.14015513235218
    ],
    [
      36.67684199999985,
      69.27108846175109
    ]
  ],
  "y_hist": [
    -0.5583845463880237,
    0.020510407451066973,
    0.5255688188289981,
    -0.8101431765837047,
    -1.0969248003330587,
    -1.1614956320610277,
    -0.00981467186537667,
    -1.112808973663904,
    0.1220687703558549,
    0.8475947804834877,
    -0.5694623853947889,
    0.4820573556842821,
    0.7902793746681421,
    0.5039707430047735,
    -0.8768670668292121,
    1.1589994652775206,
    -0.056482898260752916,
    0.18390526394342624,
    -0.5041894767726118,
    1.0980169179228576,
    1.12702343160358,
    1.053428281877625,
    0.2039640083957735,
    -0.7714876402425467,
    0.16357483524309432,
    0.5573941884976809,
    -0.28655316720482793,
    -0.5148730832433084,
    -0.4416370770463908,
    -0.7462594771050677
  ],
  "eval_count": 30,
  "evals_to_f_best": 16,
  "total_time": 0.8484907500096597,
  "deviation_from_optimum": 0.0,
  "optimum": 1.1589994652775206,
  "optimum_x": [
    43.15324799999988,
    49.80644729813726
  ],
  "success": true
}