{
  "identifier": "Preprocessed-NO2-2015-244",
  "best_x": [
    41.97390332198082,
    63.405687949962356
  ],
  "best_y": 1.5579478167922376,
  "best_so_far": [
    -0.48304771357462556,
    -0.48304771357462556,
    0.7260048301482523,
    0.7260048301482523,
    0.8818080079955526,
    1.5030590552138379,
    1.5030590552138379,
    1.5579478167922376,
    1.5579478167922376,
    1.5579478167922376,
    1.5579478167922376,
    1.5579478167922376,
    1.5579478167922376,
    1.5579478167922376,
    1.5579478167922376,
    1.5579478167922376,
    1.5579478167922376,
    1.5579478167922376,
    1.5579478167922376,
    1.5579478167922376,
    1.5579478167922376,
    1.5579478167922376,
    1.5579478167922376,
    1.5579478167922376,
    1.5579478167922376,
    1.5579478167922376,
    1.5579478167922376,
    1.5579478167922376,
    1.5579478167922376,
    1.5579478167922376
  ],
  "x_hist": [
    [
      37.5287639642604,
      26.91773629614788
    ],
    [
      47.829233999999445,
      82.35014112354563
    ],
    [
      31.884638999999517,
      58.65023680944083
    ],
    [
      35.48393890674565,
      94.94361745496738
    ],
    [
      30.148598999999777,
      49.256194251109285
    ],
    [
      43.15324799999988,
      49.80644729813726
    ],
    [
      37.56434179481704,
      65.99228961397372
    ],
    [
      41.97390332198082,
      63.405687949962356
    ],
    [
      45.64222666408809,
      111.9064932186795
    ],
    [
      39.229832009999384,
      57.71476613835181
    ],
    [
      38.67794999999997,
      75.22449383515101
    ],
    [
      48.23260800000003,
      72.10088596806122
    ],
    [
      43.90227600000007,
      69.88064291018797
    ],
    [
      41.399022581511126,
      69.4806678788119
    ],
    [
      38.28112499999941,
      76.69191621993401
    ],
    [
      42.231532428987144,
      67.14015513235218
    ],
    [
      45.875855999999494,
      61.971246146563196
    ],
    [
      38.273022000000154,
      71.34598861519042
    ],
    [
      41.057581189908134,
      61.99112505500065
    ],
    [
      37.52987700000009,
      53.68122940266476
    ],
    [
      40.8942870000001,
      63.7287142778469
    ],
    [
      42.665291999999894,
      64.17156140276876
    ],
    [
      39.633383609999676,
      58.71193055086302
    ],
    [
      38.33438834999996,
      58.44592514647611
    ],
    [
      37.44668562154183,
      60.29897548252391
    ],
    [
      36.948791999999415,
      67.37938143506399
    ],
    [
      37.891744377059425,
      70.10171806912226
    ],
    [
      50.751419999999946,
      65.22174826892642
    ],
    [
      52.36791299999944,
      61.25684396703845
    ],
    [
      36.67684199999985,
      69.27108846175109
    ]
  ],
  "y_hist": [
    -0.48304771357462556,
    -0.5148730832433084,
    0.7260048301482523,
    -0.41131199772994653,
    0.8818080079955526,
    1.5030590552138379,
    1.1413191622544319,
    1.5579478167922376,
    -0.6261121413666523,
    0.3189935745244685,
    0.3910573507731312,
    -0.27737246352457,
    0.43155029801914585,
    1.2966212751131183,
    0.10087726018212535,
    0.7721943321343866,
    0.6140439444695442,
    0.9839590038115535,
    1.448987299656614,
    -0.032967424547850586,
    1.2772527435123175,
    0.6783487522052433,
    0.9760379280554485,
    0.9839590038115535,
    0.2941824249672388,
    0.3910573507731312,
    0.24329482721324636,
    -0.25917781199646434,
    0.3494416848948279,
    0.2689542618297598
  ],
  "eval_count": 30,
  "evals_to_f_best": 8,
  "total_time": 0.8062177910178434,
  "deviation_from_optimum": 0.21785122214660158,
  "optimum": 1.7757990389388392,
  "optimum_x": [
    35.701885123808836,
    55.18621527479079
  ],
  "success": false
}