{
  "identifier": "Preprocessed-NO2-2015-279",
  "best_x": [
    41.057581189908134,
    61.99112505500065
  ],
  "best_y": 1.8596525279363714,
  "best_so_far": [
    0.18390526394342624,
    0.2941824249672388,
    0.2941824249672388,
    0.2941824249672388,
    0.2941824249672388,
    0.2941824249672388,
    0.2941824249672388,
    0.7446515341936887,
    0.7446515341936887,
    0.7446515341936887,
    0.7446515341936887,
    0.7446515341936887,
    0.7446515341936887,
    0.7446515341936887,
    0.7446515341936887,
    0.7446515341936887,
    0.7446515341936887,
    0.7446515341936887,
    0.7446515341936887,
    0.7446515341936887,
    0.7446515341936887,
    0.7446515341936887,
    0.7446515341936887,
    0.7446515341936887,
    0.7446515341936887,
    1.8419147691223627,
    1.8419147691223627,
    1.8419147691223627,
    1.8596525279363714,
    1.8596525279363714
  ],
  "x_hist": [
    [
      37.5287639642604,
      26.91773629614788
    ],
    [
      47.829233999999445,
      82.35014112354563
    ],
    [
      24.43649077494007,
      62.13278598136728
    ],
    [
      35.48393890674565,
      94.94361745496738
    ],
    [
      42.04819271644504,
      19.95986456313124
    ],
    [
      41.744879999999405,
      100.4720072707649
    ],
    [
      38.28112499999941,
      76.69191621993401
    ],
    [
      37.36426499999942,
      87.78778327994611
    ],
    [
      42.03630598607403,
      84.26997486831613
    ],
    [
      48.23260800000003,
      72.10088596806122
    ],
    [
      32.13036654481498,
      89.6343673225596
    ],
    [
      45.64222666408809,
      111.9064932186795
    ],
    [
      34.88452499999944,
      72.97514525247436
    ],
    [
      33.36529397954962,
      85.15777905758739
    ],
    [
      43.90227600000007,
      69.88064291018797
    ],
    [
      34.87819799999964,
      76.08489822384199
    ],
    [
      32.476458372216044,
      74.63865922449735
    ],
    [
      38.273022000000154,
      71.34598861519042
    ],
    [
      37.891744377059425,
      70.10171806912226
    ],
    [
      36.67684199999985,
      69.27108846175109
    ],
    [
      35.8096057903139,
      69.02752086755608
    ],
    [
      42.231532428987144,
      67.14015513235218
    ],
    [
      16.28216201918641,
      83.86135661828055
    ],
    [
      37.56434179481704,
      65.99228961397372
    ],
    [
      42.665291999999894,
      64.17156140276876
    ],
    [
      40.8942870000001,
      63.7287142778469
    ],
    [
      41.97390332198082,
      63.405687949962356
    ],
    [
      50.751419999999946,
      65.22174826892642
    ],
    [
      41.057581189908134,
      61.99112505500065
    ],
    [
      45.875855999999494,
      61.971246146563196
    ]
  ],
  "y_hist": [
    0.18390526394342624,
    0.2941824249672388,
    -0.6261121413666523,
    -0.7338026390371855,
    0.2039640083957735,
    -1.6898264533714813,
    -0.032967424547850586,
    0.7446515341936887,
    0.12906664024458164,
    0.4085453975843075,
    0.49852231461821545,
    -0.7462594771050677,
    0.24329482721324636,
    -0.41131199772994653,
    -0.1885275779677678,
    -0.032967424547850586,
    -0.1971791314425059,
    0.7260048301482523,
    -0.7971470748590601,
    -0.17992560386818662,
    0.23681084144001122,
    -0.1293239457993056,
    -0.16286814335125438,
    -0.20588083913053945,
    0.6190894630771556,
    1.8419147691223627,
    1.541690902948854,
    0.2497509247894571,
    1.8596525279363714,
    0.8475947804834877
  ],
  "eval_count": 30,
  "evals_to_f_best": 29,
  "total_time": 0.834917415981181,
  "deviation_from_optimum": 0.0,
  "optimum": 1.8596525279363714,
  "optimum_x": [
    41.057581189908134,
    61.99112505500065
  ],
  "success": true
}