{
  "identifier": "Preprocessed-NO2-2015-159",
  "best_x": [
    41.057581189908134,
    61.99112505500065
  ],
  "best_y": 1.6109000579101322,
  "best_so_far": [
    -0.21463328592559464,
    -0.21463328592559464,
    0.9439288882786829,
    0.9439288882786829,
    0.9439288882786829,
    0.9439288882786829,
    0.9439288882786829,
    0.9439288882786829,
    0.9439288882786829,
    0.9439288882786829,
    0.9439288882786829,
    0.9439288882786829,
    0.9439288882786829,
    0.9439288882786829,
    1.5498413684354788,
    1.5498413684354788,
    1.6109000579101322,
    1.6109000579101322,
    1.6109000579101322,
    1.6109000579101322,
    1.6109000579101322,
    1.6109000579101322,
    1.6109000579101322,
    1.6109000579101322,
    1.6109000579101322,
    1.6109000579101322,
    1.6109000579101322,
    1.6109000579101322,
    1.6109000579101322,
    1.6109000579101322
  ],
  "x_hist": [
    [
      37.5287639642604,
      26.91773629614788
    ],
    [
      47.829233999999445,
      82.35014112354563
    ],
    [
      31.884638999999517,
      58.65023680944083
    ],
    [
      35.48393890674565,
      94.94361745496738
    ],
    [
      30.148598999999777,
      49.256194251109285
    ],
    [
      32.476458372216044,
      74.63865922449735
    ],
    [
      37.44668562154183,
      60.29897548252391
    ],
    [
      26.332529999999636,
      50.75139652211307
    ],
    [
      38.33438834999996,
      58.44592514647611
    ],
    [
      24.43649077494007,
      62.13278598136728
    ],
    [
      37.56434179481704,
      65.99228961397372
    ],
    [
      43.15324799999988,
      49.80644729813726
    ],
    [
      35.8096057903139,
      69.02752086755608
    ],
    [
      36.948791999999415,
      67.37938143506399
    ],
    [
      39.633383609999676,
      58.71193055086302
    ],
    [
      37.52987700000009,
      53.68122940266476
    ],
    [
      41.057581189908134,
      61.99112505500065
    ],
    [
      39.229832009999384,
      57.71476613835181
    ],
    [
      36.67684199999985,
      69.27108846175109
    ],
    [
      37.891744377059425,
      70.10171806912226
    ],
    [
      34.88452499999944,
      72.97514525247436
    ],
    [
      40.8942870000001,
      63.7287142778469
    ],
    [
      35.701885123808836,
      55.18621527479079
    ],
    [
      41.97390332198082,
      63.405687949962356
    ],
    [
      42.834122999999536,
      61.13498131873914
    ],
    [
      42.665291999999894,
      64.17156140276876
    ],
    [
      42.231532428987144,
      67.14015513235218
    ],
    [
      45.875855999999494,
      61.971246146563196
    ],
    [
      41.399022581511126,
      69.4806678788119
    ],
    [
      38.273022000000154,
      71.34598861519042
    ]
  ],
  "y_hist": [
    -0.21463328592559464,
    -0.6261121413666523,
    0.9439288882786829,
    -1.246322741202846,
    0.1567363706932789,
    0.4820573556842821,
    0.4143297607056542,
    0.1973074991613457,
    0.7023659105392768,
    -0.8101431765837047,
    0.8902408412563207,
    -0.025210092696396947,
    0.8902408412563207,
    0.3189935745244685,
    1.5498413684354788,
    -0.20588083913053945,
    1.6109000579101322,
    0.5201983645404009,
    0.2171891192554189,
    0.08658152953127377,
    0.4485755131171788,
    1.2837367292855522,
    0.7023659105392768,
    1.2209778259423156,
    1.2609191724179765,
    0.46540978719812554,
    0.5093994663631725,
    -0.00981467186537667,
    0.1360320373023964,
    -0.22343706701290258
  ],
  "eval_count": 30,
  "evals_to_f_best": 17,
  "total_time": 0.8120820000185631,
  "deviation_from_optimum": 0.0,
  "optimum": 1.6109000579101322,
  "optimum_x": [
    41.057581189908134,
    61.99112505500065
  ],
  "success": true
}