{
  "identifier": "Preprocessed-NO2-2015-164",
  "best_x": [
    41.057581189908134,
    61.99112505500065
  ],
  "best_y": 1.7041937122857331,
  "best_so_far": [
    -0.5806225882728716,
    -0.5148730832433084,
    0.3554578868261881,
    0.3554578868261881,
    0.3554578868261881,
    0.3554578868261881,
    0.3554578868261881,
    0.3554578868261881,
    0.3554578868261881,
    0.3554578868261881,
    1.505851689270432,
    1.505851689270432,
    1.505851689270432,
    1.505851689270432,
    1.505851689270432,
    1.505851689270432,
    1.505851689270432,
    1.505851689270432,
    1.505851689270432,
    1.505851689270432,
    1.505851689270432,
    1.7041937122857331,
    1.7041937122857331,
    1.7041937122857331,
    1.7041937122857331,
    1.7041937122857331,
    1.7041937122857331,
    1.7041937122857331,
    1.7041937122857331,
    1.7041937122857331
  ],
  "x_hist": [
    [
      37.5287639642604,
      26.91773629614788
    ],
    [
      47.829233999999445,
      82.35014112354563
    ],
    [
      31.884638999999517,
      58.65023680944083
    ],
    [
      35.48393890674565,
      94.94361745496738
    ],
    [
      24.43649077494007,
      62.13278598136728
    ],
    [
      42.231532428987144,
      67.14015513235218
    ],
    [
      30.148598999999777,
      49.256194251109285
    ],
    [
      42.04819271644504,
      19.95986456313124
    ],
    [
      37.56434179481704,
      65.99228961397372
    ],
    [
      33.36529397954962,
      85.15777905758739
    ],
    [
      35.701885123808836,
      55.18621527479079
    ],
    [
      37.44668562154183,
      60.29897548252391
    ],
    [
      37.52987700000009,
      53.68122940266476
    ],
    [
      35.8096057903139,
      69.02752086755608
    ],
    [
      26.332529999999636,
      50.75139652211307
    ],
    [
      38.33438834999996,
      58.44592514647611
    ],
    [
      42.349365925427506,
      51.68134232422675
    ],
    [
      36.948791999999415,
      67.37938143506399
    ],
    [
      43.15324799999988,
      49.80644729813726
    ],
    [
      39.229832009999384,
      57.71476613835181
    ],
    [
      39.633383609999676,
      58.71193055086302
    ],
    [
      41.057581189908134,
      61.99112505500065
    ],
    [
      40.8942870000001,
      63.7287142778469
    ],
    [
      42.834122999999536,
      61.13498131873914
    ],
    [
      41.97390332198082,
      63.405687949962356
    ],
    [
      42.665291999999894,
      64.17156140276876
    ],
    [
      36.67684199999985,
      69.27108846175109
    ],
    [
      37.891744377059425,
      70.10171806912226
    ],
    [
      45.875855999999494,
      61.971246146563196
    ],
    [
      41.399022581511126,
      69.4806678788119
    ]
  ],
  "y_hist": [
    -0.5806225882728716,
    -0.5148730832433084,
    0.3554578868261881,
    -0.3620931498670632,
    -0.5694623853947889,
    0.2941824249672388,
    0.2171891192554189,
    -0.17992560386818662,
    -0.2501625274041636,
    -0.45188312619801335,
    1.505851689270432,
    -0.3144370719240541,
    -0.8768670668292121,
    0.2689542618297598,
    0.3910573507731312,
    0.9317086820670495,
    0.7213067343803942,
    0.09374641364798453,
    0.902801921858531,
    0.306639263035121,
    0.2625804077835235,
    1.7041937122857331,
    0.8258086161467119,
    1.407860333236462,
    0.7902793746681421,
    0.902801921858531,
    -0.42135243899515085,
    -0.26824756993791987,
    0.49852231461821545,
    0.5730573605954337
  ],
  "eval_count": 30,
  "evals_to_f_best": 22,
  "total_time": 0.8062130830076057,
  "deviation_from_optimum": 0.0,
  "optimum": 1.7041937122857331,
  "optimum_x": [
    41.057581189908134,
    61.99112505500065
  ],
  "success": true
}