{
  "identifier": "Preprocessed-NO2-2015-352",
  "best_x": [
    35.701885123808836,
    55.18621527479079
  ],
  "best_y": 1.9944788445245831,
  "best_so_far": [
    0.10087726018212535,
    0.6291299043423599,
    0.7721943321343866,
    0.7721943321343866,
    1.4634066264133159,
    1.4634066264133159,
    1.4634066264133159,
    1.587302430692738,
    1.587302430692738,
    1.587302430692738,
    1.587302430692738,
    1.587302430692738,
    1.587302430692738,
    1.587302430692738,
    1.587302430692738,
    1.9944788445245831,
    1.9944788445245831,
    1.9944788445245831,
    1.9944788445245831,
    1.9944788445245831,
    1.9944788445245831,
    1.9944788445245831,
    1.9944788445245831,
    1.9944788445245831,
    1.9944788445245831,
    1.9944788445245831,
    1.9944788445245831,
    1.9944788445245831,
    1.9944788445245831,
    1.9944788445245831
  ],
  "x_hist": [
    [
      37.5287639642604,
      26.91773629614788
    ],
    [
      47.829233999999445,
      82.35014112354563
    ],
    [
      31.884638999999517,
      58.65023680944083
    ],
    [
      35.48393890674565,
      94.94361745496738
    ],
    [
      38.33438834999996,
      58.44592514647611
    ],
    [
      37.44668562154183,
      60.29897548252391
    ],
    [
      42.04819271644504,
      19.95986456313124
    ],
    [
      43.15324799999988,
      49.80644729813726
    ],
    [
      42.03630598607403,
      84.26997486831613
    ],
    [
      30.148598999999777,
      49.256194251109285
    ],
    [
      42.349365925427506,
      51.68134232422675
    ],
    [
      26.332529999999636,
      50.75139652211307
    ],
    [
      49.543184999999745,
      44.872801955437204
    ],
    [
      37.52987700000009,
      53.68122940266476
    ],
    [
      52.47880277699992,
      66.40439581530941
    ],
    [
      35.701885123808836,
      55.18621527479079
    ],
    [
      39.229832009999384,
      57.71476613835181
    ],
    [
      39.633383609999676,
      58.71193055086302
    ],
    [
      45.55373399999962,
      52.16115606191214
    ],
    [
      42.665291999999894,
      64.17156140276876
    ],
    [
      42.834122999999536,
      61.13498131873914
    ],
    [
      41.057581189908134,
      61.99112505500065
    ],
    [
      45.875855999999494,
      61.971246146563196
    ],
    [
      41.97390332198082,
      63.405687949962356
    ],
    [
      40.8942870000001,
      63.7287142778469
    ],
    [
      37.56434179481704,
      65.99228961397372
    ],
    [
      52.36791299999944,
      61.25684396703845
    ],
    [
      36.948791999999415,
      67.37938143506399
    ],
    [
      50.751419999999946,
      65.22174826892642
    ],
    [
      35.8096057903139,
      69.02752086755608
    ]
  ],
  "y_hist": [
    0.10087726018212535,
    0.6291299043423599,
    0.7721943321343866,
    -0.20588083913053945,
    1.4634066264133159,
    -0.3144370719240541,
    0.3554578868261881,
    1.587302430692738,
    -0.08842113235089138,
    0.40273865776075346,
    0.740011529347584,
    0.6539410538995897,
    0.2753011650384508,
    -0.5583845463880237,
    0.3910573507731312,
    1.9944788445245831,
    0.9839590038115535,
    1.0113581546520458,
    0.5782423065883675,
    0.7902793746681421,
    1.6315687544882393,
    1.752308099846812,
    1.0869933160707101,
    1.3958997888984945,
    1.270740627560908,
    -0.536471159067533,
    -0.40133827085273743,
    -0.7842625290314946,
    0.2497509247894571,
    -0.4416370770463908
  ],
  "eval_count": 30,
  "evals_to_f_best": 16,
  "total_time": 0.8317118749837391,
  "deviation_from_optimum": 0.0,
  "optimum": 1.9944788445245831,
  "optimum_x": [
    35.701885123808836,
    55.18621527479079
  ],
  "success": true
}