{
  "identifier": "Preprocessed-NO2-2015-212",
  "best_x": [
    41.057581189908134,
    61.99112505500065
  ],
  "best_y": 2.0691533178871246,
  "best_so_far": [
    0.5626334272284822,
    0.6291299043423599,
    1.169508542316888,
    1.169508542316888,
    1.169508542316888,
    1.169508542316888,
    1.169508542316888,
    1.169508542316888,
    1.169508542316888,
    1.169508542316888,
    1.6030753293007887,
    1.9823409856164544,
    1.9823409856164544,
    1.9823409856164544,
    1.9823409856164544,
    2.0691533178871246,
    2.0691533178871246,
    2.0691533178871246,
    2.0691533178871246,
    2.0691533178871246,
    2.0691533178871246,
    2.0691533178871246,
    2.0691533178871246,
    2.0691533178871246,
    2.0691533178871246,
    2.0691533178871246,
    2.0691533178871246,
    2.0691533178871246,
    2.0691533178871246,
    2.0691533178871246
  ],
  "x_hist": [
    [
      37.5287639642604,
      26.91773629614788
    ],
    [
      47.829233999999445,
      82.35014112354563
    ],
    [
      31.884638999999517,
      58.65023680944083
    ],
    [
      35.48393890674565,
      94.94361745496738
    ],
    [
      26.332529999999636,
      50.75139652211307
    ],
    [
      30.148598999999777,
      49.256194251109285
    ],
    [
      38.67794999999997,
      75.22449383515101
    ],
    [
      24.43649077494007,
      62.13278598136728
    ],
    [
      37.52987700000009,
      53.68122940266476
    ],
    [
      37.56434179481704,
      65.99228961397372
    ],
    [
      38.33438834999996,
      58.44592514647611
    ],
    [
      43.15324799999988,
      49.80644729813726
    ],
    [
      39.633383609999676,
      58.71193055086302
    ],
    [
      35.701885123808836,
      55.18621527479079
    ],
    [
      39.229832009999384,
      57.71476613835181
    ],
    [
      41.057581189908134,
      61.99112505500065
    ],
    [
      40.8942870000001,
      63.7287142778469
    ],
    [
      45.875855999999494,
      61.971246146563196
    ],
    [
      42.04819271644504,
      19.95986456313124
    ],
    [
      41.97390332198082,
      63.405687949962356
    ],
    [
      42.665291999999894,
      64.17156140276876
    ],
    [
      36.948791999999415,
      67.37938143506399
    ],
    [
      52.36791299999944,
      61.25684396703845
    ],
    [
      42.231532428987144,
      67.14015513235218
    ],
    [
      35.8096057903139,
      69.02752086755608
    ],
    [
      50.751419999999946,
      65.22174826892642
    ],
    [
      36.67684199999985,
      69.27108846175109
    ],
    [
      41.399022581511126,
      69.4806678788119
    ],
    [
      37.891744377059425,
      70.10171806912226
    ],
    [
      38.273022000000154,
      71.34598861519042
    ]
  ],
  "y_hist": [
    0.5626334272284822,
    0.6291299043423599,
    1.169508542316888,
    -0.22343706701290258,
    0.8986265634710048,
    0.7630694385477358,
    -0.2412010657271366,
    0.3494416848948279,
    0.3128291290126751,
    0.3851824298783897,
    1.6030753293007887,
    1.9823409856164544,
    1.4890174151894846,
    1.6845076547445346,
    0.8902408412563207,
    2.0691533178871246,
    1.9009582002764263,
    1.1834071635831742,
    0.5885587758742924,
    1.6645599808154954,
    1.007474477524456,
    -0.056482898260752916,
    0.2753011650384508,
    0.37336315328062836,
    0.6440657526722275,
    0.5936905428298341,
    0.4143297607056542,
    1.0869933160707101,
    -0.27737246352457,
    1.3030223098558293
  ],
  "eval_count": 30,
  "evals_to_f_best": 16,
  "total_time": 0.8380906249803957,
  "deviation_from_optimum": 0.0,
  "optimum": 2.0691533178871246,
  "optimum_x": [
    41.057581189908134,
    61.99112505500065
  ],
  "success": true
}