{
  "identifier": "Preprocessed-NO2-2015-333",
  "best_x": [
    41.057581189908134,
    61.99112505500065
  ],
  "best_y": 1.1729952811029338,
  "best_so_far": [
    -1.9173089689015186,
    -1.786701379177374,
    -1.7374825313144904,
    -1.1450906559588259,
    -1.1450906559588259,
    -0.2501625274041636,
    -0.1376399802137754,
    -0.1376399802137754,
    -0.1376399802137754,
    -0.1376399802137754,
    -0.1376399802137754,
    -0.1376399802137754,
    -0.1376399802137754,
    -0.1376399802137754,
    0.027996908618421364,
    0.027996908618421364,
    0.3312470333667223,
    0.3312470333667223,
    0.3312470333667223,
    0.3312470333667223,
    0.3312470333667223,
    0.3851824298783897,
    0.9439288882786829,
    0.9439288882786829,
    0.9439288882786829,
    0.9439288882786829,
    1.1729952811029338,
    1.1729952811029338,
    1.1729952811029338,
    1.1729952811029338
  ],
  "x_hist": [
    [
      37.5287639642604,
      26.91773629614788
    ],
    [
      47.829233999999445,
      82.35014112354563
    ],
    [
      24.43649077494007,
      62.13278598136728
    ],
    [
      35.48393890674565,
      94.94361745496738
    ],
    [
      16.28216201918641,
      83.86135661828055
    ],
    [
      32.13036654481498,
      89.6343673225596
    ],
    [
      38.273022000000154,
      71.34598861519042
    ],
    [
      37.56434179481704,
      65.99228961397372
    ],
    [
      32.476458372216044,
      74.63865922449735
    ],
    [
      34.87819799999964,
      76.08489822384199
    ],
    [
      41.744879999999405,
      100.4720072707649
    ],
    [
      43.90227600000007,
      69.88064291018797
    ],
    [
      37.36426499999942,
      87.78778327994611
    ],
    [
      38.28112499999941,
      76.69191621993401
    ],
    [
      45.875855999999494,
      61.971246146563196
    ],
    [
      52.36791299999944,
      61.25684396703845
    ],
    [
      43.15324799999988,
      49.80644729813726
    ],
    [
      49.543184999999745,
      44.872801955437204
    ],
    [
      42.349365925427506,
      51.68134232422675
    ],
    [
      37.52987700000009,
      53.68122940266476
    ],
    [
      42.04819271644504,
      19.95986456313124
    ],
    [
      39.229832009999384,
      57.71476613835181
    ],
    [
      42.834122999999536,
      61.13498131873914
    ],
    [
      39.633383609999676,
      58.71193055086302
    ],
    [
      38.33438834999996,
      58.44592514647611
    ],
    [
      35.701885123808836,
      55.18621527479079
    ],
    [
      41.057581189908134,
      61.99112505500065
    ],
    [
      41.97390332198082,
      63.405687949962356
    ],
    [
      37.44668562154183,
      60.29897548252391
    ],
    [
      40.8942870000001,
      63.7287142778469
    ]
  ],
  "y_hist": [
    -1.9173089689015186,
    -1.786701379177374,
    -1.7374825313144904,
    -1.1450906559588259,
    -1.4719023952410504,
    -0.2501625274041636,
    -0.1376399802137754,
    -1.6665540434389587,
    -1.1948534575774183,
    -1.786701379177374,
    -2.730268355443788,
    -1.1288630344231978,
    -1.4719023952410504,
    -1.59882644846033,
    0.027996908618421364,
    -0.5918663889551277,
    0.3312470333667223,
    -0.637703244311553,
    -0.42135243899515085,
    -2.00150152281408,
    -1.451753899802253,
    0.3851824298783897,
    0.9439288882786829,
    -0.37180865545128106,
    0.3674184311641557,
    0.9235062552494142,
    1.1729952811029338,
    0.1973074991613457,
    -1.0199314946212388,
    0.6539410538995897
  ],
  "eval_count": 30,
  "evals_to_f_best": 27,
  "total_time": 0.8140647080144845,
  "deviation_from_optimum": 0.0,
  "optimum": 1.1729952811029338,
  "optimum_x": [
    41.057581189908134,
    61.99112505500065
  ],
  "success": true
}