{
  "identifier": "Preprocessed-NO2-2015-220",
  "best_x": [
    40.8942870000001,
    63.7287142778469
  ],
  "best_y": 1.764099522403016,
  "best_so_far": [
    0.3434012728301221,
    0.3434012728301221,
    1.0229492575969463,
    1.0229492575969463,
    1.0229492575969463,
    1.0229492575969463,
    1.0229492575969463,
    1.0229492575969463,
    1.0229492575969463,
    1.587302430692738,
    1.587302430692738,
    1.587302430692738,
    1.587302430692738,
    1.587302430692738,
    1.587302430692738,
    1.587302430692738,
    1.587302430692738,
    1.6795455332918747,
    1.6795455332918747,
    1.764099522403016,
    1.764099522403016,
    1.764099522403016,
    1.764099522403016,
    1.764099522403016,
    1.764099522403016,
    1.764099522403016,
    1.764099522403016,
    1.764099522403016,
    1.764099522403016,
    1.764099522403016
  ],
  "x_hist": [
    [
      37.5287639642604,
      26.91773629614788
    ],
    [
      47.829233999999445,
      82.35014112354563
    ],
    [
      31.884638999999517,
      58.65023680944083
    ],
    [
      35.48393890674565,
      94.94361745496738
    ],
    [
      37.891744377059425,
      70.10171806912226
    ],
    [
      32.476458372216044,
      74.63865922449735
    ],
    [
      35.8096057903139,
      69.02752086755608
    ],
    [
      37.56434179481704,
      65.99228961397372
    ],
    [
      30.148598999999777,
      49.256194251109285
    ],
    [
      43.15324799999988,
      49.80644729813726
    ],
    [
      42.04819271644504,
      19.95986456313124
    ],
    [
      37.52987700000009,
      53.68122940266476
    ],
    [
      26.332529999999636,
      50.75139652211307
    ],
    [
      39.229832009999384,
      57.71476613835181
    ],
    [
      35.701885123808836,
      55.18621527479079
    ],
    [
      38.33438834999996,
      58.44592514647611
    ],
    [
      39.633383609999676,
      58.71193055086302
    ],
    [
      41.057581189908134,
      61.99112505500065
    ],
    [
      41.97390332198082,
      63.405687949962356
    ],
    [
      40.8942870000001,
      63.7287142778469
    ],
    [
      45.875855999999494,
      61.971246146563196
    ],
    [
      42.665291999999894,
      64.17156140276876
    ],
    [
      36.948791999999415,
      67.37938143506399
    ],
    [
      42.231532428987144,
      67.14015513235218
    ],
    [
      24.43649077494007,
      62.13278598136728
    ],
    [
      36.67684199999985,
      69.27108846175109
    ],
    [
      52.36791299999944,
      61.25684396703845
    ],
    [
      41.399022581511126,
      69.4806678788119
    ],
    [
      43.90227600000007,
      69.88064291018797
    ],
    [
      50.751419999999946,
      65.22174826892642
    ]
  ],
  "y_hist": [
    0.3434012728301221,
    -0.3144370719240541,
    1.0229492575969463,
    -1.0656519947687033,
    -0.45188312619801335,
    0.5626334272284822,
    0.8475947804834877,
    0.2561793730408118,
    0.306639263035121,
    1.587302430692738,
    0.18390526394342624,
    -0.1210537299887212,
    0.5309201270723722,
    0.5573941884976809,
    1.1016735345239845,
    1.4719922000914523,
    1.3470811651074268,
    1.6795455332918747,
    1.0684388106907279,
    1.764099522403016,
    0.55213659863054,
    0.6880017782218253,
    0.10797439100389772,
    0.10087726018212535,
    -0.3524401238504811,
    -0.01749264447536001,
    0.2039640083957735,
    0.17715900372254825,
    -0.22343706701290258,
    0.1567363706932789
  ],
  "eval_count": 30,
  "evals_to_f_best": 20,
  "total_time": 0.8035019589879084,
  "deviation_from_optimum": 0.0,
  "optimum": 1.764099522403016,
  "optimum_x": [
    40.8942870000001,
    63.7287142778469
  ],
  "success": true
}