{
  "identifier": "Preprocessed-NO2-2015-303",
  "best_x": [
    40.8942870000001,
    63.7287142778469
  ],
  "best_y": 1.8284725266982087,
  "best_so_far": [
    0.14296526151086786,
    0.2941824249672388,
    0.9839590038115535,
    0.9839590038115535,
    0.9839590038115535,
    0.9839590038115535,
    0.9839590038115535,
    0.9839590038115535,
    0.9839590038115535,
    0.9839590038115535,
    0.9839590038115535,
    1.5713620291446793,
    1.5713620291446793,
    1.5713620291446793,
    1.5713620291446793,
    1.5713620291446793,
    1.5713620291446793,
    1.5713620291446793,
    1.6443436432771874,
    1.6443436432771874,
    1.6443436432771874,
    1.8284725266982087,
    1.8284725266982087,
    1.8284725266982087,
    1.8284725266982087,
    1.8284725266982087,
    1.8284725266982087,
    1.8284725266982087,
    1.8284725266982087,
    1.8284725266982087
  ],
  "x_hist": [
    [
      37.5287639642604,
      26.91773629614788
    ],
    [
      47.829233999999445,
      82.35014112354563
    ],
    [
      31.884638999999517,
      58.65023680944083
    ],
    [
      35.48393890674565,
      94.94361745496738
    ],
    [
      35.8096057903139,
      69.02752086755608
    ],
    [
      30.148598999999777,
      49.256194251109285
    ],
    [
      41.744879999999405,
      100.4720072707649
    ],
    [
      26.332529999999636,
      50.75139652211307
    ],
    [
      24.43649077494007,
      62.13278598136728
    ],
    [
      37.52987700000009,
      53.68122940266476
    ],
    [
      35.701885123808836,
      55.18621527479079
    ],
    [
      43.15324799999988,
      49.80644729813726
    ],
    [
      39.229832009999384,
      57.71476613835181
    ],
    [
      42.04819271644504,
      19.95986456313124
    ],
    [
      42.349365925427506,
      51.68134232422675
    ],
    [
      49.543184999999745,
      44.872801955437204
    ],
    [
      38.33438834999996,
      58.44592514647611
    ],
    [
      37.44668562154183,
      60.29897548252391
    ],
    [
      41.057581189908134,
      61.99112505500065
    ],
    [
      42.834122999999536,
      61.13498131873914
    ],
    [
      37.56434179481704,
      65.99228961397372
    ],
    [
      40.8942870000001,
      63.7287142778469
    ],
    [
      41.97390332198082,
      63.405687949962356
    ],
    [
      45.875855999999494,
      61.971246146563196
    ],
    [
      42.665291999999894,
      64.17156140276876
    ],
    [
      52.36791299999944,
      61.25684396703845
    ],
    [
      36.948791999999415,
      67.37938143506399
    ],
    [
      42.231532428987144,
      67.14015513235218
    ],
    [
      36.67684199999985,
      69.27108846175109
    ],
    [
      37.891744377059425,
      70.10171806912226
    ]
  ],
  "y_hist": [
    0.14296526151086786,
    0.2941824249672388,
    0.9839590038115535,
    -0.45188312619801335,
    0.08658152953127377,
    0.8986265634710048,
    -0.890575293358446,
    0.4258320420657214,
    -0.975562539095333,
    0.1220687703558549,
    0.4820573556842821,
    1.5713620291446793,
    0.8860303465671945,
    0.1567363706932789,
    1.166013685388973,
    0.43155029801914585,
    1.2576310213277253,
    -0.22343706701290258,
    1.6443436432771874,
    1.3747367341967036,
    -0.14600234374976137,
    1.8284725266982087,
    1.3093961639020655,
    0.47652865561276964,
    0.40273865776075346,
    0.1360320373023964,
    0.07938228133053304,
    -0.10464875388651942,
    -0.21463328592559464,
    -0.90440986476991
  ],
  "eval_count": 30,
  "evals_to_f_best": 22,
  "total_time": 0.8154542919946834,
  "deviation_from_optimum": 0.0,
  "optimum": 1.8284725266982087,
  "optimum_x": [
    40.8942870000001,
    63.7287142778469
  ],
  "success": true
}