{
  "identifier": "Preprocessed-NO2-2015-150",
  "best_x": [
    41.057581189908134,
    61.99112505500065
  ],
  "best_y": 1.6238513062672024,
  "best_so_far": [
    -0.7462594771050677,
    -0.38158745467774496,
    -0.38158745467774496,
    -0.38158745467774496,
    -0.38158745467774496,
    -0.3144370719240541,
    -0.00981467186537667,
    -0.00981467186537667,
    -0.00981467186537667,
    -0.00981467186537667,
    1.407860333236462,
    1.407860333236462,
    1.407860333236462,
    1.407860333236462,
    1.407860333236462,
    1.407860333236462,
    1.407860333236462,
    1.407860333236462,
    1.407860333236462,
    1.407860333236462,
    1.407860333236462,
    1.407860333236462,
    1.6238513062672024,
    1.6238513062672024,
    1.6238513062672024,
    1.6238513062672024,
    1.6238513062672024,
    1.6238513062672024,
    1.6238513062672024,
    1.6238513062672024
  ],
  "x_hist": [
    [
      37.5287639642604,
      26.91773629614788
    ],
    [
      42.03630598607403,
      84.26997486831613
    ],
    [
      37.44668562154183,
      60.29897548252391
    ],
    [
      35.48393890674565,
      94.94361745496738
    ],
    [
      41.744879999999405,
      100.4720072707649
    ],
    [
      48.23260800000003,
      72.10088596806122
    ],
    [
      42.231532428987144,
      67.14015513235218
    ],
    [
      37.36426499999942,
      87.78778327994611
    ],
    [
      33.36529397954962,
      85.15777905758739
    ],
    [
      52.36791299999944,
      61.25684396703845
    ],
    [
      43.15324799999988,
      49.80644729813726
    ],
    [
      42.349365925427506,
      51.68134232422675
    ],
    [
      37.52987700000009,
      53.68122940266476
    ],
    [
      35.701885123808836,
      55.18621527479079
    ],
    [
      42.04819271644504,
      19.95986456313124
    ],
    [
      45.875855999999494,
      61.971246146563196
    ],
    [
      30.148598999999777,
      49.256194251109285
    ],
    [
      42.834122999999536,
      61.13498131873914
    ],
    [
      26.332529999999636,
      50.75139652211307
    ],
    [
      39.229832009999384,
      57.71476613835181
    ],
    [
      39.633383609999676,
      58.71193055086302
    ],
    [
      38.33438834999996,
      58.44592514647611
    ],
    [
      41.057581189908134,
      61.99112505500065
    ],
    [
      41.97390332198082,
      63.405687949962356
    ],
    [
      42.665291999999894,
      64.17156140276876
    ],
    [
      40.8942870000001,
      63.7287142778469
    ],
    [
      50.751419999999946,
      65.22174826892642
    ],
    [
      37.56434179481704,
      65.99228961397372
    ],
    [
      36.948791999999415,
      67.37938143506399
    ],
    [
      43.90227600000007,
      69.88064291018797
    ]
  ],
  "y_hist": [
    -0.7462594771050677,
    -0.38158745467774496,
    -0.5148730832433084,
    -0.637703244311553,
    -1.112808973663904,
    -0.3144370719240541,
    -0.00981467186537667,
    -0.1971791314425059,
    -0.758820557707278,
    -0.07236707159159764,
    1.407860333236462,
    0.7260048301482523,
    -0.90440986476991,
    1.299825204552487,
    -0.1210537299887212,
    0.8562214730353249,
    0.09374641364798453,
    1.2609191724179765,
    0.18390526394342624,
    0.3614500719194548,
    0.4820573556842821,
    0.902801921858531,
    1.6238513062672024,
    1.1799445544987837,
    0.6588544473945614,
    1.090676852575575,
    -0.2412010657271366,
    -0.6970406292421844,
    -0.10464875388651942,
    -0.4416370770463908
  ],
  "eval_count": 30,
  "evals_to_f_best": 23,
  "total_time": 0.8375326670065988,
  "deviation_from_optimum": 0.0,
  "optimum": 1.6238513062672024,
  "optimum_x": [
    41.057581189908134,
    61.99112505500065
  ],
  "success": true
}