{
  "identifier": "Preprocessed-NO2-2015-359",
  "best_x": [
    40.8942870000001,
    63.7287142778469
  ],
  "best_y": 0.4930540376326917,
  "best_so_far": [
    -1.8636946848891938,
    -0.41131199772994653,
    -0.41131199772994653,
    -0.41131199772994653,
    -0.41131199772994653,
    -0.41131199772994653,
    0.09374641364798453,
    0.09374641364798453,
    0.09374641364798453,
    0.09374641364798453,
    0.09374641364798453,
    0.09374641364798453,
    0.09374641364798453,
    0.09374641364798453,
    0.09374641364798453,
    0.09374641364798453,
    0.09374641364798453,
    0.4930540376326917,
    0.4930540376326917,
    0.4930540376326917,
    0.4930540376326917,
    0.4930540376326917,
    0.4930540376326917,
    0.4930540376326917,
    0.4930540376326917,
    0.4930540376326917,
    0.4930540376326917,
    0.4930540376326917,
    0.4930540376326917,
    0.4930540376326917
  ],
  "x_hist": [
    [
      37.5287639642604,
      26.91773629614788
    ],
    [
      47.829233999999445,
      82.35014112354563
    ],
    [
      31.884638999999517,
      58.65023680944083
    ],
    [
      35.48393890674565,
      94.94361745496738
    ],
    [
      34.87819799999964,
      76.08489822384199
    ],
    [
      42.03630598607403,
      84.26997486831613
    ],
    [
      38.273022000000154,
      71.34598861519042
    ],
    [
      37.52987700000009,
      53.68122940266476
    ],
    [
      35.701885123808836,
      55.18621527479079
    ],
    [
      45.64222666408809,
      111.9064932186795
    ],
    [
      26.332529999999636,
      50.75139652211307
    ],
    [
      38.67794999999997,
      75.22449383515101
    ],
    [
      32.476458372216044,
      74.63865922449735
    ],
    [
      36.948791999999415,
      67.37938143506399
    ],
    [
      33.36529397954962,
      85.15777905758739
    ],
    [
      41.399022581511126,
      69.4806678788119
    ],
    [
      38.28112499999941,
      76.69191621993401
    ],
    [
      40.8942870000001,
      63.7287142778469
    ],
    [
      42.665291999999894,
      64.17156140276876
    ],
    [
      41.97390332198082,
      63.405687949962356
    ],
    [
      43.90227600000007,
      69.88064291018797
    ],
    [
      37.56434179481704,
      65.99228961397372
    ],
    [
      41.057581189908134,
      61.99112505500065
    ],
    [
      36.67684199999985,
      69.27108846175109
    ],
    [
      42.834122999999536,
      61.13498131873914
    ],
    [
      45.875855999999494,
      61.971246146563196
    ],
    [
      37.44668562154183,
      60.29897548252391
    ],
    [
      35.8096057903139,
      69.02752086755608
    ],
    [
      39.633383609999676,
      58.71193055086302
    ],
    [
      34.88452499999944,
      72.97514525247436
    ]
  ],
  "y_hist": [
    -1.8636946848891938,
    -0.41131199772994653,
    -0.5148730832433084,
    -1.8119295423148531,
    -1.5553149853156145,
    -1.246322741202846,
    0.09374641364798453,
    -1.4122505575235875,
    -0.536471159067533,
    -2.433323927995094,
    -0.8768670668292121,
    -1.6665540434389587,
    -1.8375889769313665,
    -2.0906984760099894,
    -2.0906984760099894,
    -0.3428487789324037,
    -1.6436369513853475,
    0.4930540376326917,
    -0.5473878644396147,
    -0.890575293358446,
    -1.1288630344231978,
    -1.5553149853156145,
    -0.41131199772994653,
    -1.263878969085209,
    0.4485755131171788,
    -0.3524401238504811,
    -2.0603733966935454,
    -1.6210644903451776,
    -0.7971470748590601,
    -1.2289694800400743
  ],
  "eval_count": 30,
  "evals_to_f_best": 18,
  "total_time": 0.8176046669832431,
  "deviation_from_optimum": 0.005468276985523768,
  "optimum": 0.49852231461821545,
  "optimum_x": [
    43.15324799999988,
    49.80644729813726
  ],
  "success": false
}