{
  "identifier": "Preprocessed-NO2-2015-310",
  "best_x": [
    40.8942870000001,
    63.7287142778469
  ],
  "best_y": 1.7115099267980611,
  "best_so_far": [
    -0.3333183318528421,
    1.425624331950696,
    1.425624331950696,
    1.425624331950696,
    1.425624331950696,
    1.425624331950696,
    1.425624331950696,
    1.425624331950696,
    1.425624331950696,
    1.425624331950696,
    1.425624331950696,
    1.425624331950696,
    1.5471294609725166,
    1.5471294609725166,
    1.5471294609725166,
    1.5471294609725166,
    1.5471294609725166,
    1.5471294609725166,
    1.6082963445557164,
    1.6082963445557164,
    1.6082963445557164,
    1.6082963445557164,
    1.6082963445557164,
    1.7115099267980611,
    1.7115099267980611,
    1.7115099267980611,
    1.7115099267980611,
    1.7115099267980611,
    1.7115099267980611,
    1.7115099267980611
  ],
  "x_hist": [
    [
      37.5287639642604,
      26.91773629614788
    ],
    [
      43.15324799999988,
      49.80644729813726
    ],
    [
      36.67684199999985,
      69.27108846175109
    ],
    [
      35.48393890674565,
      94.94361745496738
    ],
    [
      42.04819271644504,
      19.95986456313124
    ],
    [
      49.543184999999745,
      44.872801955437204
    ],
    [
      33.36529397954962,
      85.15777905758739
    ],
    [
      42.03630598607403,
      84.26997486831613
    ],
    [
      42.349365925427506,
      51.68134232422675
    ],
    [
      37.52987700000009,
      53.68122940266476
    ],
    [
      52.36791299999944,
      61.25684396703845
    ],
    [
      39.229832009999384,
      57.71476613835181
    ],
    [
      35.701885123808836,
      55.18621527479079
    ],
    [
      30.148598999999777,
      49.256194251109285
    ],
    [
      39.633383609999676,
      58.71193055086302
    ],
    [
      42.834122999999536,
      61.13498131873914
    ],
    [
      38.33438834999996,
      58.44592514647611
    ],
    [
      37.44668562154183,
      60.29897548252391
    ],
    [
      41.057581189908134,
      61.99112505500065
    ],
    [
      31.884638999999517,
      58.65023680944083
    ],
    [
      45.875855999999494,
      61.971246146563196
    ],
    [
      41.97390332198082,
      63.405687949962356
    ],
    [
      26.332529999999636,
      50.75139652211307
    ],
    [
      40.8942870000001,
      63.7287142778469
    ],
    [
      42.665291999999894,
      64.17156140276876
    ],
    [
      37.56434179481704,
      65.99228961397372
    ],
    [
      42.231532428987144,
      67.14015513235218
    ],
    [
      50.751419999999946,
      65.22174826892642
    ],
    [
      36.948791999999415,
      67.37938143506399
    ],
    [
      41.399022581511126,
      69.4806678788119
    ]
  ],
  "y_hist": [
    -0.3333183318528421,
    1.425624331950696,
    -0.1376399802137754,
    -0.637703244311553,
    -0.00981467186537667,
    0.020510407451066973,
    -0.7971470748590601,
    -0.4416370770463908,
    0.6734988598682657,
    -0.5148730832433084,
    -0.7714876402425467,
    0.5782423065883675,
    1.5471294609725166,
    0.2689542618297598,
    0.32513280750974444,
    1.2642001362869997,
    1.1729952811029338,
    -0.8768670668292121,
    1.6082963445557164,
    0.6291299043423599,
    0.45981931379943486,
    1.0229492575969463,
    0.2879150239101222,
    1.7115099267980611,
    0.49852231461821545,
    -1.1780818822860812,
    -0.4314604931687447,
    -0.08842113235089138,
    -0.37180865545128106,
    0.5148086267120978
  ],
  "eval_count": 30,
  "evals_to_f_best": 24,
  "total_time": 0.8722163329948671,
  "deviation_from_optimum": 0.0,
  "optimum": 1.7115099267980611,
  "optimum_x": [
    40.8942870000001,
    63.7287142778469
  ],
  "success": true
}