{
  "identifier": "Preprocessed-NO2-2015-144",
  "best_x": [
    41.057581189908134,
    61.99112505500065
  ],
  "best_y": 1.0721681054598298,
  "best_so_far": [
    -0.890575293358446,
    -0.4314604931687447,
    -0.4314604931687447,
    -0.4314604931687447,
    -0.27737246352457,
    -0.27737246352457,
    0.4875657669025717,
    0.4875657669025717,
    0.4875657669025717,
    0.4875657669025717,
    0.4875657669025717,
    0.4875657669025717,
    0.4875657669025717,
    0.4875657669025717,
    0.4875657669025717,
    0.6783487522052433,
    0.6783487522052433,
    0.6783487522052433,
    0.6783487522052433,
    0.6783487522052433,
    0.6783487522052433,
    0.6783487522052433,
    0.6783487522052433,
    0.6783487522052433,
    0.6783487522052433,
    0.6783487522052433,
    0.6783487522052433,
    0.6783487522052433,
    1.0721681054598298,
    1.0721681054598298
  ],
  "x_hist": [
    [
      37.5287639642604,
      26.91773629614788
    ],
    [
      42.03630598607403,
      84.26997486831613
    ],
    [
      37.44668562154183,
      60.29897548252391
    ],
    [
      35.48393890674565,
      94.94361745496738
    ],
    [
      37.36426499999942,
      87.78778327994611
    ],
    [
      41.744879999999405,
      100.4720072707649
    ],
    [
      32.13036654481498,
      89.6343673225596
    ],
    [
      33.36529397954962,
      85.15777905758739
    ],
    [
      45.64222666408809,
      111.9064932186795
    ],
    [
      32.476458372216044,
      74.63865922449735
    ],
    [
      45.875855999999494,
      61.971246146563196
    ],
    [
      34.87819799999964,
      76.08489822384199
    ],
    [
      38.67794999999997,
      75.22449383515101
    ],
    [
      34.88452499999944,
      72.97514525247436
    ],
    [
      48.23260800000003,
      72.10088596806122
    ],
    [
      38.273022000000154,
      71.34598861519042
    ],
    [
      37.891744377059425,
      70.10171806912226
    ],
    [
      43.90227600000007,
      69.88064291018797
    ],
    [
      36.67684199999985,
      69.27108846175109
    ],
    [
      41.399022581511126,
      69.4806678788119
    ],
    [
      35.8096057903139,
      69.02752086755608
    ],
    [
      36.948791999999415,
      67.37938143506399
    ],
    [
      42.231532428987144,
      67.14015513235218
    ],
    [
      37.56434179481704,
      65.99228961397372
    ],
    [
      42.665291999999894,
      64.17156140276876
    ],
    [
      40.8942870000001,
      63.7287142778469
    ],
    [
      41.97390332198082,
      63.405687949962356
    ],
    [
      50.751419999999946,
      65.22174826892642
    ],
    [
      41.057581189908134,
      61.99112505500065
    ],
    [
      42.834122999999536,
      61.13498131873914
    ]
  ],
  "y_hist": [
    -0.890575293358446,
    -0.4314604931687447,
    -0.6261121413666523,
    -0.603195049313041,
    -0.27737246352457,
    -1.3362322699509235,
    0.4875657669025717,
    -0.49358137345187497,
    -1.1948534575774183,
    0.005424447578251948,
    0.46540978719812554,
    -0.8768670668292121,
    -0.5256332753602087,
    -0.758820557707278,
    -0.46219959548393896,
    0.6783487522052433,
    -0.391430377635874,
    -0.38158745467774496,
    -0.391430377635874,
    0.6588544473945614,
    -0.16286814335125438,
    -0.2501625274041636,
    0.1567363706932789,
    -0.5583845463880237,
    0.43724685275926545,
    0.6241180787431883,
    0.4875657669025717,
    -0.7214483275478379,
    1.0721681054598298,
    0.8170048350594039
  ],
  "eval_count": 30,
  "evals_to_f_best": 29,
  "total_time": 0.8501898329996038,
  "deviation_from_optimum": 0.0,
  "optimum": 1.0721681054598298,
  "optimum_x": [
    41.057581189908134,
    61.99112505500065
  ],
  "success": true
}