{
  "identifier": "Preprocessed-NO2-2015-236",
  "best_x": [
    41.057581189908134,
    61.99112505500065
  ],
  "best_y": 1.3838431749024285,
  "best_so_far": [
    -0.2501625274041636,
    -0.1376399802137754,
    0.2302987254886017,
    0.2302987254886017,
    0.2302987254886017,
    1.0229492575969463,
    1.0229492575969463,
    1.0229492575969463,
    1.0229492575969463,
    1.0229492575969463,
    1.1554800255117244,
    1.1554800255117244,
    1.3838431749024285,
    1.3838431749024285,
    1.3838431749024285,
    1.3838431749024285,
    1.3838431749024285,
    1.3838431749024285,
    1.3838431749024285,
    1.3838431749024285,
    1.3838431749024285,
    1.3838431749024285,
    1.3838431749024285,
    1.3838431749024285,
    1.3838431749024285,
    1.3838431749024285,
    1.3838431749024285,
    1.3838431749024285,
    1.3838431749024285,
    1.3838431749024285
  ],
  "x_hist": [
    [
      37.5287639642604,
      26.91773629614788
    ],
    [
      47.829233999999445,
      82.35014112354563
    ],
    [
      37.44668562154183,
      60.29897548252391
    ],
    [
      35.48393890674565,
      94.94361745496738
    ],
    [
      42.03630598607403,
      84.26997486831613
    ],
    [
      35.8096057903139,
      69.02752086755608
    ],
    [
      37.36426499999942,
      87.78778327994611
    ],
    [
      30.148598999999777,
      49.256194251109285
    ],
    [
      24.43649077494007,
      62.13278598136728
    ],
    [
      32.13036654481498,
      89.6343673225596
    ],
    [
      40.8942870000001,
      63.7287142778469
    ],
    [
      37.52987700000009,
      53.68122940266476
    ],
    [
      41.057581189908134,
      61.99112505500065
    ],
    [
      41.97390332198082,
      63.405687949962356
    ],
    [
      45.875855999999494,
      61.971246146563196
    ],
    [
      37.56434179481704,
      65.99228961397372
    ],
    [
      42.665291999999894,
      64.17156140276876
    ],
    [
      43.15324799999988,
      49.80644729813726
    ],
    [
      39.633383609999676,
      58.71193055086302
    ],
    [
      42.231532428987144,
      67.14015513235218
    ],
    [
      39.229832009999384,
      57.71476613835181
    ],
    [
      38.33438834999996,
      58.44592514647611
    ],
    [
      35.701885123808836,
      55.18621527479079
    ],
    [
      41.399022581511126,
      69.4806678788119
    ],
    [
      36.948791999999415,
      67.37938143506399
    ],
    [
      52.36791299999944,
      61.25684396703845
    ],
    [
      50.751419999999946,
      65.22174826892642
    ],
    [
      43.90227600000007,
      69.88064291018797
    ],
    [
      36.67684199999985,
      69.27108846175109
    ],
    [
      37.891744377059425,
      70.10171806912226
    ]
  ],
  "y_hist": [
    -0.2501625274041636,
    -0.1376399802137754,
    0.2302987254886017,
    -0.7714876402425467,
    -0.6849840152461176,
    1.0229492575969463,
    0.7071235702194644,
    0.4875657669025717,
    -0.11282883065654499,
    0.18390526394342624,
    1.1554800255117244,
    0.020510407451066973,
    1.3838431749024285,
    1.3062126200311956,
    0.6291299043423599,
    1.1937473218490882,
    0.6588544473945614,
    0.8081491139602407,
    1.3625082317587707,
    0.5988048250259156,
    0.5309201270723722,
    0.9276130714157608,
    1.151952314434525,
    0.8037015836769549,
    0.5093994663631725,
    0.2039640083957735,
    0.027996908618421364,
    0.3189935745244685,
    0.4258320420657214,
    0.24329482721324636
  ],
  "eval_count": 30,
  "evals_to_f_best": 13,
  "total_time": 0.8881773749890272,
  "deviation_from_optimum": 0.0,
  "optimum": 1.3838431749024285,
  "optimum_x": [
    41.057581189908134,
    61.99112505500065
  ],
  "success": true
}