{
  "identifier": "Preprocessed-NO2-2015-289",
  "best_x": [
    41.97390332198082,
    63.405687949962356
  ],
  "best_y": 1.595209597559602,
  "best_so_far": [
    -0.3620931498670632,
    -0.3144370719240541,
    0.7260048301482523,
    0.7260048301482523,
    1.4547716627779606,
    1.4547716627779606,
    1.4547716627779606,
    1.4547716627779606,
    1.4547716627779606,
    1.4547716627779606,
    1.4547716627779606,
    1.4547716627779606,
    1.4547716627779606,
    1.4547716627779606,
    1.4547716627779606,
    1.4547716627779606,
    1.4547716627779606,
    1.4547716627779606,
    1.4547716627779606,
    1.4547716627779606,
    1.4547716627779606,
    1.4547716627779606,
    1.595209597559602,
    1.595209597559602,
    1.595209597559602,
    1.595209597559602,
    1.595209597559602,
    1.595209597559602,
    1.595209597559602,
    1.595209597559602
  ],
  "x_hist": [
    [
      37.5287639642604,
      26.91773629614788
    ],
    [
      47.829233999999445,
      82.35014112354563
    ],
    [
      31.884638999999517,
      58.65023680944083
    ],
    [
      35.48393890674565,
      94.94361745496738
    ],
    [
      35.701885123808836,
      55.18621527479079
    ],
    [
      30.148598999999777,
      49.256194251109285
    ],
    [
      42.04819271644504,
      19.95986456313124
    ],
    [
      26.332529999999636,
      50.75139652211307
    ],
    [
      32.13036654481498,
      89.6343673225596
    ],
    [
      37.56434179481704,
      65.99228961397372
    ],
    [
      37.52987700000009,
      53.68122940266476
    ],
    [
      24.43649077494007,
      62.13278598136728
    ],
    [
      38.273022000000154,
      71.34598861519042
    ],
    [
      42.349365925427506,
      51.68134232422675
    ],
    [
      36.948791999999415,
      67.37938143506399
    ],
    [
      43.15324799999988,
      49.80644729813726
    ],
    [
      38.33438834999996,
      58.44592514647611
    ],
    [
      39.229832009999384,
      57.71476613835181
    ],
    [
      39.633383609999676,
      58.71193055086302
    ],
    [
      41.057581189908134,
      61.99112505500065
    ],
    [
      42.834122999999536,
      61.13498131873914
    ],
    [
      40.8942870000001,
      63.7287142778469
    ],
    [
      41.97390332198082,
      63.405687949962356
    ],
    [
      42.665291999999894,
      64.17156140276876
    ],
    [
      45.875855999999494,
      61.971246146563196
    ],
    [
      35.8096057903139,
      69.02752086755608
    ],
    [
      36.67684199999985,
      69.27108846175109
    ],
    [
      42.231532428987144,
      67.14015513235218
    ],
    [
      37.891744377059425,
      70.10171806912226
    ],
    [
      41.399022581511126,
      69.4806678788119
    ]
  ],
  "y_hist": [
    -0.3620931498670632,
    -0.3144370719240541,
    0.7260048301482523,
    -1.6665540434389587,
    1.4547716627779606,
    0.035446255780935305,
    -0.04860340314627779,
    -0.6261121413666523,
    0.2302987254886017,
    1.0267931530969379,
    -0.17992560386818662,
    -0.6611574773164867,
    -0.1376399802137754,
    0.035446255780935305,
    0.012986379805319194,
    0.1906213394538769,
    0.3910573507731312,
    0.16357483524309432,
    1.1554800255117244,
    0.9839590038115535,
    0.43724685275926545,
    0.902801921858531,
    1.595209597559602,
    -0.14600234374976137,
    0.07214833782375932,
    0.7446515341936887,
    -0.056482898260752916,
    0.4820573556842821,
    0.035446255780935305,
    0.8860303465671945
  ],
  "eval_count": 30,
  "evals_to_f_best": 23,
  "total_time": 0.8285055839805864,
  "deviation_from_optimum": 0.0,
  "optimum": 1.595209597559602,
  "optimum_x": [
    41.97390332198082,
    63.405687949962356
  ],
  "success": true
}