{
  "identifier": "Preprocessed-NO2-2015-157",
  "best_x": [
    32.13036654481498,
    89.6343673225596
  ],
  "best_y": 0.7857785006138405,
  "best_so_far": [
    -1.0969248003330587,
    -1.0969248003330587,
    0.020510407451066973,
    0.020510407451066973,
    0.020510407451066973,
    0.020510407451066973,
    0.7857785006138405,
    0.7857785006138405,
    0.7857785006138405,
    0.7857785006138405,
    0.7857785006138405,
    0.7857785006138405,
    0.7857785006138405,
    0.7857785006138405,
    0.7857785006138405,
    0.7857785006138405,
    0.7857785006138405,
    0.7857785006138405,
    0.7857785006138405,
    0.7857785006138405,
    0.7857785006138405,
    0.7857785006138405,
    0.7857785006138405,
    0.7857785006138405,
    0.7857785006138405,
    0.7857785006138405,
    0.7857785006138405,
    0.7857785006138405,
    0.7857785006138405,
    0.7857785006138405
  ],
  "x_hist": [
    [
      37.5287639642604,
      26.91773629614788
    ],
    [
      47.829233999999445,
      82.35014112354563
    ],
    [
      31.884638999999517,
      58.65023680944083
    ],
    [
      35.48393890674565,
      94.94361745496738
    ],
    [
      42.04819271644504,
      19.95986456313124
    ],
    [
      37.52987700000009,
      53.68122940266476
    ],
    [
      32.13036654481498,
      89.6343673225596
    ],
    [
      34.87819799999964,
      76.08489822384199
    ],
    [
      33.36529397954962,
      85.15777905758739
    ],
    [
      34.88452499999944,
      72.97514525247436
    ],
    [
      37.36426499999942,
      87.78778327994611
    ],
    [
      32.476458372216044,
      74.63865922449735
    ],
    [
      41.744879999999405,
      100.4720072707649
    ],
    [
      45.64222666408809,
      111.9064932186795
    ],
    [
      42.03630598607403,
      84.26997486831613
    ],
    [
      38.67794999999997,
      75.22449383515101
    ],
    [
      38.273022000000154,
      71.34598861519042
    ],
    [
      35.8096057903139,
      69.02752086755608
    ],
    [
      37.891744377059425,
      70.10171806912226
    ],
    [
      36.67684199999985,
      69.27108846175109
    ],
    [
      36.948791999999415,
      67.37938143506399
    ],
    [
      41.399022581511126,
      69.4806678788119
    ],
    [
      37.56434179481704,
      65.99228961397372
    ],
    [
      43.90227600000007,
      69.88064291018797
    ],
    [
      24.43649077494007,
      62.13278598136728
    ],
    [
      42.231532428987144,
      67.14015513235218
    ],
    [
      48.23260800000003,
      72.10088596806122
    ],
    [
      40.8942870000001,
      63.7287142778469
    ],
    [
      42.665291999999894,
      64.17156140276876
    ],
    [
      41.97390332198082,
      63.405687949962356
    ]
  ],
  "y_hist": [
    -1.0969248003330587,
    -1.1780818822860812,
    0.020510407451066973,
    -0.7462594771050677,
    -0.5694623853947889,
    -1.2996197140687709,
    0.7857785006138405,
    -1.0350174544940545,
    -0.90440986476991,
    -1.9173089689015186,
    -0.5041894767726118,
    -0.47258745958889653,
    -1.392882025922787,
    -1.4122505575235875,
    -0.7842625290314946,
    -0.6970406292421844,
    0.7721943321343866,
    -0.1376399802137754,
    -0.6970406292421844,
    -1.1614956320610277,
    0.09374641364798453,
    0.16357483524309432,
    -1.246322741202846,
    -0.6611574773164867,
    -0.8632828983497581,
    0.1360320373023964,
    -0.6849840152461176,
    0.4200919189235251,
    0.6539410538995897,
    0.40273865776075346
  ],
  "eval_count": 30,
  "evals_to_f_best": 7,
  "total_time": 0.8278797090169974,
  "deviation_from_optimum": 0.8225178439418759,
  "optimum": 1.6082963445557164,
  "optimum_x": [
    41.057581189908134,
    61.99112505500065
  ],
  "success": false
}