{
  "identifier": "Preprocessed-NO2-2015-195",
  "best_x": [
    35.701885123808836,
    55.18621527479079
  ],
  "best_y": 1.7570357899674964,
  "best_so_far": [
    -0.536471159067533,
    -0.536471159067533,
    0.020510407451066973,
    0.020510407451066973,
    0.020510407451066973,
    0.9069656980997336,
    1.519737453164293,
    1.519737453164293,
    1.519737453164293,
    1.519737453164293,
    1.519737453164293,
    1.7570357899674964,
    1.7570357899674964,
    1.7570357899674964,
    1.7570357899674964,
    1.7570357899674964,
    1.7570357899674964,
    1.7570357899674964,
    1.7570357899674964,
    1.7570357899674964,
    1.7570357899674964,
    1.7570357899674964,
    1.7570357899674964,
    1.7570357899674964,
    1.7570357899674964,
    1.7570357899674964,
    1.7570357899674964,
    1.7570357899674964,
    1.7570357899674964,
    1.7570357899674964
  ],
  "x_hist": [
    [
      37.5287639642604,
      26.91773629614788
    ],
    [
      47.829233999999445,
      82.35014112354563
    ],
    [
      31.884638999999517,
      58.65023680944083
    ],
    [
      35.48393890674565,
      94.94361745496738
    ],
    [
      38.28112499999941,
      76.69191621993401
    ],
    [
      40.8942870000001,
      63.7287142778469
    ],
    [
      43.15324799999988,
      49.80644729813726
    ],
    [
      42.04819271644504,
      19.95986456313124
    ],
    [
      30.148598999999777,
      49.256194251109285
    ],
    [
      37.52987700000009,
      53.68122940266476
    ],
    [
      42.03630598607403,
      84.26997486831613
    ],
    [
      35.701885123808836,
      55.18621527479079
    ],
    [
      26.332529999999636,
      50.75139652211307
    ],
    [
      39.229832009999384,
      57.71476613835181
    ],
    [
      38.33438834999996,
      58.44592514647611
    ],
    [
      39.633383609999676,
      58.71193055086302
    ],
    [
      41.057581189908134,
      61.99112505500065
    ],
    [
      45.875855999999494,
      61.971246146563196
    ],
    [
      41.97390332198082,
      63.405687949962356
    ],
    [
      42.665291999999894,
      64.17156140276876
    ],
    [
      52.36791299999944,
      61.25684396703845
    ],
    [
      37.56434179481704,
      65.99228961397372
    ],
    [
      24.43649077494007,
      62.13278598136728
    ],
    [
      50.751419999999946,
      65.22174826892642
    ],
    [
      42.231532428987144,
      67.14015513235218
    ],
    [
      36.948791999999415,
      67.37938143506399
    ],
    [
      35.8096057903139,
      69.02752086755608
    ],
    [
      36.67684199999985,
      69.27108846175109
    ],
    [
      41.399022581511126,
      69.4806678788119
    ],
    [
      37.891744377059425,
      70.10171806912226
    ]
  ],
  "y_hist": [
    -0.536471159067533,
    -0.7462594771050677,
    0.020510407451066973,
    -0.4314604931687447,
    -0.48304771357462556,
    0.9069656980997336,
    1.519737453164293,
    -0.14600234374976137,
    0.396909367434709,
    -0.9324675110684087,
    -0.1293239457993056,
    1.7570357899674964,
    0.14296526151086786,
    0.37336315328062836,
    0.6880017782218253,
    0.3851824298783897,
    1.457655506839754,
    0.6190894630771556,
    1.6392467270982214,
    0.7584861056051534,
    -0.3333183318528421,
    -0.8768670668292121,
    -0.4416370770463908,
    -0.40133827085273743,
    0.17715900372254825,
    -0.002175773076444545,
    0.2561793730408118,
    -0.4314604931687447,
    0.740011529347584,
    -0.47258745958889653
  ],
  "eval_count": 30,
  "evals_to_f_best": 12,
  "total_time": 0.8195215410087258,
  "deviation_from_optimum": 0.0,
  "optimum": 1.7570357899674964,
  "optimum_x": [
    35.701885123808836,
    55.18621527479079
  ],
  "success": true
}