{
  "identifier": "Preprocessed-NO2-2015-290",
  "best_x": [
    39.633383609999676,
    58.71193055086302
  ],
  "best_y": 1.3314938975995092,
  "best_so_far": [
    -0.47258745958889653,
    -0.47258745958889653,
    0.6291299043423599,
    0.6291299043423599,
    0.6291299043423599,
    0.6291299043423599,
    0.6291299043423599,
    0.6291299043423599,
    0.6291299043423599,
    0.6291299043423599,
    0.935793148185787,
    0.935793148185787,
    1.1903085107861668,
    1.1903085107861668,
    1.1903085107861668,
    1.1903085107861668,
    1.3314938975995092,
    1.3314938975995092,
    1.3314938975995092,
    1.3314938975995092,
    1.3314938975995092,
    1.3314938975995092,
    1.3314938975995092,
    1.3314938975995092,
    1.3314938975995092,
    1.3314938975995092,
    1.3314938975995092,
    1.3314938975995092,
    1.3314938975995092,
    1.3314938975995092
  ],
  "x_hist": [
    [
      37.5287639642604,
      26.91773629614788
    ],
    [
      47.829233999999445,
      82.35014112354563
    ],
    [
      31.884638999999517,
      58.65023680944083
    ],
    [
      35.48393890674565,
      94.94361745496738
    ],
    [
      16.28216201918641,
      83.86135661828055
    ],
    [
      30.148598999999777,
      49.256194251109285
    ],
    [
      36.67684199999985,
      69.27108846175109
    ],
    [
      24.43649077494007,
      62.13278598136728
    ],
    [
      26.332529999999636,
      50.75139652211307
    ],
    [
      37.52987700000009,
      53.68122940266476
    ],
    [
      37.56434179481704,
      65.99228961397372
    ],
    [
      33.36529397954962,
      85.15777905758739
    ],
    [
      35.701885123808836,
      55.18621527479079
    ],
    [
      38.33438834999996,
      58.44592514647611
    ],
    [
      39.229832009999384,
      57.71476613835181
    ],
    [
      43.15324799999988,
      49.80644729813726
    ],
    [
      39.633383609999676,
      58.71193055086302
    ],
    [
      42.349365925427506,
      51.68134232422675
    ],
    [
      35.8096057903139,
      69.02752086755608
    ],
    [
      42.834122999999536,
      61.13498131873914
    ],
    [
      41.057581189908134,
      61.99112505500065
    ],
    [
      40.8942870000001,
      63.7287142778469
    ],
    [
      36.948791999999415,
      67.37938143506399
    ],
    [
      41.97390332198082,
      63.405687949962356
    ],
    [
      42.665291999999894,
      64.17156140276876
    ],
    [
      45.875855999999494,
      61.971246146563196
    ],
    [
      42.231532428987144,
      67.14015513235218
    ],
    [
      37.891744377059425,
      70.10171806912226
    ],
    [
      41.399022581511126,
      69.4806678788119
    ],
    [
      38.273022000000154,
      71.34598861519042
    ]
  ],
  "y_hist": [
    -0.47258745958889653,
    -0.5148730832433084,
    0.6291299043423599,
    -1.8375889769313665,
    -0.7971470748590601,
    0.0428588158939921,
    -0.41131199772994653,
    -0.7714876402425467,
    -0.8232527828168875,
    -0.3238480141771158,
    0.935793148185787,
    -0.08037263922087588,
    1.1903085107861668,
    0.1973074991613457,
    -0.2501625274041636,
    0.005424447578251948,
    1.3314938975995092,
    -0.30508476520577366,
    0.1973074991613457,
    0.4200919189235251,
    0.7767360613858838,
    0.4429218703790188,
    -0.28655316720482793,
    1.0943513718461966,
    -0.41131199772994653,
    -0.00981467186537667,
    0.3554578868261881,
    -0.14600234374976137,
    0.7902793746681421,
    -0.41131199772994653
  ],
  "eval_count": 30,
  "evals_to_f_best": 17,
  "total_time": 0.8084658340085298,
  "deviation_from_optimum": 0.0,
  "optimum": 1.3314938975995092,
  "optimum_x": [
    39.633383609999676,
    58.71193055086302
  ],
  "success": true
}