{
  "identifier": "Preprocessed-NO2-2015-364",
  "best_x": [
    43.15324799999988,
    49.80644729813726
  ],
  "best_y": 0.7902793746681421,
  "best_so_far": [
    -1.8902624646907356,
    -0.41131199772994653,
    -0.3144370719240541,
    -0.3144370719240541,
    -0.3144370719240541,
    -0.3144370719240541,
    -0.3144370719240541,
    -0.3144370719240541,
    -0.3144370719240541,
    0.050234950503268566,
    0.050234950503268566,
    0.050234950503268566,
    0.050234950503268566,
    0.050234950503268566,
    0.050234950503268566,
    0.050234950503268566,
    0.32513280750974444,
    0.32513280750974444,
    0.7902793746681421,
    0.7902793746681421,
    0.7902793746681421,
    0.7902793746681421,
    0.7902793746681421,
    0.7902793746681421,
    0.7902793746681421,
    0.7902793746681421,
    0.7902793746681421,
    0.7902793746681421,
    0.7902793746681421,
    0.7902793746681421
  ],
  "x_hist": [
    [
      37.5287639642604,
      26.91773629614788
    ],
    [
      47.829233999999445,
      82.35014112354563
    ],
    [
      31.884638999999517,
      58.65023680944083
    ],
    [
      35.48393890674565,
      94.94361745496738
    ],
    [
      16.28216201918641,
      83.86135661828055
    ],
    [
      24.43649077494007,
      62.13278598136728
    ],
    [
      42.03630598607403,
      84.26997486831613
    ],
    [
      26.332529999999636,
      50.75139652211307
    ],
    [
      32.476458372216044,
      74.63865922449735
    ],
    [
      35.701885123808836,
      55.18621527479079
    ],
    [
      42.349365925427506,
      51.68134232422675
    ],
    [
      37.44668562154183,
      60.29897548252391
    ],
    [
      34.88452499999944,
      72.97514525247436
    ],
    [
      30.148598999999777,
      49.256194251109285
    ],
    [
      37.52987700000009,
      53.68122940266476
    ],
    [
      38.33438834999996,
      58.44592514647611
    ],
    [
      39.229832009999384,
      57.71476613835181
    ],
    [
      39.633383609999676,
      58.71193055086302
    ],
    [
      43.15324799999988,
      49.80644729813726
    ],
    [
      45.55373399999962,
      52.16115606191214
    ],
    [
      49.543184999999745,
      44.872801955437204
    ],
    [
      41.057581189908134,
      61.99112505500065
    ],
    [
      42.834122999999536,
      61.13498131873914
    ],
    [
      41.97390332198082,
      63.405687949962356
    ],
    [
      40.8942870000001,
      63.7287142778469
    ],
    [
      42.665291999999894,
      64.17156140276876
    ],
    [
      37.56434179481704,
      65.99228961397372
    ],
    [
      45.875855999999494,
      61.971246146563196
    ],
    [
      36.948791999999415,
      67.37938143506399
    ],
    [
      36.67684199999985,
      69.27108846175109
    ]
  ],
  "y_hist": [
    -1.8902624646907356,
    -0.41131199772994653,
    -0.3144370719240541,
    -1.4719023952410504,
    -1.2118145462043333,
    -0.7091948687055835,
    -1.246322741202846,
    -0.6611574773164867,
    -1.8636946848891938,
    0.050234950503268566,
    -0.37180865545128106,
    -2.395320876068667,
    -1.6210644903451776,
    -0.5473878644396147,
    -1.4318722797081804,
    0.050234950503268566,
    0.32513280750974444,
    0.1906213394538769,
    0.7902793746681421,
    -0.30508476520577366,
    -1.0049956462913712,
    0.5626334272284822,
    0.6089814089035618,
    -0.46219959548393896,
    0.3128291290126751,
    -0.7091948687055835,
    -1.8375889769313665,
    0.11503812343941795,
    -1.9173089689015186,
    -0.890575293358446
  ],
  "eval_count": 30,
  "evals_to_f_best": 19,
  "total_time": 0.8156330829951912,
  "deviation_from_optimum": 0.0,
  "optimum": 0.7902793746681421,
  "optimum_x": [
    43.15324799999988,
    49.80644729813726
  ],
  "success": true
}