{
  "identifier": "Preprocessed-NO2-2015-253",
  "best_x": [
    41.057581189908134,
    61.99112505500065
  ],
  "best_y": 1.9536316880357945,
  "best_so_far": [
    0.6341250516225128,
    0.6341250516225128,
    1.4547716627779606,
    1.4547716627779606,
    1.4547716627779606,
    1.4547716627779606,
    1.4547716627779606,
    1.4547716627779606,
    1.4547716627779606,
    1.4547716627779606,
    1.4547716627779606,
    1.4547716627779606,
    1.4547716627779606,
    1.5280076689748774,
    1.5280076689748774,
    1.5280076689748774,
    1.5280076689748774,
    1.5280076689748774,
    1.9536316880357945,
    1.9536316880357945,
    1.9536316880357945,
    1.9536316880357945,
    1.9536316880357945,
    1.9536316880357945,
    1.9536316880357945,
    1.9536316880357945,
    1.9536316880357945,
    1.9536316880357945,
    1.9536316880357945,
    1.9536316880357945
  ],
  "x_hist": [
    [
      37.5287639642604,
      26.91773629614788
    ],
    [
      47.829233999999445,
      82.35014112354563
    ],
    [
      31.884638999999517,
      58.65023680944083
    ],
    [
      35.48393890674565,
      94.94361745496738
    ],
    [
      37.44668562154183,
      60.29897548252391
    ],
    [
      26.332529999999636,
      50.75139652211307
    ],
    [
      35.8096057903139,
      69.02752086755608
    ],
    [
      33.36529397954962,
      85.15777905758739
    ],
    [
      30.148598999999777,
      49.256194251109285
    ],
    [
      35.701885123808836,
      55.18621527479079
    ],
    [
      37.52987700000009,
      53.68122940266476
    ],
    [
      32.476458372216044,
      74.63865922449735
    ],
    [
      38.33438834999996,
      58.44592514647611
    ],
    [
      39.633383609999676,
      58.71193055086302
    ],
    [
      36.948791999999415,
      67.37938143506399
    ],
    [
      43.15324799999988,
      49.80644729813726
    ],
    [
      37.56434179481704,
      65.99228961397372
    ],
    [
      36.67684199999985,
      69.27108846175109
    ],
    [
      41.057581189908134,
      61.99112505500065
    ],
    [
      41.97390332198082,
      63.405687949962356
    ],
    [
      37.891744377059425,
      70.10171806912226
    ],
    [
      34.88452499999944,
      72.97514525247436
    ],
    [
      38.273022000000154,
      71.34598861519042
    ],
    [
      42.665291999999894,
      64.17156140276876
    ],
    [
      42.231532428987144,
      67.14015513235218
    ],
    [
      41.399022581511126,
      69.4806678788119
    ],
    [
      45.875855999999494,
      61.971246146563196
    ],
    [
      34.87819799999964,
      76.08489822384199
    ],
    [
      43.90227600000007,
      69.88064291018797
    ],
    [
      38.67794999999997,
      75.22449383515101
    ]
  ],
  "y_hist": [
    0.6341250516225128,
    -0.1376399802137754,
    1.4547716627779606,
    -0.46219959548393896,
    0.7260048301482523,
    0.4200919189235251,
    1.007474477524456,
    0.3554578868261881,
    0.43155029801914585,
    0.5782423065883675,
    0.0648793629769735,
    1.0684388106907279,
    1.2543356514587063,
    1.5280076689748774,
    0.7767360613858838,
    0.3554578868261881,
    1.1053212650492799,
    0.4429218703790188,
    1.9536316880357945,
    1.9009582002764263,
    0.2497509247894571,
    0.8647988699321041,
    0.47097951667751753,
    0.8475947804834877,
    0.4875657669025717,
    0.4085453975843075,
    0.6391036312195684,
    1.0113581546520458,
    -0.21463328592559464,
    0.37928442475581914
  ],
  "eval_count": 30,
  "evals_to_f_best": 19,
  "total_time": 0.8292770840052981,
  "deviation_from_optimum": 0.0,
  "optimum": 1.9536316880357945,
  "optimum_x": [
    41.057581189908134,
    61.99112505500065
  ],
  "success": true
}