{
  "identifier": "Preprocessed-NO2-2015-204",
  "best_x": [
    41.97390332198082,
    63.405687949962356
  ],
  "best_y": 1.883704672702107,
  "best_so_far": [
    -0.3524401238504811,
    -0.3144370719240541,
    0.2302987254886017,
    0.2302987254886017,
    0.2302987254886017,
    0.37928442475581914,
    0.46540978719812554,
    0.46540978719812554,
    1.8815339704113674,
    1.8815339704113674,
    1.8815339704113674,
    1.8815339704113674,
    1.8815339704113674,
    1.8815339704113674,
    1.8815339704113674,
    1.8815339704113674,
    1.8815339704113674,
    1.8815339704113674,
    1.883704672702107,
    1.883704672702107,
    1.883704672702107,
    1.883704672702107,
    1.883704672702107,
    1.883704672702107,
    1.883704672702107,
    1.883704672702107,
    1.883704672702107,
    1.883704672702107,
    1.883704672702107,
    1.883704672702107
  ],
  "x_hist": [
    [
      37.5287639642604,
      26.91773629614788
    ],
    [
      47.829233999999445,
      82.35014112354563
    ],
    [
      31.884638999999517,
      58.65023680944083
    ],
    [
      35.48393890674565,
      94.94361745496738
    ],
    [
      45.64222666408809,
      111.9064932186795
    ],
    [
      39.229832009999384,
      57.71476613835181
    ],
    [
      52.36791299999944,
      61.25684396703845
    ],
    [
      50.751419999999946,
      65.22174826892642
    ],
    [
      43.15324799999988,
      49.80644729813726
    ],
    [
      41.399022581511126,
      69.4806678788119
    ],
    [
      42.04819271644504,
      19.95986456313124
    ],
    [
      37.52987700000009,
      53.68122940266476
    ],
    [
      45.875855999999494,
      61.971246146563196
    ],
    [
      35.701885123808836,
      55.18621527479079
    ],
    [
      39.633383609999676,
      58.71193055086302
    ],
    [
      42.834122999999536,
      61.13498131873914
    ],
    [
      38.33438834999996,
      58.44592514647611
    ],
    [
      41.057581189908134,
      61.99112505500065
    ],
    [
      41.97390332198082,
      63.405687949962356
    ],
    [
      42.665291999999894,
      64.17156140276876
    ],
    [
      40.8942870000001,
      63.7287142778469
    ],
    [
      42.231532428987144,
      67.14015513235218
    ],
    [
      37.56434179481704,
      65.99228961397372
    ],
    [
      43.90227600000007,
      69.88064291018797
    ],
    [
      48.23260800000003,
      72.10088596806122
    ],
    [
      36.948791999999415,
      67.37938143506399
    ],
    [
      36.67684199999985,
      69.27108846175109
    ],
    [
      35.8096057903139,
      69.02752086755608
    ],
    [
      38.273022000000154,
      71.34598861519042
    ],
    [
      38.67794999999997,
      75.22449383515101
    ]
  ],
  "y_hist": [
    -0.3524401238504811,
    -0.3144370719240541,
    0.2302987254886017,
    0.1567363706932789,
    -0.2412010657271366,
    0.37928442475581914,
    0.46540978719812554,
    -0.40133827085273743,
    1.8815339704113674,
    1.1125902398960656,
    0.08658152953127377,
    -0.536471159067533,
    0.9800036909235719,
    1.870633120959982,
    0.5573941884976809,
    1.1937473218490882,
    0.8170048350594039,
    1.8419147691223627,
    1.883704672702107,
    1.0980169179228576,
    1.1868618034796596,
    0.5678544424834099,
    -0.4314604931687447,
    0.17038228624168394,
    -0.26824756993791987,
    0.396909367434709,
    0.10797439100389772,
    0.5626334272284822,
    1.237749401233652,
    -0.23229278811206575
  ],
  "eval_count": 30,
  "evals_to_f_best": 19,
  "total_time": 0.8017244590155315,
  "deviation_from_optimum": 0.0,
  "optimum": 1.883704672702107,
  "optimum_x": [
    41.97390332198082,
    63.405687949962356
  ],
  "success": true
}