{
  "identifier": "Preprocessed-NO2-2015-327",
  "best_x": [
    31.884638999999517,
    58.65023680944083
  ],
  "best_y": 2.1566534715232697,
  "best_so_far": [
    0.6039017412048809,
    0.6783487522052433,
    2.1566534715232697,
    2.1566534715232697,
    2.1566534715232697,
    2.1566534715232697,
    2.1566534715232697,
    2.1566534715232697,
    2.1566534715232697,
    2.1566534715232697,
    2.1566534715232697,
    2.1566534715232697,
    2.1566534715232697,
    2.1566534715232697,
    2.1566534715232697,
    2.1566534715232697,
    2.1566534715232697,
    2.1566534715232697,
    2.1566534715232697,
    2.1566534715232697,
    2.1566534715232697,
    2.1566534715232697,
    2.1566534715232697,
    2.1566534715232697,
    2.1566534715232697,
    2.1566534715232697,
    2.1566534715232697,
    2.1566534715232697,
    2.1566534715232697,
    2.1566534715232697
  ],
  "x_hist": [
    [
      37.5287639642604,
      26.91773629614788
    ],
    [
      47.829233999999445,
      82.35014112354563
    ],
    [
      31.884638999999517,
      58.65023680944083
    ],
    [
      35.48393890674565,
      94.94361745496738
    ],
    [
      32.476458372216044,
      74.63865922449735
    ],
    [
      42.04819271644504,
      19.95986456313124
    ],
    [
      26.332529999999636,
      50.75139652211307
    ],
    [
      24.43649077494007,
      62.13278598136728
    ],
    [
      35.701885123808836,
      55.18621527479079
    ],
    [
      37.56434179481704,
      65.99228961397372
    ],
    [
      30.148598999999777,
      49.256194251109285
    ],
    [
      37.52987700000009,
      53.68122940266476
    ],
    [
      37.44668562154183,
      60.29897548252391
    ],
    [
      34.88452499999944,
      72.97514525247436
    ],
    [
      38.33438834999996,
      58.44592514647611
    ],
    [
      36.948791999999415,
      67.37938143506399
    ],
    [
      39.229832009999384,
      57.71476613835181
    ],
    [
      35.8096057903139,
      69.02752086755608
    ],
    [
      39.633383609999676,
      58.71193055086302
    ],
    [
      36.67684199999985,
      69.27108846175109
    ],
    [
      37.891744377059425,
      70.10171806912226
    ],
    [
      41.057581189908134,
      61.99112505500065
    ],
    [
      40.8942870000001,
      63.7287142778469
    ],
    [
      38.273022000000154,
      71.34598861519042
    ],
    [
      41.97390332198082,
      63.405687949962356
    ],
    [
      42.834122999999536,
      61.13498131873914
    ],
    [
      42.665291999999894,
      64.17156140276876
    ],
    [
      41.399022581511126,
      69.4806678788119
    ],
    [
      42.349365925427506,
      51.68134232422675
    ],
    [
      34.87819799999964,
      76.08489822384199
    ]
  ],
  "y_hist": [
    0.6039017412048809,
    0.6783487522052433,
    2.1566534715232697,
    0.7538887348674779,
    0.6928051115125216,
    0.8081491139602407,
    1.1053212650492799,
    0.6140439444695442,
    2.018464021259314,
    0.9317086820670495,
    1.0458663496505578,
    0.3434012728301221,
    0.8170048350594039,
    0.6734988598682657,
    1.587302430692738,
    0.6241180787431883,
    1.2108241883139903,
    0.6391036312195684,
    1.2209778259423156,
    0.7118661977745061,
    0.3554578868261881,
    2.0844118012211323,
    1.8171779634581895,
    1.4833637724513253,
    1.5820077501678786,
    1.4974581518032823,
    0.9152587599264133,
    1.2243471660157326,
    1.3777783570661408,
    0.4930540376326917
  ],
  "eval_count": 30,
  "evals_to_f_best": 3,
  "total_time": 0.8120550419844221,
  "deviation_from_optimum": 0.0,
  "optimum": 2.1566534715232697,
  "optimum_x": [
    31.884638999999517,
    58.65023680944083
  ],
  "success": true
}