{
  "identifier": "Preprocessed-NO2-2015-304",
  "best_x": [
    40.8942870000001,
    63.7287142778469
  ],
  "best_y": 1.6968416631104164,
  "best_so_far": [
    0.4258320420657214,
    0.4258320420657214,
    0.9439288882786829,
    0.9439288882786829,
    0.9439288882786829,
    0.9439288882786829,
    0.9439288882786829,
    0.9439288882786829,
    0.9439288882786829,
    0.9439288882786829,
    0.9439288882786829,
    0.9839590038115535,
    0.9839590038115535,
    0.9839590038115535,
    1.2869682490965355,
    1.2869682490965355,
    1.2869682490965355,
    1.2869682490965355,
    1.2869682490965355,
    1.2869682490965355,
    1.2869682490965355,
    1.2869682490965355,
    1.6968416631104164,
    1.6968416631104164,
    1.6968416631104164,
    1.6968416631104164,
    1.6968416631104164,
    1.6968416631104164,
    1.6968416631104164,
    1.6968416631104164
  ],
  "x_hist": [
    [
      37.5287639642604,
      26.91773629614788
    ],
    [
      47.829233999999445,
      82.35014112354563
    ],
    [
      31.884638999999517,
      58.65023680944083
    ],
    [
      35.48393890674565,
      94.94361745496738
    ],
    [
      32.476458372216044,
      74.63865922449735
    ],
    [
      24.43649077494007,
      62.13278598136728
    ],
    [
      26.332529999999636,
      50.75139652211307
    ],
    [
      42.665291999999894,
      64.17156140276876
    ],
    [
      34.88452499999944,
      72.97514525247436
    ],
    [
      35.701885123808836,
      55.18621527479079
    ],
    [
      35.8096057903139,
      69.02752086755608
    ],
    [
      30.148598999999777,
      49.256194251109285
    ],
    [
      37.52987700000009,
      53.68122940266476
    ],
    [
      42.04819271644504,
      19.95986456313124
    ],
    [
      38.33438834999996,
      58.44592514647611
    ],
    [
      37.44668562154183,
      60.29897548252391
    ],
    [
      43.15324799999988,
      49.80644729813726
    ],
    [
      39.229832009999384,
      57.71476613835181
    ],
    [
      37.56434179481704,
      65.99228961397372
    ],
    [
      42.349365925427506,
      51.68134232422675
    ],
    [
      41.057581189908134,
      61.99112505500065
    ],
    [
      42.834122999999536,
      61.13498131873914
    ],
    [
      40.8942870000001,
      63.7287142778469
    ],
    [
      41.97390332198082,
      63.405687949962356
    ],
    [
      36.948791999999415,
      67.37938143506399
    ],
    [
      36.67684199999985,
      69.27108846175109
    ],
    [
      45.875855999999494,
      61.971246146563196
    ],
    [
      37.891744377059425,
      70.10171806912226
    ],
    [
      42.231532428987144,
      67.14015513235218
    ],
    [
      38.273022000000154,
      71.34598861519042
    ]
  ],
  "y_hist": [
    0.4258320420657214,
    0.2302987254886017,
    0.9439288882786829,
    -0.25917781199646434,
    0.37336315328062836,
    -0.9183731317164515,
    0.6341250516225128,
    0.306639263035121,
    0.5093994663631725,
    0.47652865561276964,
    0.5885587758742924,
    0.9839590038115535,
    0.09374641364798453,
    0.1360320373023964,
    1.2869682490965355,
    0.16357483524309432,
    0.902801921858531,
    0.3312470333667223,
    0.8301912188876749,
    0.7492772400807753,
    1.2869682490965355,
    1.0458663496505578,
    1.6968416631104164,
    1.2344100441890689,
    0.47652865561276964,
    -0.1544115555051119,
    0.21059112897277193,
    -0.48304771357462556,
    0.16357483524309432,
    0.09374641364798453
  ],
  "eval_count": 30,
  "evals_to_f_best": 23,
  "total_time": 0.842037458991399,
  "deviation_from_optimum": 0.0,
  "optimum": 1.6968416631104164,
  "optimum_x": [
    40.8942870000001,
    63.7287142778469
  ],
  "success": true
}