{
  "identifier": "Preprocessed-NO2-2015-307",
  "best_x": [
    40.8942870000001,
    63.7287142778469
  ],
  "best_y": 2.160266085475145,
  "best_so_far": [
    0.5626334272284822,
    0.5626334272284822,
    1.237749401233652,
    1.237749401233652,
    1.237749401233652,
    1.237749401233652,
    1.237749401233652,
    1.237749401233652,
    1.237749401233652,
    1.237749401233652,
    1.237749401233652,
    1.237749401233652,
    1.237749401233652,
    1.4719922000914523,
    1.4719922000914523,
    1.4719922000914523,
    1.4719922000914523,
    1.4719922000914523,
    1.4719922000914523,
    1.4719922000914523,
    2.160266085475145,
    2.160266085475145,
    2.160266085475145,
    2.160266085475145,
    2.160266085475145,
    2.160266085475145,
    2.160266085475145,
    2.160266085475145,
    2.160266085475145,
    2.160266085475145
  ],
  "x_hist": [
    [
      37.5287639642604,
      26.91773629614788
    ],
    [
      47.829233999999445,
      82.35014112354563
    ],
    [
      31.884638999999517,
      58.65023680944083
    ],
    [
      35.48393890674565,
      94.94361745496738
    ],
    [
      26.332529999999636,
      50.75139652211307
    ],
    [
      49.543184999999745,
      44.872801955437204
    ],
    [
      33.36529397954962,
      85.15777905758739
    ],
    [
      30.148598999999777,
      49.256194251109285
    ],
    [
      35.701885123808836,
      55.18621527479079
    ],
    [
      24.43649077494007,
      62.13278598136728
    ],
    [
      37.44668562154183,
      60.29897548252391
    ],
    [
      37.52987700000009,
      53.68122940266476
    ],
    [
      32.476458372216044,
      74.63865922449735
    ],
    [
      38.33438834999996,
      58.44592514647611
    ],
    [
      37.56434179481704,
      65.99228961397372
    ],
    [
      36.948791999999415,
      67.37938143506399
    ],
    [
      39.229832009999384,
      57.71476613835181
    ],
    [
      35.8096057903139,
      69.02752086755608
    ],
    [
      36.67684199999985,
      69.27108846175109
    ],
    [
      41.057581189908134,
      61.99112505500065
    ],
    [
      40.8942870000001,
      63.7287142778469
    ],
    [
      37.891744377059425,
      70.10171806912226
    ],
    [
      42.834122999999536,
      61.13498131873914
    ],
    [
      34.88452499999944,
      72.97514525247436
    ],
    [
      42.665291999999894,
      64.17156140276876
    ],
    [
      38.273022000000154,
      71.34598861519042
    ],
    [
      42.231532428987144,
      67.14015513235218
    ],
    [
      41.399022581511126,
      69.4806678788119
    ],
    [
      34.87819799999964,
      76.08489822384199
    ],
    [
      45.875855999999494,
      61.971246146563196
    ]
  ],
  "y_hist": [
    0.5626334272284822,
    0.3554578868261881,
    1.237749401233652,
    -0.002175773076444545,
    0.6588544473945614,
    0.46540978719812554,
    0.050234950503268566,
    1.0943513718461966,
    0.6490115244364324,
    -0.8232527828168875,
    0.4143297607056542,
    0.24329482721324636,
    0.6190894630771556,
    1.4719922000914523,
    1.0458663496505578,
    0.6440657526722275,
    0.32513280750974444,
    0.7767360613858838,
    0.17715900372254825,
    1.4634066264133159,
    2.160266085475145,
    -0.025210092696396947,
    1.1903085107861668,
    0.8902408412563207,
    0.4143297607056542,
    0.47097951667751753,
    0.5678544424834099,
    0.46540978719812554,
    0.9317086820670495,
    0.37336315328062836
  ],
  "eval_count": 30,
  "evals_to_f_best": 21,
  "total_time": 0.8189277080236934,
  "deviation_from_optimum": 0.0,
  "optimum": 2.160266085475145,
  "optimum_x": [
    40.8942870000001,
    63.7287142778469
  ],
  "success": true
}