{
  "identifier": "Preprocessed-NO2-2015-334",
  "best_x": [
    41.057581189908134,
    61.99112505500065
  ],
  "best_y": 1.6160939744157488,
  "best_so_far": [
    -1.0049956462913712,
    -0.5148730832433084,
    -0.5148730832433084,
    -0.3144370719240541,
    -0.3144370719240541,
    -0.3144370719240541,
    0.3434012728301221,
    0.3434012728301221,
    0.3434012728301221,
    0.3434012728301221,
    0.3434012728301221,
    0.3434012728301221,
    0.3434012728301221,
    0.3434012728301221,
    0.3434012728301221,
    0.3434012728301221,
    0.3434012728301221,
    0.3434012728301221,
    0.6783487522052433,
    0.6783487522052433,
    0.6783487522052433,
    0.6783487522052433,
    0.6783487522052433,
    0.6783487522052433,
    0.6783487522052433,
    0.6783487522052433,
    1.3314938975995092,
    1.3314938975995092,
    1.3314938975995092,
    1.6160939744157488
  ],
  "x_hist": [
    [
      37.5287639642604,
      26.91773629614788
    ],
    [
      47.829233999999445,
      82.35014112354563
    ],
    [
      24.43649077494007,
      62.13278598136728
    ],
    [
      35.48393890674565,
      94.94361745496738
    ],
    [
      16.28216201918641,
      83.86135661828055
    ],
    [
      32.476458372216044,
      74.63865922449735
    ],
    [
      32.13036654481498,
      89.6343673225596
    ],
    [
      30.148598999999777,
      49.256194251109285
    ],
    [
      37.56434179481704,
      65.99228961397372
    ],
    [
      34.88452499999944,
      72.97514525247436
    ],
    [
      33.36529397954962,
      85.15777905758739
    ],
    [
      34.87819799999964,
      76.08489822384199
    ],
    [
      37.36426499999942,
      87.78778327994611
    ],
    [
      41.744879999999405,
      100.4720072707649
    ],
    [
      38.28112499999941,
      76.69191621993401
    ],
    [
      45.64222666408809,
      111.9064932186795
    ],
    [
      38.67794999999997,
      75.22449383515101
    ],
    [
      42.03630598607403,
      84.26997486831613
    ],
    [
      38.273022000000154,
      71.34598861519042
    ],
    [
      35.8096057903139,
      69.02752086755608
    ],
    [
      37.891744377059425,
      70.10171806912226
    ],
    [
      36.67684199999985,
      69.27108846175109
    ],
    [
      36.948791999999415,
      67.37938143506399
    ],
    [
      41.399022581511126,
      69.4806678788119
    ],
    [
      43.90227600000007,
      69.88064291018797
    ],
    [
      48.23260800000003,
      72.10088596806122
    ],
    [
      40.8942870000001,
      63.7287142778469
    ],
    [
      42.665291999999894,
      64.17156140276876
    ],
    [
      41.97390332198082,
      63.405687949962356
    ],
    [
      41.057581189908134,
      61.99112505500065
    ]
  ],
  "y_hist": [
    -1.0049956462913712,
    -0.5148730832433084,
    -0.7714876402425467,
    -0.3144370719240541,
    -0.6611574773164867,
    -0.6493845512991753,
    0.3434012728301221,
    -0.27737246352457,
    -0.975562539095333,
    -1.1948534575774183,
    -0.9610596207417734,
    -1.1948534575774183,
    0.07214833782375932,
    -1.6436369513853475,
    -0.9183731317164515,
    -1.5130293616612027,
    -0.975562539095333,
    -0.27737246352457,
    0.6783487522052433,
    -0.3620931498670632,
    -0.6493845512991753,
    -0.4416370770463908,
    -0.16286814335125438,
    0.4200919189235251,
    -0.1210537299887212,
    0.3128291290126751,
    1.3314938975995092,
    0.5730573605954337,
    1.0758881578532418,
    1.6160939744157488
  ],
  "eval_count": 30,
  "evals_to_f_best": 30,
  "total_time": 0.8319764999905601,
  "deviation_from_optimum": 0.0,
  "optimum": 1.6160939744157488,
  "optimum_x": [
    41.057581189908134,
    61.99112505500065
  ],
  "success": true
}