{
  "identifier": "Preprocessed-NO2-2015-284",
  "best_x": [
    39.633383609999676,
    58.71193055086302
  ],
  "best_y": 1.3958997888984945,
  "best_so_far": [
    -0.1971791314425059,
    -0.1971791314425059,
    -0.1971791314425059,
    -0.1971791314425059,
    -0.1971791314425059,
    -0.1971791314425059,
    0.11503812343941795,
    0.2171891192554189,
    0.2171891192554189,
    0.2171891192554189,
    0.2171891192554189,
    0.7767360613858838,
    0.7767360613858838,
    0.7767360613858838,
    1.3958997888984945,
    1.3958997888984945,
    1.3958997888984945,
    1.3958997888984945,
    1.3958997888984945,
    1.3958997888984945,
    1.3958997888984945,
    1.3958997888984945,
    1.3958997888984945,
    1.3958997888984945,
    1.3958997888984945,
    1.3958997888984945,
    1.3958997888984945,
    1.3958997888984945,
    1.3958997888984945,
    1.3958997888984945
  ],
  "x_hist": [
    [
      37.5287639642604,
      26.91773629614788
    ],
    [
      47.829233999999445,
      82.35014112354563
    ],
    [
      24.43649077494007,
      62.13278598136728
    ],
    [
      35.48393890674565,
      94.94361745496738
    ],
    [
      42.04819271644504,
      19.95986456313124
    ],
    [
      41.744879999999405,
      100.4720072707649
    ],
    [
      43.15324799999988,
      49.80644729813726
    ],
    [
      30.148598999999777,
      49.256194251109285
    ],
    [
      42.349365925427506,
      51.68134232422675
    ],
    [
      26.332529999999636,
      50.75139652211307
    ],
    [
      37.52987700000009,
      53.68122940266476
    ],
    [
      39.229832009999384,
      57.71476613835181
    ],
    [
      32.13036654481498,
      89.6343673225596
    ],
    [
      35.701885123808836,
      55.18621527479079
    ],
    [
      39.633383609999676,
      58.71193055086302
    ],
    [
      45.875855999999494,
      61.971246146563196
    ],
    [
      38.33438834999996,
      58.44592514647611
    ],
    [
      50.751419999999946,
      65.22174826892642
    ],
    [
      34.87819799999964,
      76.08489822384199
    ],
    [
      37.44668562154183,
      60.29897548252391
    ],
    [
      42.834122999999536,
      61.13498131873914
    ],
    [
      41.057581189908134,
      61.99112505500065
    ],
    [
      52.36791299999944,
      61.25684396703845
    ],
    [
      41.97390332198082,
      63.405687949962356
    ],
    [
      40.8942870000001,
      63.7287142778469
    ],
    [
      42.665291999999894,
      64.17156140276876
    ],
    [
      37.56434179481704,
      65.99228961397372
    ],
    [
      42.231532428987144,
      67.14015513235218
    ],
    [
      36.948791999999415,
      67.37938143506399
    ],
    [
      35.8096057903139,
      69.02752086755608
    ]
  ],
  "y_hist": [
    -0.1971791314425059,
    -0.22343706701290258,
    -1.0969248003330587,
    -1.1288630344231978,
    -0.3333183318528421,
    -1.3362322699509235,
    0.11503812343941795,
    0.2171891192554189,
    -0.08037263922087588,
    0.050234950503268566,
    -0.1713726441320268,
    0.7767360613858838,
    -0.22343706701290258,
    0.5362524252996946,
    1.3958997888984945,
    0.2941824249672388,
    0.5255688188289981,
    -0.056482898260752916,
    0.46540978719812554,
    -0.056482898260752916,
    0.9680748304807081,
    1.1234281236033907,
    -0.20588083913053945,
    0.6975931231399027,
    0.987903921647112,
    0.30042376606945126,
    0.5678544424834099,
    0.45420794138618037,
    0.4485755131171788,
    0.6089814089035618
  ],
  "eval_count": 30,
  "evals_to_f_best": 15,
  "total_time": 0.8304075830092188,
  "deviation_from_optimum": 0.0,
  "optimum": 1.3958997888984945,
  "optimum_x": [
    39.633383609999676,
    58.71193055086302
  ],
  "success": true
}