{
  "identifier": "Preprocessed-NO2-2015-172",
  "best_x": [
    35.701885123808836,
    55.18621527479079
  ],
  "best_y": 1.1089601525828112,
  "best_so_far": [
    -1.4318722797081804,
    -1.4318722797081804,
    -0.5148730832433084,
    -0.5148730832433084,
    -0.5148730832433084,
    -0.5148730832433084,
    -0.5148730832433084,
    1.0795990135688098,
    1.0795990135688098,
    1.0795990135688098,
    1.0795990135688098,
    1.0795990135688098,
    1.0795990135688098,
    1.0795990135688098,
    1.0795990135688098,
    1.0795990135688098,
    1.0795990135688098,
    1.0795990135688098,
    1.0795990135688098,
    1.0795990135688098,
    1.0795990135688098,
    1.0795990135688098,
    1.0795990135688098,
    1.0795990135688098,
    1.0795990135688098,
    1.0795990135688098,
    1.0795990135688098,
    1.0795990135688098,
    1.0795990135688098,
    1.1089601525828112
  ],
  "x_hist": [
    [
      37.5287639642604,
      26.91773629614788
    ],
    [
      47.829233999999445,
      82.35014112354563
    ],
    [
      31.884638999999517,
      58.65023680944083
    ],
    [
      35.48393890674565,
      94.94361745496738
    ],
    [
      42.04819271644504,
      19.95986456313124
    ],
    [
      37.44668562154183,
      60.29897548252391
    ],
    [
      42.03630598607403,
      84.26997486831613
    ],
    [
      41.057581189908134,
      61.99112505500065
    ],
    [
      40.8942870000001,
      63.7287142778469
    ],
    [
      37.52987700000009,
      53.68122940266476
    ],
    [
      43.15324799999988,
      49.80644729813726
    ],
    [
      30.148598999999777,
      49.256194251109285
    ],
    [
      38.273022000000154,
      71.34598861519042
    ],
    [
      35.8096057903139,
      69.02752086755608
    ],
    [
      38.33438834999996,
      58.44592514647611
    ],
    [
      42.349365925427506,
      51.68134232422675
    ],
    [
      37.56434179481704,
      65.99228961397372
    ],
    [
      41.399022581511126,
      69.4806678788119
    ],
    [
      39.229832009999384,
      57.71476613835181
    ],
    [
      42.231532428987144,
      67.14015513235218
    ],
    [
      41.97390332198082,
      63.405687949962356
    ],
    [
      42.665291999999894,
      64.17156140276876
    ],
    [
      42.834122999999536,
      61.13498131873914
    ],
    [
      39.633383609999676,
      58.71193055086302
    ],
    [
      36.948791999999415,
      67.37938143506399
    ],
    [
      45.875855999999494,
      61.971246146563196
    ],
    [
      36.67684199999985,
      69.27108846175109
    ],
    [
      37.891744377059425,
      70.10171806912226
    ],
    [
      43.90227600000007,
      69.88064291018797
    ],
    [
      35.701885123808836,
      55.18621527479079
    ]
  ],
  "y_hist": [
    -1.4318722797081804,
    -2.395320876068667,
    -0.5148730832433084,
    -1.050256573937683,
    -1.2289694800400743,
    -1.1780818822860812,
    -1.1614956320610277,
    1.0795990135688098,
    0.17715900372254825,
    -1.6898264533714813,
    -0.3144370719240541,
    -0.42135243899515085,
    0.4143297607056542,
    -0.2501625274041636,
    -0.1885275779677678,
    -0.1713726441320268,
    -0.9466954884243219,
    0.005424447578251948,
    0.14986660871386046,
    -0.21463328592559464,
    0.32513280750974444,
    0.24329482721324636,
    0.4143297607056542,
    -0.637703244311553,
    -0.17992560386818662,
    -0.1713726441320268,
    -1.5769130611398394,
    -0.9183731317164515,
    -1.112808973663904,
    1.1089601525828112
  ],
  "eval_count": 30,
  "evals_to_f_best": 30,
  "total_time": 0.8458605000050738,
  "deviation_from_optimum": 0.0,
  "optimum": 1.1089601525828112,
  "optimum_x": [
    35.701885123808836,
    55.18621527479079
  ],
  "success": true
}