{
  "identifier": "Preprocessed-NO2-2015-168",
  "best_x": [
    41.057581189908134,
    61.99112505500065
  ],
  "best_y": 1.6160939744157488,
  "best_so_far": [
    -0.9183731317164515,
    -0.5148730832433084,
    -0.056482898260752916,
    -0.056482898260752916,
    -0.056482898260752916,
    -0.056482898260752916,
    -0.032967424547850586,
    1.4460867376478566,
    1.4460867376478566,
    1.4460867376478566,
    1.4460867376478566,
    1.4460867376478566,
    1.4460867376478566,
    1.4460867376478566,
    1.4460867376478566,
    1.4460867376478566,
    1.4460867376478566,
    1.4460867376478566,
    1.6160939744157488,
    1.6160939744157488,
    1.6160939744157488,
    1.6160939744157488,
    1.6160939744157488,
    1.6160939744157488,
    1.6160939744157488,
    1.6160939744157488,
    1.6160939744157488,
    1.6160939744157488,
    1.6160939744157488,
    1.6160939744157488
  ],
  "x_hist": [
    [
      37.5287639642604,
      26.91773629614788
    ],
    [
      47.829233999999445,
      82.35014112354563
    ],
    [
      31.884638999999517,
      58.65023680944083
    ],
    [
      35.48393890674565,
      94.94361745496738
    ],
    [
      42.03630598607403,
      84.26997486831613
    ],
    [
      24.43649077494007,
      62.13278598136728
    ],
    [
      30.148598999999777,
      49.256194251109285
    ],
    [
      35.701885123808836,
      55.18621527479079
    ],
    [
      36.67684199999985,
      69.27108846175109
    ],
    [
      37.52987700000009,
      53.68122940266476
    ],
    [
      43.15324799999988,
      49.80644729813726
    ],
    [
      34.87819799999964,
      76.08489822384199
    ],
    [
      42.349365925427506,
      51.68134232422675
    ],
    [
      42.04819271644504,
      19.95986456313124
    ],
    [
      39.229832009999384,
      57.71476613835181
    ],
    [
      37.44668562154183,
      60.29897548252391
    ],
    [
      38.33438834999996,
      58.44592514647611
    ],
    [
      39.633383609999676,
      58.71193055086302
    ],
    [
      41.057581189908134,
      61.99112505500065
    ],
    [
      42.834122999999536,
      61.13498131873914
    ],
    [
      40.8942870000001,
      63.7287142778469
    ],
    [
      37.56434179481704,
      65.99228961397372
    ],
    [
      36.948791999999415,
      67.37938143506399
    ],
    [
      41.97390332198082,
      63.405687949962356
    ],
    [
      42.665291999999894,
      64.17156140276876
    ],
    [
      45.875855999999494,
      61.971246146563196
    ],
    [
      35.8096057903139,
      69.02752086755608
    ],
    [
      42.231532428987144,
      67.14015513235218
    ],
    [
      37.891744377059425,
      70.10171806912226
    ],
    [
      41.399022581511126,
      69.4806678788119
    ]
  ],
  "y_hist": [
    -0.9183731317164515,
    -0.5148730832433084,
    -0.056482898260752916,
    -0.40133827085273743,
    -0.2501625274041636,
    -0.637703244311553,
    -0.032967424547850586,
    1.4460867376478566,
    -0.5918663889551277,
    -1.0812069564801887,
    0.7023659105392768,
    -0.7842625290314946,
    0.5362524252996946,
    -0.30508476520577366,
    0.6341250516225128,
    -0.22343706701290258,
    0.45981931379943486,
    0.14296526151086786,
    1.6160939744157488,
    1.4314992528454376,
    0.6588544473945614,
    -0.7842625290314946,
    0.18390526394342624,
    1.2510330310450783,
    0.794766793174556,
    0.4930540376326917,
    0.12906664024458164,
    0.2753011650384508,
    -0.4416370770463908,
    0.47097951667751753
  ],
  "eval_count": 30,
  "evals_to_f_best": 19,
  "total_time": 0.8018132089928258,
  "deviation_from_optimum": 0.0,
  "optimum": 1.6160939744157488,
  "optimum_x": [
    41.057581189908134,
    61.99112505500065
  ],
  "success": true
}