{
  "identifier": "Preprocessed-NO2-2015-228",
  "best_x": [
    39.633383609999676,
    58.71193055086302
  ],
  "best_y": 1.2869682490965355,
  "best_so_far": [
    -0.025210092696396947,
    0.020510407451066973,
    0.902801921858531,
    0.902801921858531,
    0.902801921858531,
    0.902801921858531,
    0.902801921858531,
    0.902801921858531,
    0.902801921858531,
    0.902801921858531,
    0.902801921858531,
    1.2642001362869997,
    1.2642001362869997,
    1.2642001362869997,
    1.2642001362869997,
    1.2642001362869997,
    1.2642001362869997,
    1.2642001362869997,
    1.2869682490965355,
    1.2869682490965355,
    1.2869682490965355,
    1.2869682490965355,
    1.2869682490965355,
    1.2869682490965355,
    1.2869682490965355,
    1.2869682490965355,
    1.2869682490965355,
    1.2869682490965355,
    1.2869682490965355,
    1.2869682490965355
  ],
  "x_hist": [
    [
      37.5287639642604,
      26.91773629614788
    ],
    [
      47.829233999999445,
      82.35014112354563
    ],
    [
      31.884638999999517,
      58.65023680944083
    ],
    [
      35.48393890674565,
      94.94361745496738
    ],
    [
      30.148598999999777,
      49.256194251109285
    ],
    [
      35.701885123808836,
      55.18621527479079
    ],
    [
      41.744879999999405,
      100.4720072707649
    ],
    [
      26.332529999999636,
      50.75139652211307
    ],
    [
      32.476458372216044,
      74.63865922449735
    ],
    [
      24.43649077494007,
      62.13278598136728
    ],
    [
      34.87819799999964,
      76.08489822384199
    ],
    [
      40.8942870000001,
      63.7287142778469
    ],
    [
      45.875855999999494,
      61.971246146563196
    ],
    [
      42.231532428987144,
      67.14015513235218
    ],
    [
      38.273022000000154,
      71.34598861519042
    ],
    [
      38.28112499999941,
      76.69191621993401
    ],
    [
      37.56434179481704,
      65.99228961397372
    ],
    [
      41.399022581511126,
      69.4806678788119
    ],
    [
      39.633383609999676,
      58.71193055086302
    ],
    [
      37.52987700000009,
      53.68122940266476
    ],
    [
      41.057581189908134,
      61.99112505500065
    ],
    [
      36.948791999999415,
      67.37938143506399
    ],
    [
      41.97390332198082,
      63.405687949962356
    ],
    [
      38.33438834999996,
      58.44592514647611
    ],
    [
      39.229832009999384,
      57.71476613835181
    ],
    [
      42.665291999999894,
      64.17156140276876
    ],
    [
      36.67684199999985,
      69.27108846175109
    ],
    [
      43.90227600000007,
      69.88064291018797
    ],
    [
      43.15324799999988,
      49.80644729813726
    ],
    [
      52.36791299999944,
      61.25684396703845
    ]
  ],
  "y_hist": [
    -0.025210092696396947,
    0.020510407451066973,
    0.902801921858531,
    -0.30508476520577366,
    0.7306882672471479,
    0.7630694385477358,
    -0.7462594771050677,
    0.45420794138618037,
    0.7353571368665328,
    -0.3620931498670632,
    0.6190894630771556,
    1.2642001362869997,
    0.4258320420657214,
    0.43155029801914585,
    0.6783487522052433,
    0.012986379805319194,
    0.5039707430047735,
    0.5309201270723722,
    1.2869682490965355,
    0.21059112897277193,
    1.2543356514587063,
    -0.00981467186537667,
    0.8214131799972699,
    1.0833007179662986,
    0.5309201270723722,
    0.5362524252996946,
    0.14296526151086786,
    0.14986660871386046,
    1.007474477524456,
    0.4143297607056542
  ],
  "eval_count": 30,
  "evals_to_f_best": 19,
  "total_time": 0.8123274579993449,
  "deviation_from_optimum": 0.0,
  "optimum": 1.2869682490965355,
  "optimum_x": [
    39.633383609999676,
    58.71193055086302
  ],
  "success": true
}