{
  "identifier": "Preprocessed-NO2-2015-259",
  "best_x": [
    40.8942870000001,
    63.7287142778469
  ],
  "best_y": 1.7041937122857331,
  "best_so_far": [
    0.12906664024458164,
    0.12906664024458164,
    1.0980169179228576,
    1.0980169179228576,
    1.0980169179228576,
    1.0980169179228576,
    1.0980169179228576,
    1.0980169179228576,
    1.0980169179228576,
    1.0980169179228576,
    1.0980169179228576,
    1.0980169179228576,
    1.2176009057948547,
    1.2176009057948547,
    1.2176009057948547,
    1.2176009057948547,
    1.2176009057948547,
    1.2176009057948547,
    1.2176009057948547,
    1.6186842086606732,
    1.7041937122857331,
    1.7041937122857331,
    1.7041937122857331,
    1.7041937122857331,
    1.7041937122857331,
    1.7041937122857331,
    1.7041937122857331,
    1.7041937122857331,
    1.7041937122857331,
    1.7041937122857331
  ],
  "x_hist": [
    [
      37.5287639642604,
      26.91773629614788
    ],
    [
      47.829233999999445,
      82.35014112354563
    ],
    [
      31.884638999999517,
      58.65023680944083
    ],
    [
      35.48393890674565,
      94.94361745496738
    ],
    [
      35.701885123808836,
      55.18621527479079
    ],
    [
      37.52987700000009,
      53.68122940266476
    ],
    [
      24.43649077494007,
      62.13278598136728
    ],
    [
      42.04819271644504,
      19.95986456313124
    ],
    [
      30.148598999999777,
      49.256194251109285
    ],
    [
      26.332529999999636,
      50.75139652211307
    ],
    [
      32.476458372216044,
      74.63865922449735
    ],
    [
      34.87819799999964,
      76.08489822384199
    ],
    [
      37.56434179481704,
      65.99228961397372
    ],
    [
      37.44668562154183,
      60.29897548252391
    ],
    [
      35.8096057903139,
      69.02752086755608
    ],
    [
      38.33438834999996,
      58.44592514647611
    ],
    [
      34.88452499999944,
      72.97514525247436
    ],
    [
      36.67684199999985,
      69.27108846175109
    ],
    [
      37.891744377059425,
      70.10171806912226
    ],
    [
      39.633383609999676,
      58.71193055086302
    ],
    [
      40.8942870000001,
      63.7287142778469
    ],
    [
      41.057581189908134,
      61.99112505500065
    ],
    [
      41.97390332198082,
      63.405687949962356
    ],
    [
      38.273022000000154,
      71.34598861519042
    ],
    [
      42.834122999999536,
      61.13498131873914
    ],
    [
      41.399022581511126,
      69.4806678788119
    ],
    [
      42.665291999999894,
      64.17156140276876
    ],
    [
      42.231532428987144,
      67.14015513235218
    ],
    [
      38.67794999999997,
      75.22449383515101
    ],
    [
      38.28112499999941,
      76.69191621993401
    ]
  ],
  "y_hist": [
    0.12906664024458164,
    -0.1376399802137754,
    1.0980169179228576,
    -0.5148730832433084,
    0.9839590038115535,
    0.2497509247894571,
    -0.25917781199646434,
    -0.002175773076444545,
    0.4143297607056542,
    0.2941824249672388,
    0.8258086161467119,
    0.9152587599264133,
    1.2176009057948547,
    0.7260048301482523,
    1.0458663496505578,
    0.9996768476644234,
    0.7492772400807753,
    0.5362524252996946,
    0.4429218703790188,
    1.6186842086606732,
    1.7041937122857331,
    1.6366917641452705,
    1.425624331950696,
    0.4143297607056542,
    1.1729952811029338,
    0.6734988598682657,
    0.6637518102134274,
    0.8860303465671945,
    0.6341250516225128,
    -0.14600234374976137
  ],
  "eval_count": 30,
  "evals_to_f_best": 21,
  "total_time": 0.8089074580057058,
  "deviation_from_optimum": 0.0,
  "optimum": 1.7041937122857331,
  "optimum_x": [
    40.8942870000001,
    63.7287142778469
  ],
  "success": true
}