{
  "identifier": "Preprocessed-NO2-2015-245",
  "best_x": [
    41.97390332198082,
    63.405687949962356
  ],
  "best_y": 1.9348814603948514,
  "best_so_far": [
    -0.6611574773164867,
    -0.1376399802137754,
    0.6783487522052433,
    0.6783487522052433,
    1.3346243270395453,
    1.3346243270395453,
    1.3346243270395453,
    1.3346243270395453,
    1.3346243270395453,
    1.3346243270395453,
    1.3346243270395453,
    1.3346243270395453,
    1.3346243270395453,
    1.3346243270395453,
    1.3346243270395453,
    1.3346243270395453,
    1.3346243270395453,
    1.3346243270395453,
    1.3625082317587707,
    1.3625082317587707,
    1.3625082317587707,
    1.3625082317587707,
    1.3625082317587707,
    1.3625082317587707,
    1.3625082317587707,
    1.3625082317587707,
    1.3625082317587707,
    1.9348814603948514,
    1.9348814603948514,
    1.9348814603948514
  ],
  "x_hist": [
    [
      37.5287639642604,
      26.91773629614788
    ],
    [
      47.829233999999445,
      82.35014112354563
    ],
    [
      31.884638999999517,
      58.65023680944083
    ],
    [
      35.48393890674565,
      94.94361745496738
    ],
    [
      32.13036654481498,
      89.6343673225596
    ],
    [
      37.36426499999942,
      87.78778327994611
    ],
    [
      41.744879999999405,
      100.4720072707649
    ],
    [
      42.03630598607403,
      84.26997486831613
    ],
    [
      34.88452499999944,
      72.97514525247436
    ],
    [
      34.87819799999964,
      76.08489822384199
    ],
    [
      38.28112499999941,
      76.69191621993401
    ],
    [
      32.476458372216044,
      74.63865922449735
    ],
    [
      38.67794999999997,
      75.22449383515101
    ],
    [
      38.273022000000154,
      71.34598861519042
    ],
    [
      37.891744377059425,
      70.10171806912226
    ],
    [
      45.64222666408809,
      111.9064932186795
    ],
    [
      36.67684199999985,
      69.27108846175109
    ],
    [
      35.8096057903139,
      69.02752086755608
    ],
    [
      41.399022581511126,
      69.4806678788119
    ],
    [
      36.948791999999415,
      67.37938143506399
    ],
    [
      43.90227600000007,
      69.88064291018797
    ],
    [
      48.23260800000003,
      72.10088596806122
    ],
    [
      37.56434179481704,
      65.99228961397372
    ],
    [
      42.231532428987144,
      67.14015513235218
    ],
    [
      24.43649077494007,
      62.13278598136728
    ],
    [
      40.8942870000001,
      63.7287142778469
    ],
    [
      42.665291999999894,
      64.17156140276876
    ],
    [
      41.97390332198082,
      63.405687949962356
    ],
    [
      41.057581189908134,
      61.99112505500065
    ],
    [
      37.44668562154183,
      60.29897548252391
    ]
  ],
  "y_hist": [
    -0.6611574773164867,
    -0.1376399802137754,
    0.6783487522052433,
    0.3910573507731312,
    1.3346243270395453,
    1.053428281877625,
    0.050234950503268566,
    0.14296526151086786,
    0.2816213443650285,
    0.5782423065883675,
    0.3851824298783897,
    0.6637518102134274,
    0.3373364549938343,
    1.270740627560908,
    0.2561793730408118,
    0.09374641364798453,
    0.37928442475581914,
    1.030627230206929,
    1.3625082317587707,
    0.49852231461821545,
    0.5255688188289981,
    -0.01749264447536001,
    0.8605162982041191,
    0.8647988699321041,
    0.2039640083957735,
    1.2966212751131183,
    0.8944395583225451,
    1.9348814603948514,
    1.4547716627779606,
    0.3554578868261881
  ],
  "eval_count": 30,
  "evals_to_f_best": 28,
  "total_time": 0.8088581670017447,
  "deviation_from_optimum": 0.0,
  "optimum": 1.9348814603948514,
  "optimum_x": [
    41.97390332198082,
    63.405687949962356
  ],
  "success": true
}