{
  "identifier": "Preprocessed-NO2-2015-262",
  "best_x": [
    35.701885123808836,
    55.18621527479079
  ],
  "best_y": 1.5002612158717412,
  "best_so_far": [
    0.12906664024458164,
    0.12906664024458164,
    0.7721943321343866,
    0.7721943321343866,
    0.7721943321343866,
    0.7721943321343866,
    1.1125902398960656,
    1.33774824153327,
    1.33774824153327,
    1.33774824153327,
    1.33774824153327,
    1.5002612158717412,
    1.5002612158717412,
    1.5002612158717412,
    1.5002612158717412,
    1.5002612158717412,
    1.5002612158717412,
    1.5002612158717412,
    1.5002612158717412,
    1.5002612158717412,
    1.5002612158717412,
    1.5002612158717412,
    1.5002612158717412,
    1.5002612158717412,
    1.5002612158717412,
    1.5002612158717412,
    1.5002612158717412,
    1.5002612158717412,
    1.5002612158717412,
    1.5002612158717412
  ],
  "x_hist": [
    [
      37.5287639642604,
      26.91773629614788
    ],
    [
      47.829233999999445,
      82.35014112354563
    ],
    [
      31.884638999999517,
      58.65023680944083
    ],
    [
      35.48393890674565,
      94.94361745496738
    ],
    [
      42.03630598607403,
      84.26997486831613
    ],
    [
      24.43649077494007,
      62.13278598136728
    ],
    [
      30.148598999999777,
      49.256194251109285
    ],
    [
      43.15324799999988,
      49.80644729813726
    ],
    [
      26.332529999999636,
      50.75139652211307
    ],
    [
      52.36791299999944,
      61.25684396703845
    ],
    [
      37.52987700000009,
      53.68122940266476
    ],
    [
      35.701885123808836,
      55.18621527479079
    ],
    [
      38.33438834999996,
      58.44592514647611
    ],
    [
      32.476458372216044,
      74.63865922449735
    ],
    [
      37.44668562154183,
      60.29897548252391
    ],
    [
      42.04819271644504,
      19.95986456313124
    ],
    [
      39.229832009999384,
      57.71476613835181
    ],
    [
      39.633383609999676,
      58.71193055086302
    ],
    [
      41.057581189908134,
      61.99112505500065
    ],
    [
      42.834122999999536,
      61.13498131873914
    ],
    [
      37.56434179481704,
      65.99228961397372
    ],
    [
      40.8942870000001,
      63.7287142778469
    ],
    [
      41.97390332198082,
      63.405687949962356
    ],
    [
      35.8096057903139,
      69.02752086755608
    ],
    [
      42.665291999999894,
      64.17156140276876
    ],
    [
      36.67684199999985,
      69.27108846175109
    ],
    [
      45.875855999999494,
      61.971246146563196
    ],
    [
      42.231532428987144,
      67.14015513235218
    ],
    [
      37.891744377059425,
      70.10171806912226
    ],
    [
      41.399022581511126,
      69.4806678788119
    ]
  ],
  "y_hist": [
    0.12906664024458164,
    -0.1376399802137754,
    0.7721943321343866,
    -0.5806225882728716,
    -0.7091948687055835,
    0.12906664024458164,
    1.1125902398960656,
    1.33774824153327,
    0.6341250516225128,
    0.7118661977745061,
    0.10797439100389772,
    1.5002612158717412,
    0.8519143241045386,
    0.47652865561276964,
    0.4143297607056542,
    0.05757501585055113,
    0.2561793730408118,
    1.299825204552487,
    1.2966212751131183,
    0.8562214730353249,
    1.0684388106907279,
    1.0420710495945855,
    0.7630694385477358,
    0.8125835052870658,
    0.4429218703790188,
    0.2753011650384508,
    0.7857785006138405,
    0.8519143241045386,
    0.3434012728301221,
    0.9398665302580151
  ],
  "eval_count": 30,
  "evals_to_f_best": 12,
  "total_time": 0.8300703749991953,
  "deviation_from_optimum": 0.0,
  "optimum": 1.5002612158717412,
  "optimum_x": [
    35.701885123808836,
    55.18621527479079
  ],
  "success": true
}