{
  "identifier": "Preprocessed-NO2-2015-266",
  "best_x": [
    41.057581189908134,
    61.99112505500065
  ],
  "best_y": 1.9243625640020487,
  "best_so_far": [
    -0.37180865545128106,
    -0.056482898260752916,
    0.47097951667751753,
    0.47097951667751753,
    1.0420710495945855,
    1.0420710495945855,
    1.0420710495945855,
    1.7570357899674964,
    1.7570357899674964,
    1.7570357899674964,
    1.7570357899674964,
    1.7570357899674964,
    1.7570357899674964,
    1.7570357899674964,
    1.7570357899674964,
    1.7570357899674964,
    1.7570357899674964,
    1.7570357899674964,
    1.7570357899674964,
    1.9243625640020487,
    1.9243625640020487,
    1.9243625640020487,
    1.9243625640020487,
    1.9243625640020487,
    1.9243625640020487,
    1.9243625640020487,
    1.9243625640020487,
    1.9243625640020487,
    1.9243625640020487,
    1.9243625640020487
  ],
  "x_hist": [
    [
      37.5287639642604,
      26.91773629614788
    ],
    [
      47.829233999999445,
      82.35014112354563
    ],
    [
      31.884638999999517,
      58.65023680944083
    ],
    [
      35.48393890674565,
      94.94361745496738
    ],
    [
      32.13036654481498,
      89.6343673225596
    ],
    [
      41.744879999999405,
      100.4720072707649
    ],
    [
      33.36529397954962,
      85.15777905758739
    ],
    [
      35.701885123808836,
      55.18621527479079
    ],
    [
      43.15324799999988,
      49.80644729813726
    ],
    [
      32.476458372216044,
      74.63865922449735
    ],
    [
      26.332529999999636,
      50.75139652211307
    ],
    [
      37.44668562154183,
      60.29897548252391
    ],
    [
      37.56434179481704,
      65.99228961397372
    ],
    [
      24.43649077494007,
      62.13278598136728
    ],
    [
      37.52987700000009,
      53.68122940266476
    ],
    [
      30.148598999999777,
      49.256194251109285
    ],
    [
      38.33438834999996,
      58.44592514647611
    ],
    [
      39.229832009999384,
      57.71476613835181
    ],
    [
      39.633383609999676,
      58.71193055086302
    ],
    [
      41.057581189908134,
      61.99112505500065
    ],
    [
      40.8942870000001,
      63.7287142778469
    ],
    [
      35.8096057903139,
      69.02752086755608
    ],
    [
      41.97390332198082,
      63.405687949962356
    ],
    [
      42.834122999999536,
      61.13498131873914
    ],
    [
      42.665291999999894,
      64.17156140276876
    ],
    [
      37.891744377059425,
      70.10171806912226
    ],
    [
      45.875855999999494,
      61.971246146563196
    ],
    [
      42.231532428987144,
      67.14015513235218
    ],
    [
      41.399022581511126,
      69.4806678788119
    ],
    [
      38.273022000000154,
      71.34598861519042
    ]
  ],
  "y_hist": [
    -0.37180865545128106,
    -0.056482898260752916,
    0.47097951667751753,
    0.14296526151086786,
    1.0420710495945855,
    -0.49358137345187497,
    -0.45188312619801335,
    1.7570357899674964,
    1.33774824153327,
    0.012986379805319194,
    0.2689542618297598,
    0.16357483524309432,
    -0.04076505440788234,
    -0.3238480141771158,
    -0.48304771357462556,
    0.5148086267120978,
    0.9398665302580151,
    0.5626334272284822,
    0.5782423065883675,
    1.9243625640020487,
    0.9957627897166645,
    0.2816213443650285,
    1.4373512695070154,
    1.33774824153327,
    0.8986265634710048,
    -0.22343706701290258,
    0.740011529347584,
    0.3434012728301221,
    0.7353571368665328,
    1.2040167373154
  ],
  "eval_count": 30,
  "evals_to_f_best": 20,
  "total_time": 0.8142822920053732,
  "deviation_from_optimum": 0.0,
  "optimum": 1.9243625640020487,
  "optimum_x": [
    41.057581189908134,
    61.99112505500065
  ],
  "success": true
}