{
  "identifier": "Preprocessed-NO2-2015-143",
  "best_x": [
    41.057581189908134,
    61.99112505500065
  ],
  "best_y": 1.3125729701089148,
  "best_so_far": [
    -0.45188312619801335,
    -0.45188312619801335,
    -0.22343706701290258,
    -0.22343706701290258,
    0.3851824298783897,
    0.3851824298783897,
    0.3851824298783897,
    0.3851824298783897,
    0.3851824298783897,
    0.3851824298783897,
    1.2609191724179765,
    1.2609191724179765,
    1.3125729701089148,
    1.3125729701089148,
    1.3125729701089148,
    1.3125729701089148,
    1.3125729701089148,
    1.3125729701089148,
    1.3125729701089148,
    1.3125729701089148,
    1.3125729701089148,
    1.3125729701089148,
    1.3125729701089148,
    1.3125729701089148,
    1.3125729701089148,
    1.3125729701089148,
    1.3125729701089148,
    1.3125729701089148,
    1.3125729701089148,
    1.3125729701089148
  ],
  "x_hist": [
    [
      37.5287639642604,
      26.91773629614788
    ],
    [
      42.03630598607403,
      84.26997486831613
    ],
    [
      37.44668562154183,
      60.29897548252391
    ],
    [
      35.48393890674565,
      94.94361745496738
    ],
    [
      43.15324799999988,
      49.80644729813726
    ],
    [
      42.04819271644504,
      19.95986456313124
    ],
    [
      42.349365925427506,
      51.68134232422675
    ],
    [
      37.52987700000009,
      53.68122940266476
    ],
    [
      39.229832009999384,
      57.71476613835181
    ],
    [
      35.701885123808836,
      55.18621527479079
    ],
    [
      39.633383609999676,
      58.71193055086302
    ],
    [
      30.148598999999777,
      49.256194251109285
    ],
    [
      41.057581189908134,
      61.99112505500065
    ],
    [
      38.33438834999996,
      58.44592514647611
    ],
    [
      42.834122999999536,
      61.13498131873914
    ],
    [
      41.97390332198082,
      63.405687949962356
    ],
    [
      26.332529999999636,
      50.75139652211307
    ],
    [
      40.8942870000001,
      63.7287142778469
    ],
    [
      37.56434179481704,
      65.99228961397372
    ],
    [
      42.665291999999894,
      64.17156140276876
    ],
    [
      45.875855999999494,
      61.971246146563196
    ],
    [
      42.231532428987144,
      67.14015513235218
    ],
    [
      36.948791999999415,
      67.37938143506399
    ],
    [
      41.399022581511126,
      69.4806678788119
    ],
    [
      37.891744377059425,
      70.10171806912226
    ],
    [
      43.90227600000007,
      69.88064291018797
    ],
    [
      36.67684199999985,
      69.27108846175109
    ],
    [
      35.8096057903139,
      69.02752086755608
    ],
    [
      38.273022000000154,
      71.34598861519042
    ],
    [
      50.751419999999946,
      65.22174826892642
    ]
  ],
  "y_hist": [
    -0.45188312619801335,
    -1.246322741202846,
    -0.22343706701290258,
    -1.1780818822860812,
    0.3851824298783897,
    -0.6970406292421844,
    0.3373364549938343,
    -0.3144370719240541,
    -0.11282883065654499,
    0.23681084144001122,
    1.2609191724179765,
    -0.1293239457993056,
    1.3125729701089148,
    0.8562214730353249,
    0.8605162982041191,
    0.8037015836769549,
    -0.25917781199646434,
    1.2543356514587063,
    0.4485755131171788,
    0.4143297607056542,
    -0.01749264447536001,
    0.1220687703558549,
    0.020510407451066973,
    -0.26824756993791987,
    -0.2957903678786178,
    -0.8632828983497581,
    -0.08037263922087588,
    0.6089814089035618,
    -0.3144370719240541,
    -0.4416370770463908
  ],
  "eval_count": 30,
  "evals_to_f_best": 13,
  "total_time": 0.835552208009176,
  "deviation_from_optimum": 0.0,
  "optimum": 1.3125729701089148,
  "optimum_x": [
    41.057581189908134,
    61.99112505500065
  ],
  "success": true
}