{
  "identifier": "Preprocessed-NO2-2015-355",
  "best_x": [
    35.701885123808836,
    55.18621527479079
  ],
  "best_y": 1.8194436852052827,
  "best_so_far": [
    -0.4416370770463908,
    0.2941824249672388,
    0.6783487522052433,
    0.6783487522052433,
    1.3808138290256795,
    1.3808138290256795,
    1.3808138290256795,
    1.3808138290256795,
    1.3808138290256795,
    1.3808138290256795,
    1.3808138290256795,
    1.3808138290256795,
    1.3808138290256795,
    1.3808138290256795,
    1.3808138290256795,
    1.3808138290256795,
    1.8194436852052827,
    1.8194436852052827,
    1.8194436852052827,
    1.8194436852052827,
    1.8194436852052827,
    1.8194436852052827,
    1.8194436852052827,
    1.8194436852052827,
    1.8194436852052827,
    1.8194436852052827,
    1.8194436852052827,
    1.8194436852052827,
    1.8194436852052827,
    1.8194436852052827
  ],
  "x_hist": [
    [
      37.5287639642604,
      26.91773629614788
    ],
    [
      47.829233999999445,
      82.35014112354563
    ],
    [
      31.884638999999517,
      58.65023680944083
    ],
    [
      35.48393890674565,
      94.94361745496738
    ],
    [
      43.15324799999988,
      49.80644729813726
    ],
    [
      42.04819271644504,
      19.95986456313124
    ],
    [
      41.399022581511126,
      69.4806678788119
    ],
    [
      26.332529999999636,
      50.75139652211307
    ],
    [
      37.52987700000009,
      53.68122940266476
    ],
    [
      43.90227600000007,
      69.88064291018797
    ],
    [
      30.148598999999777,
      49.256194251109285
    ],
    [
      40.8942870000001,
      63.7287142778469
    ],
    [
      49.543184999999745,
      44.872801955437204
    ],
    [
      42.349365925427506,
      51.68134232422675
    ],
    [
      39.229832009999384,
      57.71476613835181
    ],
    [
      45.55373399999962,
      52.16115606191214
    ],
    [
      35.701885123808836,
      55.18621527479079
    ],
    [
      38.33438834999996,
      58.44592514647611
    ],
    [
      39.633383609999676,
      58.71193055086302
    ],
    [
      41.057581189908134,
      61.99112505500065
    ],
    [
      42.834122999999536,
      61.13498131873914
    ],
    [
      37.44668562154183,
      60.29897548252391
    ],
    [
      41.97390332198082,
      63.405687949962356
    ],
    [
      42.665291999999894,
      64.17156140276876
    ],
    [
      45.875855999999494,
      61.971246146563196
    ],
    [
      37.56434179481704,
      65.99228961397372
    ],
    [
      36.948791999999415,
      67.37938143506399
    ],
    [
      35.8096057903139,
      69.02752086755608
    ],
    [
      52.36791299999944,
      61.25684396703845
    ],
    [
      36.67684199999985,
      69.27108846175109
    ]
  ],
  "y_hist": [
    -0.4416370770463908,
    0.2941824249672388,
    0.6783487522052433,
    -0.1885275779677678,
    1.3808138290256795,
    0.16357483524309432,
    0.7118661977745061,
    0.5885587758742924,
    -0.6849840152461176,
    -0.1544115555051119,
    0.23681084144001122,
    0.935793148185787,
    0.2171891192554189,
    0.7767360613858838,
    0.8214131799972699,
    0.5093994663631725,
    1.8194436852052827,
    1.1868618034796596,
    0.7538887348674779,
    1.7687902773842796,
    1.4314992528454376,
    -0.41131199772994653,
    1.0190954932915186,
    0.6490115244364324,
    0.8389182223798947,
    -0.603195049313041,
    -0.5806225882728716,
    -0.48304771357462556,
    -0.27737246352457,
    0.050234950503268566
  ],
  "eval_count": 30,
  "evals_to_f_best": 17,
  "total_time": 0.8369952499924693,
  "deviation_from_optimum": 0.0,
  "optimum": 1.8194436852052827,
  "optimum_x": [
    35.701885123808836,
    55.18621527479079
  ],
  "success": true
}