{
  "identifier": "Preprocessed-NO2-2015-356",
  "best_x": [
    35.701885123808836,
    55.18621527479079
  ],
  "best_y": 1.4018919739917606,
  "best_so_far": [
    -1.1948534575774183,
    -0.6261121413666523,
    0.16357483524309432,
    0.16357483524309432,
    0.16357483524309432,
    0.16357483524309432,
    0.16357483524309432,
    0.16357483524309432,
    1.4018919739917606,
    1.4018919739917606,
    1.4018919739917606,
    1.4018919739917606,
    1.4018919739917606,
    1.4018919739917606,
    1.4018919739917606,
    1.4018919739917606,
    1.4018919739917606,
    1.4018919739917606,
    1.4018919739917606,
    1.4018919739917606,
    1.4018919739917606,
    1.4018919739917606,
    1.4018919739917606,
    1.4018919739917606,
    1.4018919739917606,
    1.4018919739917606,
    1.4018919739917606,
    1.4018919739917606,
    1.4018919739917606,
    1.4018919739917606
  ],
  "x_hist": [
    [
      37.5287639642604,
      26.91773629614788
    ],
    [
      47.829233999999445,
      82.35014112354563
    ],
    [
      31.884638999999517,
      58.65023680944083
    ],
    [
      35.48393890674565,
      94.94361745496738
    ],
    [
      30.148598999999777,
      49.256194251109285
    ],
    [
      24.43649077494007,
      62.13278598136728
    ],
    [
      32.13036654481498,
      89.6343673225596
    ],
    [
      26.332529999999636,
      50.75139652211307
    ],
    [
      35.701885123808836,
      55.18621527479079
    ],
    [
      37.52987700000009,
      53.68122940266476
    ],
    [
      42.349365925427506,
      51.68134232422675
    ],
    [
      32.476458372216044,
      74.63865922449735
    ],
    [
      38.33438834999996,
      58.44592514647611
    ],
    [
      37.44668562154183,
      60.29897548252391
    ],
    [
      39.229832009999384,
      57.71476613835181
    ],
    [
      43.15324799999988,
      49.80644729813726
    ],
    [
      37.56434179481704,
      65.99228961397372
    ],
    [
      39.633383609999676,
      58.71193055086302
    ],
    [
      36.948791999999415,
      67.37938143506399
    ],
    [
      41.057581189908134,
      61.99112505500065
    ],
    [
      40.8942870000001,
      63.7287142778469
    ],
    [
      35.8096057903139,
      69.02752086755608
    ],
    [
      36.67684199999985,
      69.27108846175109
    ],
    [
      42.834122999999536,
      61.13498131873914
    ],
    [
      41.97390332198082,
      63.405687949962356
    ],
    [
      42.665291999999894,
      64.17156140276876
    ],
    [
      45.55373399999962,
      52.16115606191214
    ],
    [
      34.88452499999944,
      72.97514525247436
    ],
    [
      38.273022000000154,
      71.34598861519042
    ],
    [
      41.399022581511126,
      69.4806678788119
    ]
  ],
  "y_hist": [
    -1.1948534575774183,
    -0.6261121413666523,
    0.16357483524309432,
    -1.1450906559588259,
    -0.5694623853947889,
    -1.6898264533714813,
    -0.3238480141771158,
    -0.17992560386818662,
    1.4018919739917606,
    -1.6665540434389587,
    -0.1971791314425059,
    -1.392882025922787,
    0.6831830248941215,
    -1.3548789739963605,
    0.2171891192554189,
    0.4258320420657214,
    -1.6436369513853475,
    0.4200919189235251,
    -1.5553149853156145,
    1.398898871559435,
    0.6975931231399027,
    -1.5340232755241812,
    -0.975562539095333,
    1.0035807259961464,
    0.5885587758742924,
    0.17038228624168394,
    0.050234950503268566,
    -1.0969248003330587,
    0.3554578868261881,
    0.050234950503268566
  ],
  "eval_count": 30,
  "evals_to_f_best": 9,
  "total_time": 0.8134919579897542,
  "deviation_from_optimum": 0.0,
  "optimum": 1.4018919739917606,
  "optimum_x": [
    35.701885123808836,
    55.18621527479079
  ],
  "success": true
}