{
  "identifier": "Preprocessed-NO2-2015-316",
  "best_x": [
    41.057581189908134,
    61.99112505500065
  ],
  "best_y": 1.9453271558023322,
  "best_so_far": [
    0.1360320373023964,
    0.6291299043423599,
    0.6291299043423599,
    0.6291299043423599,
    0.6291299043423599,
    0.6291299043423599,
    0.6291299043423599,
    0.8081491139602407,
    0.8081491139602407,
    0.8081491139602407,
    0.8081491139602407,
    0.8081491139602407,
    0.8081491139602407,
    0.8081491139602407,
    0.8081491139602407,
    0.8081491139602407,
    0.8081491139602407,
    0.8081491139602407,
    1.0609523095233735,
    1.0609523095233735,
    1.0609523095233735,
    1.0609523095233735,
    1.0609523095233735,
    1.0609523095233735,
    1.0609523095233735,
    1.0609523095233735,
    1.0609523095233735,
    1.0609523095233735,
    1.4108356372283628,
    1.9453271558023322
  ],
  "x_hist": [
    [
      37.5287639642604,
      26.91773629614788
    ],
    [
      47.829233999999445,
      82.35014112354563
    ],
    [
      31.884638999999517,
      58.65023680944083
    ],
    [
      35.48393890674565,
      94.94361745496738
    ],
    [
      41.744879999999405,
      100.4720072707649
    ],
    [
      16.28216201918641,
      83.86135661828055
    ],
    [
      38.67794999999997,
      75.22449383515101
    ],
    [
      37.36426499999942,
      87.78778327994611
    ],
    [
      48.23260800000003,
      72.10088596806122
    ],
    [
      32.13036654481498,
      89.6343673225596
    ],
    [
      32.476458372216044,
      74.63865922449735
    ],
    [
      24.43649077494007,
      62.13278598136728
    ],
    [
      45.64222666408809,
      111.9064932186795
    ],
    [
      33.36529397954962,
      85.15777905758739
    ],
    [
      42.03630598607403,
      84.26997486831613
    ],
    [
      38.28112499999941,
      76.69191621993401
    ],
    [
      34.87819799999964,
      76.08489822384199
    ],
    [
      34.88452499999944,
      72.97514525247436
    ],
    [
      38.273022000000154,
      71.34598861519042
    ],
    [
      35.8096057903139,
      69.02752086755608
    ],
    [
      37.891744377059425,
      70.10171806912226
    ],
    [
      36.67684199999985,
      69.27108846175109
    ],
    [
      36.948791999999415,
      67.37938143506399
    ],
    [
      41.399022581511126,
      69.4806678788119
    ],
    [
      37.56434179481704,
      65.99228961397372
    ],
    [
      43.90227600000007,
      69.88064291018797
    ],
    [
      42.231532428987144,
      67.14015513235218
    ],
    [
      42.665291999999894,
      64.17156140276876
    ],
    [
      41.97390332198082,
      63.405687949962356
    ],
    [
      41.057581189908134,
      61.99112505500065
    ]
  ],
  "y_hist": [
    0.1360320373023964,
    0.6291299043423599,
    0.6291299043423599,
    -0.1713726441320268,
    -1.2289694800400743,
    -0.08842113235089138,
    -0.7214483275478379,
    0.8081491139602407,
    0.5362524252996946,
    0.3851824298783897,
    -0.1885275779677678,
    -0.48304771357462556,
    -0.9610596207417734,
    -0.1713726441320268,
    0.050234950503268566,
    -0.7462594771050677,
    -0.6970406292421844,
    0.16357483524309432,
    1.0609523095233735,
    -0.1210537299887212,
    -0.6970406292421844,
    0.22375823421469399,
    -0.2957903678786178,
    0.6539410538995897,
    -0.5256332753602087,
    -0.032967424547850586,
    -0.17992560386818662,
    0.6686332466210254,
    1.4108356372283628,
    1.9453271558023322
  ],
  "eval_count": 30,
  "evals_to_f_best": 30,
  "total_time": 0.8082299999950919,
  "deviation_from_optimum": 0.0,
  "optimum": 1.9453271558023322,
  "optimum_x": [
    41.057581189908134,
    61.99112505500065
  ],
  "success": true
}