{
  "identifier": "Preprocessed-NO2-2015-179",
  "best_x": [
    35.701885123808836,
    55.18621527479079
  ],
  "best_y": 1.3563564183428514,
  "best_so_far": [
    -0.7714876402425467,
    -0.41131199772994653,
    0.09374641364798453,
    0.09374641364798453,
    0.2816213443650285,
    0.2816213443650285,
    0.2816213443650285,
    0.2816213443650285,
    0.2816213443650285,
    1.2510330310450783,
    1.2510330310450783,
    1.2510330310450783,
    1.2510330310450783,
    1.2510330310450783,
    1.3563564183428514,
    1.3563564183428514,
    1.3563564183428514,
    1.3563564183428514,
    1.3563564183428514,
    1.3563564183428514,
    1.3563564183428514,
    1.3563564183428514,
    1.3563564183428514,
    1.3563564183428514,
    1.3563564183428514,
    1.3563564183428514,
    1.3563564183428514,
    1.3563564183428514,
    1.3563564183428514,
    1.3563564183428514
  ],
  "x_hist": [
    [
      37.5287639642604,
      26.91773629614788
    ],
    [
      47.829233999999445,
      82.35014112354563
    ],
    [
      31.884638999999517,
      58.65023680944083
    ],
    [
      35.48393890674565,
      94.94361745496738
    ],
    [
      39.229832009999384,
      57.71476613835181
    ],
    [
      26.332529999999636,
      50.75139652211307
    ],
    [
      37.52987700000009,
      53.68122940266476
    ],
    [
      30.148598999999777,
      49.256194251109285
    ],
    [
      33.36529397954962,
      85.15777905758739
    ],
    [
      43.15324799999988,
      49.80644729813726
    ],
    [
      45.875855999999494,
      61.971246146563196
    ],
    [
      39.633383609999676,
      58.71193055086302
    ],
    [
      42.04819271644504,
      19.95986456313124
    ],
    [
      42.834122999999536,
      61.13498131873914
    ],
    [
      35.701885123808836,
      55.18621527479079
    ],
    [
      38.33438834999996,
      58.44592514647611
    ],
    [
      41.057581189908134,
      61.99112505500065
    ],
    [
      52.36791299999944,
      61.25684396703845
    ],
    [
      41.97390332198082,
      63.405687949962356
    ],
    [
      40.8942870000001,
      63.7287142778469
    ],
    [
      42.665291999999894,
      64.17156140276876
    ],
    [
      37.56434179481704,
      65.99228961397372
    ],
    [
      50.751419999999946,
      65.22174826892642
    ],
    [
      42.231532428987144,
      67.14015513235218
    ],
    [
      24.43649077494007,
      62.13278598136728
    ],
    [
      36.948791999999415,
      67.37938143506399
    ],
    [
      41.399022581511126,
      69.4806678788119
    ],
    [
      35.8096057903139,
      69.02752086755608
    ],
    [
      36.67684199999985,
      69.27108846175109
    ],
    [
      43.90227600000007,
      69.88064291018797
    ]
  ],
  "y_hist": [
    -0.7714876402425467,
    -0.41131199772994653,
    0.09374641364798453,
    -0.6611574773164867,
    0.2816213443650285,
    0.09374641364798453,
    -0.7842625290314946,
    0.1220687703558549,
    -0.7842625290314946,
    1.2510330310450783,
    0.1220687703558549,
    0.1360320373023964,
    -0.5583845463880237,
    1.1868618034796596,
    1.3563564183428514,
    0.7902793746681421,
    1.1868618034796596,
    -0.614609860006585,
    0.5468605286204314,
    0.7353571368665328,
    0.18390526394342624,
    -1.0812069564801887,
    -0.3428487789324037,
    -0.3333183318528421,
    -0.7338026390371855,
    -0.6493845512991753,
    0.17038228624168394,
    -0.4314604931687447,
    -0.7462594771050677,
    -0.5918663889551277
  ],
  "eval_count": 30,
  "evals_to_f_best": 15,
  "total_time": 0.8314622090256307,
  "deviation_from_optimum": 0.0,
  "optimum": 1.3563564183428514,
  "optimum_x": [
    35.701885123808836,
    55.18621527479079
  ],
  "success": true
}