{
  "identifier": "Preprocessed-NO2-2015-140",
  "best_x": [
    41.97390332198082,
    63.405687949962356
  ],
  "best_y": 1.782775226735792,
  "best_so_far": [
    -0.42135243899515085,
    -0.21463328592559464,
    0.4143297607056542,
    0.4143297607056542,
    0.964077383717481,
    0.964077383717481,
    0.964077383717481,
    0.964077383717481,
    1.4719922000914523,
    1.4719922000914523,
    1.4719922000914523,
    1.5030590552138379,
    1.5030590552138379,
    1.5030590552138379,
    1.5030590552138379,
    1.5030590552138379,
    1.5030590552138379,
    1.5030590552138379,
    1.5030590552138379,
    1.5030590552138379,
    1.782775226735792,
    1.782775226735792,
    1.782775226735792,
    1.782775226735792,
    1.782775226735792,
    1.782775226735792,
    1.782775226735792,
    1.782775226735792,
    1.782775226735792,
    1.782775226735792
  ],
  "x_hist": [
    [
      37.5287639642604,
      26.91773629614788
    ],
    [
      42.03630598607403,
      84.26997486831613
    ],
    [
      37.44668562154183,
      60.29897548252391
    ],
    [
      35.48393890674565,
      94.94361745496738
    ],
    [
      35.8096057903139,
      69.02752086755608
    ],
    [
      30.148598999999777,
      49.256194251109285
    ],
    [
      41.744879999999405,
      100.4720072707649
    ],
    [
      32.476458372216044,
      74.63865922449735
    ],
    [
      35.701885123808836,
      55.18621527479079
    ],
    [
      37.52987700000009,
      53.68122940266476
    ],
    [
      42.04819271644504,
      19.95986456313124
    ],
    [
      43.15324799999988,
      49.80644729813726
    ],
    [
      42.349365925427506,
      51.68134232422675
    ],
    [
      26.332529999999636,
      50.75139652211307
    ],
    [
      38.33438834999996,
      58.44592514647611
    ],
    [
      42.231532428987144,
      67.14015513235218
    ],
    [
      39.229832009999384,
      57.71476613835181
    ],
    [
      39.633383609999676,
      58.71193055086302
    ],
    [
      42.834122999999536,
      61.13498131873914
    ],
    [
      45.875855999999494,
      61.971246146563196
    ],
    [
      41.97390332198082,
      63.405687949962356
    ],
    [
      40.8942870000001,
      63.7287142778469
    ],
    [
      42.665291999999894,
      64.17156140276876
    ],
    [
      52.36791299999944,
      61.25684396703845
    ],
    [
      37.56434179481704,
      65.99228961397372
    ],
    [
      36.948791999999415,
      67.37938143506399
    ],
    [
      50.751419999999946,
      65.22174826892642
    ],
    [
      36.67684199999985,
      69.27108846175109
    ],
    [
      41.399022581511126,
      69.4806678788119
    ],
    [
      37.891744377059425,
      70.10171806912226
    ]
  ],
  "y_hist": [
    -0.42135243899515085,
    -0.21463328592559464,
    0.4143297607056542,
    0.027996908618421364,
    0.964077383717481,
    0.794766793174556,
    -0.1544115555051119,
    0.306639263035121,
    1.4719922000914523,
    -0.5041894767726118,
    -0.1885275779677678,
    1.5030590552138379,
    1.0647002275066306,
    0.6391036312195684,
    0.6831830248941215,
    0.8986265634710048,
    0.2753011650384508,
    0.3128291290126751,
    0.5678544424834099,
    1.0267931530969379,
    1.782775226735792,
    1.038266128995862,
    0.9839590038115535,
    0.7584861056051534,
    0.7306882672471479,
    0.4930540376326917,
    -0.6849840152461176,
    0.45981931379943486,
    0.834561062941767,
    0.11503812343941795
  ],
  "eval_count": 30,
  "evals_to_f_best": 21,
  "total_time": 0.8115249580005184,
  "deviation_from_optimum": 0.0,
  "optimum": 1.782775226735792,
  "optimum_x": [
    41.97390332198082,
    63.405687949962356
  ],
  "success": true
}