{
  "identifier": "Preprocessed-NO2-2015-302",
  "best_x": [
    43.15324799999988,
    49.80644729813726
  ],
  "best_y": 1.7499386591457247,
  "best_so_far": [
    0.2625804077835235,
    0.47097951667751753,
    0.47097951667751753,
    0.47097951667751753,
    0.47097951667751753,
    0.8432627706298005,
    0.8432627706298005,
    0.8432627706298005,
    0.8432627706298005,
    0.8432627706298005,
    0.8432627706298005,
    0.8432627706298005,
    0.9680748304807081,
    0.9680748304807081,
    0.9680748304807081,
    1.7499386591457247,
    1.7499386591457247,
    1.7499386591457247,
    1.7499386591457247,
    1.7499386591457247,
    1.7499386591457247,
    1.7499386591457247,
    1.7499386591457247,
    1.7499386591457247,
    1.7499386591457247,
    1.7499386591457247,
    1.7499386591457247,
    1.7499386591457247,
    1.7499386591457247,
    1.7499386591457247
  ],
  "x_hist": [
    [
      37.5287639642604,
      26.91773629614788
    ],
    [
      47.829233999999445,
      82.35014112354563
    ],
    [
      24.43649077494007,
      62.13278598136728
    ],
    [
      35.48393890674565,
      94.94361745496738
    ],
    [
      45.64222666408809,
      111.9064932186795
    ],
    [
      37.36426499999942,
      87.78778327994611
    ],
    [
      33.36529397954962,
      85.15777905758739
    ],
    [
      38.28112499999941,
      76.69191621993401
    ],
    [
      41.744879999999405,
      100.4720072707649
    ],
    [
      42.03630598607403,
      84.26997486831613
    ],
    [
      32.13036654481498,
      89.6343673225596
    ],
    [
      34.87819799999964,
      76.08489822384199
    ],
    [
      41.399022581511126,
      69.4806678788119
    ],
    [
      38.67794999999997,
      75.22449383515101
    ],
    [
      43.90227600000007,
      69.88064291018797
    ],
    [
      43.15324799999988,
      49.80644729813726
    ],
    [
      49.543184999999745,
      44.872801955437204
    ],
    [
      42.04819271644504,
      19.95986456313124
    ],
    [
      52.47880277699992,
      66.40439581530941
    ],
    [
      42.231532428987144,
      67.14015513235218
    ],
    [
      42.349365925427506,
      51.68134232422675
    ],
    [
      45.875855999999494,
      61.971246146563196
    ],
    [
      37.52987700000009,
      53.68122940266476
    ],
    [
      39.229832009999384,
      57.71476613835181
    ],
    [
      35.701885123808836,
      55.18621527479079
    ],
    [
      38.33438834999996,
      58.44592514647611
    ],
    [
      42.834122999999536,
      61.13498131873914
    ],
    [
      37.44668562154183,
      60.29897548252391
    ],
    [
      52.36791299999944,
      61.25684396703845
    ],
    [
      41.057581189908134,
      61.99112505500065
    ]
  ],
  "y_hist": [
    0.2625804077835235,
    0.47097951667751753,
    -0.4416370770463908,
    -0.4416370770463908,
    -1.1614956320610277,
    0.8432627706298005,
    -0.1210537299887212,
    -0.38158745467774496,
    -1.8902624646907356,
    -0.025210092696396947,
    0.43724685275926545,
    -0.5041894767726118,
    0.9680748304807081,
    -1.1288630344231978,
    -0.04076505440788234,
    1.7499386591457247,
    0.23681084144001122,
    0.3494416848948279,
    0.2941824249672388,
    -0.30508476520577366,
    1.3062126200311956,
    0.6140439444695442,
    0.035446255780935305,
    1.1729952811029338,
    0.7857785006138405,
    1.2804982374738885,
    1.519737453164293,
    -0.3144370719240541,
    0.2816213443650285,
    1.6366917641452705
  ],
  "eval_count": 30,
  "evals_to_f_best": 16,
  "total_time": 0.8443947079940699,
  "deviation_from_optimum": 0.09197610997663808,
  "optimum": 1.8419147691223627,
  "optimum_x": [
    40.8942870000001,
    63.7287142778469
  ],
  "success": false
}