{
  "identifier": "Preprocessed-NO2-2015-309",
  "best_x": [
    40.8942870000001,
    63.7287142778469
  ],
  "best_y": 1.9285789723150837,
  "best_so_far": [
    0.11503812343941795,
    0.5255688188289981,
    0.6783487522052433,
    0.6783487522052433,
    0.6783487522052433,
    0.6783487522052433,
    0.6783487522052433,
    0.6783487522052433,
    0.6783487522052433,
    1.1937473218490882,
    1.6544858465418506,
    1.6544858465418506,
    1.6544858465418506,
    1.6544858465418506,
    1.6544858465418506,
    1.6544858465418506,
    1.6544858465418506,
    1.6919202148575907,
    1.6919202148575907,
    1.9285789723150837,
    1.9285789723150837,
    1.9285789723150837,
    1.9285789723150837,
    1.9285789723150837,
    1.9285789723150837,
    1.9285789723150837,
    1.9285789723150837,
    1.9285789723150837,
    1.9285789723150837,
    1.9285789723150837
  ],
  "x_hist": [
    [
      37.5287639642604,
      26.91773629614788
    ],
    [
      47.829233999999445,
      82.35014112354563
    ],
    [
      31.884638999999517,
      58.65023680944083
    ],
    [
      35.48393890674565,
      94.94361745496738
    ],
    [
      30.148598999999777,
      49.256194251109285
    ],
    [
      26.332529999999636,
      50.75139652211307
    ],
    [
      42.04819271644504,
      19.95986456313124
    ],
    [
      24.43649077494007,
      62.13278598136728
    ],
    [
      37.44668562154183,
      60.29897548252391
    ],
    [
      35.701885123808836,
      55.18621527479079
    ],
    [
      43.15324799999988,
      49.80644729813726
    ],
    [
      37.52987700000009,
      53.68122940266476
    ],
    [
      49.543184999999745,
      44.872801955437204
    ],
    [
      42.349365925427506,
      51.68134232422675
    ],
    [
      38.33438834999996,
      58.44592514647611
    ],
    [
      39.229832009999384,
      57.71476613835181
    ],
    [
      39.633383609999676,
      58.71193055086302
    ],
    [
      41.057581189908134,
      61.99112505500065
    ],
    [
      42.834122999999536,
      61.13498131873914
    ],
    [
      40.8942870000001,
      63.7287142778469
    ],
    [
      37.56434179481704,
      65.99228961397372
    ],
    [
      41.97390332198082,
      63.405687949962356
    ],
    [
      42.665291999999894,
      64.17156140276876
    ],
    [
      45.875855999999494,
      61.971246146563196
    ],
    [
      36.948791999999415,
      67.37938143506399
    ],
    [
      35.8096057903139,
      69.02752086755608
    ],
    [
      42.231532428987144,
      67.14015513235218
    ],
    [
      36.67684199999985,
      69.27108846175109
    ],
    [
      37.891744377059425,
      70.10171806912226
    ],
    [
      41.399022581511126,
      69.4806678788119
    ]
  ],
  "y_hist": [
    0.11503812343941795,
    0.5255688188289981,
    0.6783487522052433,
    -0.49358137345187497,
    0.5885587758742924,
    0.49852231461821545,
    0.0648793629769735,
    -0.5256332753602087,
    -0.7462594771050677,
    1.1937473218490882,
    1.6544858465418506,
    -0.01749264447536001,
    0.17715900372254825,
    0.9800036909235719,
    1.3125729701089148,
    1.0344515389570137,
    0.5415658480955721,
    1.6919202148575907,
    1.574030546065192,
    1.9285789723150837,
    -0.9466954884243219,
    1.1198241834028395,
    0.43155029801914585,
    0.740011529347584,
    -0.26824756993791987,
    -0.25917781199646434,
    -0.27737246352457,
    0.09374641364798453,
    -1.392882025922787,
    0.9560504107252771
  ],
  "eval_count": 30,
  "evals_to_f_best": 20,
  "total_time": 0.8992497499857564,
  "deviation_from_optimum": 0.0,
  "optimum": 1.9285789723150837,
  "optimum_x": [
    40.8942870000001,
    63.7287142778469
  ],
  "success": true
}