{
  "identifier": "Preprocessed-NO2-2015-306",
  "best_x": [
    40.8942870000001,
    63.7287142778469
  ],
  "best_y": 2.105142129578937,
  "best_so_far": [
    0.8389182223798947,
    0.8389182223798947,
    1.134188315720291,
    1.134188315720291,
    1.134188315720291,
    1.2176009057948547,
    1.2176009057948547,
    1.2176009057948547,
    1.2176009057948547,
    1.2176009057948547,
    1.2176009057948547,
    1.2176009057948547,
    1.4605338209958316,
    1.4605338209958316,
    1.4605338209958316,
    1.4605338209958316,
    1.4605338209958316,
    1.4605338209958316,
    1.533495939704998,
    2.105142129578937,
    2.105142129578937,
    2.105142129578937,
    2.105142129578937,
    2.105142129578937,
    2.105142129578937,
    2.105142129578937,
    2.105142129578937,
    2.105142129578937,
    2.105142129578937,
    2.105142129578937
  ],
  "x_hist": [
    [
      37.5287639642604,
      26.91773629614788
    ],
    [
      47.829233999999445,
      82.35014112354563
    ],
    [
      31.884638999999517,
      58.65023680944083
    ],
    [
      35.48393890674565,
      94.94361745496738
    ],
    [
      32.476458372216044,
      74.63865922449735
    ],
    [
      42.834122999999536,
      61.13498131873914
    ],
    [
      30.148598999999777,
      49.256194251109285
    ],
    [
      45.875855999999494,
      61.971246146563196
    ],
    [
      41.744879999999405,
      100.4720072707649
    ],
    [
      37.52987700000009,
      53.68122940266476
    ],
    [
      43.15324799999988,
      49.80644729813726
    ],
    [
      42.349365925427506,
      51.68134232422675
    ],
    [
      41.057581189908134,
      61.99112505500065
    ],
    [
      36.948791999999415,
      67.37938143506399
    ],
    [
      49.543184999999745,
      44.872801955437204
    ],
    [
      39.229832009999384,
      57.71476613835181
    ],
    [
      42.665291999999894,
      64.17156140276876
    ],
    [
      37.44668562154183,
      60.29897548252391
    ],
    [
      38.33438834999996,
      58.44592514647611
    ],
    [
      40.8942870000001,
      63.7287142778469
    ],
    [
      37.56434179481704,
      65.99228961397372
    ],
    [
      42.231532428987144,
      67.14015513235218
    ],
    [
      35.701885123808836,
      55.18621527479079
    ],
    [
      41.399022581511126,
      69.4806678788119
    ],
    [
      36.67684199999985,
      69.27108846175109
    ],
    [
      35.8096057903139,
      69.02752086755608
    ],
    [
      37.891744377059425,
      70.10171806912226
    ],
    [
      43.90227600000007,
      69.88064291018797
    ],
    [
      38.273022000000154,
      71.34598861519042
    ],
    [
      50.751419999999946,
      65.22174826892642
    ]
  ],
  "y_hist": [
    0.8389182223798947,
    0.4143297607056542,
    1.134188315720291,
    0.3373364549938343,
    0.7857785006138405,
    1.2176009057948547,
    1.030627230206929,
    0.5255688188289981,
    -0.1885275779677678,
    0.4875657669025717,
    1.1053212650492799,
    1.090676852575575,
    1.4605338209958316,
    0.8081491139602407,
    0.6637518102134274,
    0.6975931231399027,
    0.6089814089035618,
    0.6291299043423599,
    1.533495939704998,
    2.105142129578937,
    1.057195010008471,
    0.6588544473945614,
    0.7213067343803942,
    0.5201983645404009,
    0.4085453975843075,
    0.8818080079955526,
    0.2625804077835235,
    0.45981931379943486,
    0.6291299043423599,
    0.3674184311641557
  ],
  "eval_count": 30,
  "evals_to_f_best": 20,
  "total_time": 0.8194377500039991,
  "deviation_from_optimum": 0.0,
  "optimum": 2.105142129578937,
  "optimum_x": [
    40.8942870000001,
    63.7287142778469
  ],
  "success": true
}