{
  "identifier": "Preprocessed-NO2-2015-337",
  "best_x": [
    40.8942870000001,
    63.7287142778469
  ],
  "best_y": 1.8662505182190183,
  "best_so_far": [
    -0.1971791314425059,
    0.4143297607056542,
    0.47097951667751753,
    0.47097951667751753,
    0.47097951667751753,
    0.47097951667751753,
    0.47097951667751753,
    0.47097951667751753,
    1.4373512695070154,
    1.4373512695070154,
    1.4373512695070154,
    1.4373512695070154,
    1.4373512695070154,
    1.4373512695070154,
    1.4373512695070154,
    1.5978360905699867,
    1.5978360905699867,
    1.5978360905699867,
    1.5978360905699867,
    1.5978360905699867,
    1.5978360905699867,
    1.8662505182190183,
    1.8662505182190183,
    1.8662505182190183,
    1.8662505182190183,
    1.8662505182190183,
    1.8662505182190183,
    1.8662505182190183,
    1.8662505182190183,
    1.8662505182190183
  ],
  "x_hist": [
    [
      37.5287639642604,
      26.91773629614788
    ],
    [
      47.829233999999445,
      82.35014112354563
    ],
    [
      31.884638999999517,
      58.65023680944083
    ],
    [
      35.48393890674565,
      94.94361745496738
    ],
    [
      32.13036654481498,
      89.6343673225596
    ],
    [
      30.148598999999777,
      49.256194251109285
    ],
    [
      24.43649077494007,
      62.13278598136728
    ],
    [
      33.36529397954962,
      85.15777905758739
    ],
    [
      35.701885123808836,
      55.18621527479079
    ],
    [
      37.52987700000009,
      53.68122940266476
    ],
    [
      26.332529999999636,
      50.75139652211307
    ],
    [
      35.8096057903139,
      69.02752086755608
    ],
    [
      37.56434179481704,
      65.99228961397372
    ],
    [
      38.33438834999996,
      58.44592514647611
    ],
    [
      39.229832009999384,
      57.71476613835181
    ],
    [
      43.15324799999988,
      49.80644729813726
    ],
    [
      42.349365925427506,
      51.68134232422675
    ],
    [
      49.543184999999745,
      44.872801955437204
    ],
    [
      39.633383609999676,
      58.71193055086302
    ],
    [
      41.057581189908134,
      61.99112505500065
    ],
    [
      42.834122999999536,
      61.13498131873914
    ],
    [
      40.8942870000001,
      63.7287142778469
    ],
    [
      41.97390332198082,
      63.405687949962356
    ],
    [
      42.665291999999894,
      64.17156140276876
    ],
    [
      45.875855999999494,
      61.971246146563196
    ],
    [
      36.948791999999415,
      67.37938143506399
    ],
    [
      36.67684199999985,
      69.27108846175109
    ],
    [
      41.399022581511126,
      69.4806678788119
    ],
    [
      38.273022000000154,
      71.34598861519042
    ],
    [
      52.36791299999944,
      61.25684396703845
    ]
  ],
  "y_hist": [
    -0.1971791314425059,
    0.4143297607056542,
    0.47097951667751753,
    -0.7714876402425467,
    -0.2957903678786178,
    0.16357483524309432,
    -0.08842113235089138,
    -0.42135243899515085,
    1.4373512695070154,
    -0.4416370770463908,
    0.306639263035121,
    -0.6849840152461176,
    -0.8101431765837047,
    0.9800036909235719,
    0.9996768476644234,
    1.5978360905699867,
    0.6831830248941215,
    -0.06440397401685785,
    0.46540978719812554,
    1.5713620291446793,
    1.516970557685076,
    1.8662505182190183,
    1.1554800255117244,
    0.49852231461821545,
    1.038266128995862,
    -0.975562539095333,
    0.4258320420657214,
    0.8519143241045386,
    0.902801921858531,
    -0.5918663889551277
  ],
  "eval_count": 30,
  "evals_to_f_best": 22,
  "total_time": 0.8434484159806743,
  "deviation_from_optimum": 0.0,
  "optimum": 1.8662505182190183,
  "optimum_x": [
    40.8942870000001,
    63.7287142778469
  ],
  "success": true
}