{
  "identifier": "Preprocessed-NO2-2015-263",
  "best_x": [
    41.057581189908134,
    61.99112505500065
  ],
  "best_y": 1.6366917641452705,
  "best_so_far": [
    -0.1713726441320268,
    0.2941824249672388,
    0.6783487522052433,
    0.6783487522052433,
    0.6783487522052433,
    0.6783487522052433,
    0.6783487522052433,
    0.6783487522052433,
    0.6783487522052433,
    0.6783487522052433,
    1.4108356372283628,
    1.541690902948854,
    1.541690902948854,
    1.541690902948854,
    1.541690902948854,
    1.541690902948854,
    1.541690902948854,
    1.541690902948854,
    1.6366917641452705,
    1.6366917641452705,
    1.6366917641452705,
    1.6366917641452705,
    1.6366917641452705,
    1.6366917641452705,
    1.6366917641452705,
    1.6366917641452705,
    1.6366917641452705,
    1.6366917641452705,
    1.6366917641452705,
    1.6366917641452705
  ],
  "x_hist": [
    [
      37.5287639642604,
      26.91773629614788
    ],
    [
      47.829233999999445,
      82.35014112354563
    ],
    [
      31.884638999999517,
      58.65023680944083
    ],
    [
      35.48393890674565,
      94.94361745496738
    ],
    [
      32.476458372216044,
      74.63865922449735
    ],
    [
      24.43649077494007,
      62.13278598136728
    ],
    [
      26.332529999999636,
      50.75139652211307
    ],
    [
      16.28216201918641,
      83.86135661828055
    ],
    [
      33.36529397954962,
      85.15777905758739
    ],
    [
      30.148598999999777,
      49.256194251109285
    ],
    [
      35.701885123808836,
      55.18621527479079
    ],
    [
      43.15324799999988,
      49.80644729813726
    ],
    [
      37.52987700000009,
      53.68122940266476
    ],
    [
      42.04819271644504,
      19.95986456313124
    ],
    [
      39.229832009999384,
      57.71476613835181
    ],
    [
      38.33438834999996,
      58.44592514647611
    ],
    [
      39.633383609999676,
      58.71193055086302
    ],
    [
      37.44668562154183,
      60.29897548252391
    ],
    [
      41.057581189908134,
      61.99112505500065
    ],
    [
      42.834122999999536,
      61.13498131873914
    ],
    [
      40.8942870000001,
      63.7287142778469
    ],
    [
      41.97390332198082,
      63.405687949962356
    ],
    [
      45.875855999999494,
      61.971246146563196
    ],
    [
      42.665291999999894,
      64.17156140276876
    ],
    [
      37.56434179481704,
      65.99228961397372
    ],
    [
      52.36791299999944,
      61.25684396703845
    ],
    [
      35.8096057903139,
      69.02752086755608
    ],
    [
      42.231532428987144,
      67.14015513235218
    ],
    [
      36.67684199999985,
      69.27108846175109
    ],
    [
      37.891744377059425,
      70.10171806912226
    ]
  ],
  "y_hist": [
    -0.1713726441320268,
    0.2941824249672388,
    0.6783487522052433,
    -0.38158745467774496,
    0.2302987254886017,
    -0.42135243899515085,
    0.5626334272284822,
    -0.7091948687055835,
    -0.5041894767726118,
    0.5936905428298341,
    1.4108356372283628,
    1.541690902948854,
    -0.42135243899515085,
    -0.10464875388651942,
    0.5988048250259156,
    1.148416293076204,
    0.6140439444695442,
    0.020510407451066973,
    1.6366917641452705,
    1.4108356372283628,
    1.134188315720291,
    0.23681084144001122,
    0.972061659842954,
    0.7492772400807753,
    -0.1544115555051119,
    0.32513280750974444,
    0.2039640083957735,
    0.2753011650384508,
    -0.09651301379362355,
    -0.40133827085273743
  ],
  "eval_count": 30,
  "evals_to_f_best": 19,
  "total_time": 0.8115219580067787,
  "deviation_from_optimum": 0.0,
  "optimum": 1.6366917641452705,
  "optimum_x": [
    41.057581189908134,
    61.99112505500065
  ],
  "success": true
}