{
  "identifier": "Preprocessed-NO2-2015-154",
  "best_x": [
    41.97390332198082,
    63.405687949962356
  ],
  "best_y": 2.6448241886802633,
  "best_so_far": [
    -0.5256332753602087,
    -0.1210537299887212,
    0.2941824249672388,
    0.2941824249672388,
    1.6795455332918747,
    1.6795455332918747,
    1.6795455332918747,
    1.7284436802941316,
    1.7284436802941316,
    1.7284436802941316,
    1.7284436802941316,
    1.7284436802941316,
    1.7284436802941316,
    1.7284436802941316,
    1.7284436802941316,
    1.7284436802941316,
    1.7284436802941316,
    2.6448241886802633,
    2.6448241886802633,
    2.6448241886802633,
    2.6448241886802633,
    2.6448241886802633,
    2.6448241886802633,
    2.6448241886802633,
    2.6448241886802633,
    2.6448241886802633,
    2.6448241886802633,
    2.6448241886802633,
    2.6448241886802633,
    2.6448241886802633
  ],
  "x_hist": [
    [
      37.5287639642604,
      26.91773629614788
    ],
    [
      42.03630598607403,
      84.26997486831613
    ],
    [
      37.44668562154183,
      60.29897548252391
    ],
    [
      35.48393890674565,
      94.94361745496738
    ],
    [
      35.701885123808836,
      55.18621527479079
    ],
    [
      37.52987700000009,
      53.68122940266476
    ],
    [
      33.36529397954962,
      85.15777905758739
    ],
    [
      41.057581189908134,
      61.99112505500065
    ],
    [
      45.875855999999494,
      61.971246146563196
    ],
    [
      43.15324799999988,
      49.80644729813726
    ],
    [
      35.8096057903139,
      69.02752086755608
    ],
    [
      42.04819271644504,
      19.95986456313124
    ],
    [
      42.834122999999536,
      61.13498131873914
    ],
    [
      39.229832009999384,
      57.71476613835181
    ],
    [
      39.633383609999676,
      58.71193055086302
    ],
    [
      42.231532428987144,
      67.14015513235218
    ],
    [
      38.33438834999996,
      58.44592514647611
    ],
    [
      41.97390332198082,
      63.405687949962356
    ],
    [
      40.8942870000001,
      63.7287142778469
    ],
    [
      42.665291999999894,
      64.17156140276876
    ],
    [
      37.56434179481704,
      65.99228961397372
    ],
    [
      43.90227600000007,
      69.88064291018797
    ],
    [
      36.948791999999415,
      67.37938143506399
    ],
    [
      41.399022581511126,
      69.4806678788119
    ],
    [
      37.891744377059425,
      70.10171806912226
    ],
    [
      36.67684199999985,
      69.27108846175109
    ],
    [
      38.273022000000154,
      71.34598861519042
    ],
    [
      50.751419999999946,
      65.22174826892642
    ],
    [
      52.36791299999944,
      61.25684396703845
    ],
    [
      48.23260800000003,
      72.10088596806122
    ]
  ],
  "y_hist": [
    -0.5256332753602087,
    -0.1210537299887212,
    0.2941824249672388,
    -0.00981467186537667,
    1.6795455332918747,
    -0.6493845512991753,
    -0.22343706701290258,
    1.7284436802941316,
    0.9918384989260279,
    1.469135795095412,
    0.4485755131171788,
    -0.08842113235089138,
    1.1234281236033907,
    0.46540978719812554,
    0.3851824298783897,
    0.5678544424834099,
    0.8733275313562716,
    2.6448241886802633,
    1.053428281877625,
    1.0035807259961464,
    -0.1713726441320268,
    0.07938228133053304,
    0.46540978719812554,
    0.869069257940279,
    -0.08037263922087588,
    -0.002175773076444545,
    1.270740627560908,
    -0.5918663889551277,
    0.5626334272284822,
    -0.41131199772994653
  ],
  "eval_count": 30,
  "evals_to_f_best": 18,
  "total_time": 0.8245614159968682,
  "deviation_from_optimum": 0.0,
  "optimum": 2.6448241886802633,
  "optimum_x": [
    41.97390332198082,
    63.405687949962356
  ],
  "success": true
}