{
  "identifier": "Preprocessed-NO2-2015-330",
  "best_x": [
    41.97390332198082,
    63.405687949962356
  ],
  "best_y": 2.0882023092264834,
  "best_so_far": [
    0.5093994663631725,
    0.6783487522052433,
    0.935793148185787,
    0.9800036909235719,
    1.7475654722917708,
    1.7475654722917708,
    1.7475654722917708,
    1.7475654722917708,
    1.7475654722917708,
    1.7475654722917708,
    1.7475654722917708,
    1.7475654722917708,
    1.7475654722917708,
    1.7475654722917708,
    1.7475654722917708,
    1.7475654722917708,
    1.7475654722917708,
    1.7475654722917708,
    1.7475654722917708,
    1.7475654722917708,
    1.7475654722917708,
    1.7475654722917708,
    1.7475654722917708,
    1.7475654722917708,
    1.7593940628366367,
    1.7593940628366367,
    2.0882023092264834,
    2.0882023092264834,
    2.0882023092264834,
    2.0882023092264834
  ],
  "x_hist": [
    [
      37.5287639642604,
      26.91773629614788
    ],
    [
      47.829233999999445,
      82.35014112354563
    ],
    [
      24.43649077494007,
      62.13278598136728
    ],
    [
      35.48393890674565,
      94.94361745496738
    ],
    [
      32.13036654481498,
      89.6343673225596
    ],
    [
      41.744879999999405,
      100.4720072707649
    ],
    [
      16.28216201918641,
      83.86135661828055
    ],
    [
      45.64222666408809,
      111.9064932186795
    ],
    [
      37.36426499999942,
      87.78778327994611
    ],
    [
      32.476458372216044,
      74.63865922449735
    ],
    [
      42.03630598607403,
      84.26997486831613
    ],
    [
      34.87819799999964,
      76.08489822384199
    ],
    [
      38.28112499999941,
      76.69191621993401
    ],
    [
      38.67794999999997,
      75.22449383515101
    ],
    [
      34.88452499999944,
      72.97514525247436
    ],
    [
      38.273022000000154,
      71.34598861519042
    ],
    [
      37.891744377059425,
      70.10171806912226
    ],
    [
      35.8096057903139,
      69.02752086755608
    ],
    [
      36.67684199999985,
      69.27108846175109
    ],
    [
      36.948791999999415,
      67.37938143506399
    ],
    [
      41.399022581511126,
      69.4806678788119
    ],
    [
      43.90227600000007,
      69.88064291018797
    ],
    [
      37.56434179481704,
      65.99228961397372
    ],
    [
      48.23260800000003,
      72.10088596806122
    ],
    [
      40.8942870000001,
      63.7287142778469
    ],
    [
      42.665291999999894,
      64.17156140276876
    ],
    [
      41.97390332198082,
      63.405687949962356
    ],
    [
      41.057581189908134,
      61.99112505500065
    ],
    [
      37.44668562154183,
      60.29897548252391
    ],
    [
      42.834122999999536,
      61.13498131873914
    ]
  ],
  "y_hist": [
    0.5093994663631725,
    0.6783487522052433,
    0.935793148185787,
    0.9800036909235719,
    1.7475654722917708,
    0.45420794138618037,
    1.2310632415261833,
    0.5255688188289981,
    1.3655747095820503,
    1.0458663496505578,
    0.902801921858531,
    1.038266128995862,
    0.8125835052870658,
    0.8125835052870658,
    0.8170048350594039,
    1.538964216690522,
    0.7118661977745061,
    1.0496520776911848,
    0.8986265634710048,
    1.130610148656517,
    1.5307543126917598,
    0.8986265634710048,
    1.0035807259961464,
    0.8389182223798947,
    1.7593940628366367,
    1.038266128995862,
    2.0882023092264834,
    1.8374473837639227,
    1.0609523095233735,
    1.3189064831866746
  ],
  "eval_count": 30,
  "evals_to_f_best": 27,
  "total_time": 0.8140365419967566,
  "deviation_from_optimum": 0.11475026527398358,
  "optimum": 2.202952574500467,
  "optimum_x": [
    35.701885123808836,
    55.18621527479079
  ],
  "success": false
}