{
  "identifier": "Preprocessed-NO2-2015-346",
  "best_x": [
    41.057581189908134,
    61.99112505500065
  ],
  "best_y": 1.6212699808288942,
  "best_so_far": [
    -0.536471159067533,
    0.2302987254886017,
    0.5782423065883675,
    0.5782423065883675,
    0.5782423065883675,
    0.5782423065883675,
    0.5782423065883675,
    0.5782423065883675,
    1.5686887597427235,
    1.5686887597427235,
    1.5686887597427235,
    1.5686887597427235,
    1.5686887597427235,
    1.5686887597427235,
    1.5686887597427235,
    1.5686887597427235,
    1.5686887597427235,
    1.5686887597427235,
    1.5686887597427235,
    1.6212699808288942,
    1.6212699808288942,
    1.6212699808288942,
    1.6212699808288942,
    1.6212699808288942,
    1.6212699808288942,
    1.6212699808288942,
    1.6212699808288942,
    1.6212699808288942,
    1.6212699808288942,
    1.6212699808288942
  ],
  "x_hist": [
    [
      37.5287639642604,
      26.91773629614788
    ],
    [
      47.829233999999445,
      82.35014112354563
    ],
    [
      31.884638999999517,
      58.65023680944083
    ],
    [
      35.48393890674565,
      94.94361745496738
    ],
    [
      24.43649077494007,
      62.13278598136728
    ],
    [
      26.332529999999636,
      50.75139652211307
    ],
    [
      37.44668562154183,
      60.29897548252391
    ],
    [
      32.476458372216044,
      74.63865922449735
    ],
    [
      35.701885123808836,
      55.18621527479079
    ],
    [
      38.33438834999996,
      58.44592514647611
    ],
    [
      35.8096057903139,
      69.02752086755608
    ],
    [
      37.56434179481704,
      65.99228961397372
    ],
    [
      30.148598999999777,
      49.256194251109285
    ],
    [
      37.52987700000009,
      53.68122940266476
    ],
    [
      43.15324799999988,
      49.80644729813726
    ],
    [
      36.948791999999415,
      67.37938143506399
    ],
    [
      39.229832009999384,
      57.71476613835181
    ],
    [
      42.349365925427506,
      51.68134232422675
    ],
    [
      39.633383609999676,
      58.71193055086302
    ],
    [
      41.057581189908134,
      61.99112505500065
    ],
    [
      42.834122999999536,
      61.13498131873914
    ],
    [
      40.8942870000001,
      63.7287142778469
    ],
    [
      41.97390332198082,
      63.405687949962356
    ],
    [
      42.665291999999894,
      64.17156140276876
    ],
    [
      45.875855999999494,
      61.971246146563196
    ],
    [
      49.543184999999745,
      44.872801955437204
    ],
    [
      36.67684199999985,
      69.27108846175109
    ],
    [
      41.399022581511126,
      69.4806678788119
    ],
    [
      38.273022000000154,
      71.34598861519042
    ],
    [
      34.88452499999944,
      72.97514525247436
    ]
  ],
  "y_hist": [
    -0.536471159067533,
    0.2302987254886017,
    0.5782423065883675,
    -0.3524401238504811,
    -0.5256332753602087,
    0.3128291290126751,
    -0.41131199772994653,
    -0.5256332753602087,
    1.5686887597427235,
    1.12702343160358,
    -0.11282883065654499,
    -0.28655316720482793,
    0.2039640083957735,
    -0.5256332753602087,
    1.270740627560908,
    -0.27737246352457,
    0.71659388789519,
    0.6440657526722275,
    0.6831830248941215,
    1.6212699808288942,
    1.3958997888984945,
    1.486193255612345,
    0.8170048350594039,
    0.6975931231399027,
    0.8647988699321041,
    0.1973074991613457,
    -0.10464875388651942,
    0.6588544473945614,
    0.9439288882786829,
    -0.22343706701290258
  ],
  "eval_count": 30,
  "evals_to_f_best": 20,
  "total_time": 0.8695438329887111,
  "deviation_from_optimum": 0.0,
  "optimum": 1.6212699808288942,
  "optimum_x": [
    41.057581189908134,
    61.99112505500065
  ],
  "success": true
}