{
  "identifier": "Preprocessed-NO2-2015-170",
  "best_x": [
    35.701885123808836,
    55.18621527479079
  ],
  "best_y": 1.516970557685076,
  "best_so_far": [
    -0.42135243899515085,
    -0.42135243899515085,
    0.2302987254886017,
    0.2302987254886017,
    0.6928051115125216,
    0.7721943321343866,
    0.7721943321343866,
    0.7721943321343866,
    0.7721943321343866,
    0.7721943321343866,
    0.7721943321343866,
    0.7721943321343866,
    0.7721943321343866,
    0.7721943321343866,
    0.7721943321343866,
    0.7721943321343866,
    0.7721943321343866,
    0.987903921647112,
    1.2477231281108612,
    1.2477231281108612,
    1.2477231281108612,
    1.516970557685076,
    1.516970557685076,
    1.516970557685076,
    1.516970557685076,
    1.516970557685076,
    1.516970557685076,
    1.516970557685076,
    1.516970557685076,
    1.516970557685076
  ],
  "x_hist": [
    [
      37.5287639642604,
      26.91773629614788
    ],
    [
      47.829233999999445,
      82.35014112354563
    ],
    [
      31.884638999999517,
      58.65023680944083
    ],
    [
      35.48393890674565,
      94.94361745496738
    ],
    [
      43.15324799999988,
      49.80644729813726
    ],
    [
      45.875855999999494,
      61.971246146563196
    ],
    [
      42.349365925427506,
      51.68134232422675
    ],
    [
      52.36791299999944,
      61.25684396703845
    ],
    [
      39.229832009999384,
      57.71476613835181
    ],
    [
      37.52987700000009,
      53.68122940266476
    ],
    [
      50.751419999999946,
      65.22174826892642
    ],
    [
      42.834122999999536,
      61.13498131873914
    ],
    [
      48.23260800000003,
      72.10088596806122
    ],
    [
      30.148598999999777,
      49.256194251109285
    ],
    [
      39.633383609999676,
      58.71193055086302
    ],
    [
      38.33438834999996,
      58.44592514647611
    ],
    [
      43.90227600000007,
      69.88064291018797
    ],
    [
      41.057581189908134,
      61.99112505500065
    ],
    [
      41.97390332198082,
      63.405687949962356
    ],
    [
      42.665291999999894,
      64.17156140276876
    ],
    [
      40.8942870000001,
      63.7287142778469
    ],
    [
      35.701885123808836,
      55.18621527479079
    ],
    [
      37.44668562154183,
      60.29897548252391
    ],
    [
      42.231532428987144,
      67.14015513235218
    ],
    [
      37.56434179481704,
      65.99228961397372
    ],
    [
      42.04819271644504,
      19.95986456313124
    ],
    [
      41.399022581511126,
      69.4806678788119
    ],
    [
      36.948791999999415,
      67.37938143506399
    ],
    [
      37.891744377059425,
      70.10171806912226
    ],
    [
      36.67684199999985,
      69.27108846175109
    ]
  ],
  "y_hist": [
    -0.42135243899515085,
    -1.0199314946212388,
    0.2302987254886017,
    -0.758820557707278,
    0.6928051115125216,
    0.7721943321343866,
    0.6190894630771556,
    0.6880017782218253,
    -0.42135243899515085,
    -0.6970406292421844,
    -0.7714876402425467,
    -0.032967424547850586,
    -1.2289694800400743,
    0.6539410538995897,
    0.4875657669025717,
    0.45420794138618037,
    -0.2957903678786178,
    0.987903921647112,
    1.2477231281108612,
    0.49852231461821545,
    0.6975931231399027,
    1.516970557685076,
    0.09374641364798453,
    0.5415658480955721,
    1.0035807259961464,
    -0.09651301379362355,
    0.9560504107252771,
    0.2625804077835235,
    0.07938228133053304,
    0.2879150239101222
  ],
  "eval_count": 30,
  "evals_to_f_best": 22,
  "total_time": 0.8295247919741087,
  "deviation_from_optimum": 0.0,
  "optimum": 1.516970557685076,
  "optimum_x": [
    35.701885123808836,
    55.18621527479079
  ],
  "success": true
}