{
  "identifier": "Preprocessed-NO2-2015-272",
  "best_x": [
    41.057581189908134,
    61.99112505500065
  ],
  "best_y": 1.8080807212337604,
  "best_so_far": [
    0.5039707430047735,
    0.5039707430047735,
    1.0609523095233735,
    1.0609523095233735,
    1.151952314434525,
    1.151952314434525,
    1.151952314434525,
    1.151952314434525,
    1.151952314434525,
    1.151952314434525,
    1.151952314434525,
    1.151952314434525,
    1.151952314434525,
    1.151952314434525,
    1.552548385169975,
    1.552548385169975,
    1.8080807212337604,
    1.8080807212337604,
    1.8080807212337604,
    1.8080807212337604,
    1.8080807212337604,
    1.8080807212337604,
    1.8080807212337604,
    1.8080807212337604,
    1.8080807212337604,
    1.8080807212337604,
    1.8080807212337604,
    1.8080807212337604,
    1.8080807212337604,
    1.8080807212337604
  ],
  "x_hist": [
    [
      37.5287639642604,
      26.91773629614788
    ],
    [
      47.829233999999445,
      82.35014112354563
    ],
    [
      31.884638999999517,
      58.65023680944083
    ],
    [
      35.48393890674565,
      94.94361745496738
    ],
    [
      42.834122999999536,
      61.13498131873914
    ],
    [
      35.701885123808836,
      55.18621527479079
    ],
    [
      43.15324799999988,
      49.80644729813726
    ],
    [
      26.332529999999636,
      50.75139652211307
    ],
    [
      50.751419999999946,
      65.22174826892642
    ],
    [
      24.43649077494007,
      62.13278598136728
    ],
    [
      37.52987700000009,
      53.68122940266476
    ],
    [
      37.44668562154183,
      60.29897548252391
    ],
    [
      39.229832009999384,
      57.71476613835181
    ],
    [
      45.875855999999494,
      61.971246146563196
    ],
    [
      39.633383609999676,
      58.71193055086302
    ],
    [
      42.349365925427506,
      51.68134232422675
    ],
    [
      41.057581189908134,
      61.99112505500065
    ],
    [
      40.8942870000001,
      63.7287142778469
    ],
    [
      42.231532428987144,
      67.14015513235218
    ],
    [
      41.97390332198082,
      63.405687949962356
    ],
    [
      38.33438834999996,
      58.44592514647611
    ],
    [
      37.56434179481704,
      65.99228961397372
    ],
    [
      42.665291999999894,
      64.17156140276876
    ],
    [
      36.67684199999985,
      69.27108846175109
    ],
    [
      52.36791299999944,
      61.25684396703845
    ],
    [
      41.399022581511126,
      69.4806678788119
    ],
    [
      35.8096057903139,
      69.02752086755608
    ],
    [
      37.891744377059425,
      70.10171806912226
    ],
    [
      38.273022000000154,
      71.34598861519042
    ],
    [
      43.90227600000007,
      69.88064291018797
    ]
  ],
  "y_hist": [
    0.5039707430047735,
    -0.41131199772994653,
    1.0609523095233735,
    -0.5806225882728716,
    1.151952314434525,
    0.5255688188289981,
    0.17715900372254825,
    0.22375823421469399,
    0.035446255780935305,
    -0.7842625290314946,
    -0.025210092696396947,
    0.5782423065883675,
    1.0344515389570137,
    0.43155029801914585,
    1.552548385169975,
    0.2689542618297598,
    1.8080807212337604,
    1.552548385169975,
    0.55213659863054,
    1.533495939704998,
    0.9680748304807081,
    0.9069656980997336,
    0.583409404194896,
    0.5255688188289981,
    0.027996908618421364,
    0.18390526394342624,
    0.9276130714157608,
    0.17715900372254825,
    0.09374641364798453,
    -0.38158745467774496
  ],
  "eval_count": 30,
  "evals_to_f_best": 17,
  "total_time": 0.8913313340162858,
  "deviation_from_optimum": 0.0,
  "optimum": 1.8080807212337604,
  "optimum_x": [
    41.057581189908134,
    61.99112505500065
  ],
  "success": true
}