{
  "identifier": "Preprocessed-NO2-2015-215",
  "best_x": [
    43.15324799999988,
    49.80644729813726
  ],
  "best_y": 1.6943829559718961,
  "best_so_far": [
    -0.1544115555051119,
    0.2302987254886017,
    0.5255688188289981,
    0.5255688188289981,
    0.5255688188289981,
    0.5255688188289981,
    0.5255688188289981,
    0.5255688188289981,
    0.5255688188289981,
    1.3868664193734836,
    1.3868664193734836,
    1.6943829559718961,
    1.6943829559718961,
    1.6943829559718961,
    1.6943829559718961,
    1.6943829559718961,
    1.6943829559718961,
    1.6943829559718961,
    1.6943829559718961,
    1.6943829559718961,
    1.6943829559718961,
    1.6943829559718961,
    1.6943829559718961,
    1.6943829559718961,
    1.6943829559718961,
    1.6943829559718961,
    1.6943829559718961,
    1.6943829559718961,
    1.6943829559718961,
    1.6943829559718961
  ],
  "x_hist": [
    [
      37.5287639642604,
      26.91773629614788
    ],
    [
      47.829233999999445,
      82.35014112354563
    ],
    [
      31.884638999999517,
      58.65023680944083
    ],
    [
      35.48393890674565,
      94.94361745496738
    ],
    [
      42.03630598607403,
      84.26997486831613
    ],
    [
      42.04819271644504,
      19.95986456313124
    ],
    [
      33.36529397954962,
      85.15777905758739
    ],
    [
      30.148598999999777,
      49.256194251109285
    ],
    [
      34.88452499999944,
      72.97514525247436
    ],
    [
      35.701885123808836,
      55.18621527479079
    ],
    [
      37.52987700000009,
      53.68122940266476
    ],
    [
      43.15324799999988,
      49.80644729813726
    ],
    [
      39.229832009999384,
      57.71476613835181
    ],
    [
      38.33438834999996,
      58.44592514647611
    ],
    [
      39.633383609999676,
      58.71193055086302
    ],
    [
      26.332529999999636,
      50.75139652211307
    ],
    [
      41.057581189908134,
      61.99112505500065
    ],
    [
      40.8942870000001,
      63.7287142778469
    ],
    [
      41.97390332198082,
      63.405687949962356
    ],
    [
      37.56434179481704,
      65.99228961397372
    ],
    [
      24.43649077494007,
      62.13278598136728
    ],
    [
      45.875855999999494,
      61.971246146563196
    ],
    [
      42.665291999999894,
      64.17156140276876
    ],
    [
      36.948791999999415,
      67.37938143506399
    ],
    [
      35.8096057903139,
      69.02752086755608
    ],
    [
      36.67684199999985,
      69.27108846175109
    ],
    [
      37.891744377059425,
      70.10171806912226
    ],
    [
      41.399022581511126,
      69.4806678788119
    ],
    [
      52.36791299999944,
      61.25684396703845
    ],
    [
      38.273022000000154,
      71.34598861519042
    ]
  ],
  "y_hist": [
    -0.1544115555051119,
    0.2302987254886017,
    0.5255688188289981,
    -0.7462594771050677,
    -0.4416370770463908,
    0.07938228133053304,
    -0.7971470748590601,
    -0.00981467186537667,
    -0.46219959548393896,
    1.3868664193734836,
    -0.3428487789324037,
    1.6943829559718961,
    0.3494416848948279,
    1.0190954932915186,
    0.6291299043423599,
    0.3554578868261881,
    1.6845076547445346,
    1.4634066264133159,
    0.8170048350594039,
    -1.0199314946212388,
    -0.40133827085273743,
    0.6783487522052433,
    0.6539410538995897,
    -1.0199314946212388,
    -0.46219959548393896,
    -0.5583845463880237,
    -1.246322741202846,
    0.6831830248941215,
    -0.9324675110684087,
    0.9839590038115535
  ],
  "eval_count": 30,
  "evals_to_f_best": 12,
  "total_time": 0.8312682080140803,
  "deviation_from_optimum": 0.0,
  "optimum": 1.6943829559718961,
  "optimum_x": [
    43.15324799999988,
    49.80644729813726
  ],
  "success": true
}