{
  "identifier": "Preprocessed-NO2-2015-243",
  "best_x": [
    39.633383609999676,
    58.71193055086302
  ],
  "best_y": 1.2576310213277253,
  "best_so_far": [
    -0.7462594771050677,
    -0.7462594771050677,
    0.3554578868261881,
    0.3554578868261881,
    0.3554578868261881,
    0.3554578868261881,
    0.3554578868261881,
    0.3554578868261881,
    0.3554578868261881,
    0.3554578868261881,
    0.3554578868261881,
    0.3554578868261881,
    0.8944395583225451,
    0.8944395583225451,
    0.8944395583225451,
    0.8944395583225451,
    0.8944395583225451,
    1.2576310213277253,
    1.2576310213277253,
    1.2576310213277253,
    1.2576310213277253,
    1.2576310213277253,
    1.2576310213277253,
    1.2576310213277253,
    1.2576310213277253,
    1.2576310213277253,
    1.2576310213277253,
    1.2576310213277253,
    1.2576310213277253,
    1.2576310213277253
  ],
  "x_hist": [
    [
      37.5287639642604,
      26.91773629614788
    ],
    [
      47.829233999999445,
      82.35014112354563
    ],
    [
      31.884638999999517,
      58.65023680944083
    ],
    [
      35.48393890674565,
      94.94361745496738
    ],
    [
      35.8096057903139,
      69.02752086755608
    ],
    [
      36.67684199999985,
      69.27108846175109
    ],
    [
      30.148598999999777,
      49.256194251109285
    ],
    [
      37.52987700000009,
      53.68122940266476
    ],
    [
      37.44668562154183,
      60.29897548252391
    ],
    [
      32.476458372216044,
      74.63865922449735
    ],
    [
      38.28112499999941,
      76.69191621993401
    ],
    [
      24.43649077494007,
      62.13278598136728
    ],
    [
      35.701885123808836,
      55.18621527479079
    ],
    [
      26.332529999999636,
      50.75139652211307
    ],
    [
      38.33438834999996,
      58.44592514647611
    ],
    [
      37.56434179481704,
      65.99228961397372
    ],
    [
      39.229832009999384,
      57.71476613835181
    ],
    [
      39.633383609999676,
      58.71193055086302
    ],
    [
      41.057581189908134,
      61.99112505500065
    ],
    [
      36.948791999999415,
      67.37938143506399
    ],
    [
      40.8942870000001,
      63.7287142778469
    ],
    [
      41.97390332198082,
      63.405687949962356
    ],
    [
      42.665291999999894,
      64.17156140276876
    ],
    [
      37.891744377059425,
      70.10171806912226
    ],
    [
      38.273022000000154,
      71.34598861519042
    ],
    [
      42.231532428987144,
      67.14015513235218
    ],
    [
      43.15324799999988,
      49.80644729813726
    ],
    [
      45.875855999999494,
      61.971246146563196
    ],
    [
      34.88452499999944,
      72.97514525247436
    ],
    [
      41.399022581511126,
      69.4806678788119
    ]
  ],
  "y_hist": [
    -0.7462594771050677,
    -1.1780818822860812,
    0.3554578868261881,
    -2.395320876068667,
    0.2039640083957735,
    -0.37180865545128106,
    0.17715900372254825,
    -0.5583845463880237,
    -0.41131199772994653,
    -0.6970406292421844,
    -1.4923250282703198,
    -0.1971791314425059,
    0.8944395583225451,
    -0.46219959548393896,
    0.14296526151086786,
    0.5573941884976809,
    -0.3333183318528421,
    1.2576310213277253,
    0.396909367434709,
    -0.40133827085273743,
    0.0428588158939921,
    0.396909367434709,
    -0.2957903678786178,
    -0.3524401238504811,
    -0.41131199772994653,
    0.0428588158939921,
    0.22375823421469399,
    -0.4416370770463908,
    -0.5918663889551277,
    0.5309201270723722
  ],
  "eval_count": 30,
  "evals_to_f_best": 18,
  "total_time": 0.825030208012322,
  "deviation_from_optimum": 0.0,
  "optimum": 1.2576310213277253,
  "optimum_x": [
    39.633383609999676,
    58.71193055086302
  ],
  "success": true
}