{
  "identifier": "Preprocessed-NO2-2015-136",
  "best_x": [
    35.701885123808836,
    55.18621527479079
  ],
  "best_y": 1.2477231281108612,
  "best_so_far": [
    -1.1614956320610277,
    -1.1614956320610277,
    -0.41131199772994653,
    -0.41131199772994653,
    -0.41131199772994653,
    0.3128291290126751,
    1.2477231281108612,
    1.2477231281108612,
    1.2477231281108612,
    1.2477231281108612,
    1.2477231281108612,
    1.2477231281108612,
    1.2477231281108612,
    1.2477231281108612,
    1.2477231281108612,
    1.2477231281108612,
    1.2477231281108612,
    1.2477231281108612,
    1.2477231281108612,
    1.2477231281108612,
    1.2477231281108612,
    1.2477231281108612,
    1.2477231281108612,
    1.2477231281108612,
    1.2477231281108612,
    1.2477231281108612,
    1.2477231281108612,
    1.2477231281108612,
    1.2477231281108612,
    1.2477231281108612
  ],
  "x_hist": [
    [
      37.5287639642604,
      26.91773629614788
    ],
    [
      47.829233999999445,
      82.35014112354563
    ],
    [
      37.44668562154183,
      60.29897548252391
    ],
    [
      35.48393890674565,
      94.94361745496738
    ],
    [
      42.04819271644504,
      19.95986456313124
    ],
    [
      37.56434179481704,
      65.99228961397372
    ],
    [
      35.701885123808836,
      55.18621527479079
    ],
    [
      36.948791999999415,
      67.37938143506399
    ],
    [
      30.148598999999777,
      49.256194251109285
    ],
    [
      26.332529999999636,
      50.75139652211307
    ],
    [
      48.23260800000003,
      72.10088596806122
    ],
    [
      38.33438834999996,
      58.44592514647611
    ],
    [
      39.633383609999676,
      58.71193055086302
    ],
    [
      37.52987700000009,
      53.68122940266476
    ],
    [
      43.15324799999988,
      49.80644729813726
    ],
    [
      32.476458372216044,
      74.63865922449735
    ],
    [
      39.229832009999384,
      57.71476613835181
    ],
    [
      36.67684199999985,
      69.27108846175109
    ],
    [
      42.349365925427506,
      51.68134232422675
    ],
    [
      40.8942870000001,
      63.7287142778469
    ],
    [
      42.834122999999536,
      61.13498131873914
    ],
    [
      41.97390332198082,
      63.405687949962356
    ],
    [
      42.665291999999894,
      64.17156140276876
    ],
    [
      37.891744377059425,
      70.10171806912226
    ],
    [
      45.875855999999494,
      61.971246146563196
    ],
    [
      42.231532428987144,
      67.14015513235218
    ],
    [
      38.273022000000154,
      71.34598861519042
    ],
    [
      41.399022581511126,
      69.4806678788119
    ],
    [
      34.88452499999944,
      72.97514525247436
    ],
    [
      43.90227600000007,
      69.88064291018797
    ]
  ],
  "y_hist": [
    -1.1614956320610277,
    -1.786701379177374,
    -0.41131199772994653,
    -0.7842625290314946,
    -0.7971470748590601,
    0.3128291290126751,
    1.2477231281108612,
    0.1973074991613457,
    0.2625804077835235,
    0.4875657669025717,
    -0.9902069515690378,
    0.3554578868261881,
    -0.04860340314627779,
    -1.4122505575235875,
    1.1554800255117244,
    -0.1376399802137754,
    -0.5256332753602087,
    -0.032967424547850586,
    0.740011529347584,
    1.1413191622544319,
    0.5039707430047735,
    0.7676388191614539,
    0.5988048250259156,
    -0.536471159067533,
    0.9560504107252771,
    0.4258320420657214,
    0.902801921858531,
    0.3851824298783897,
    -1.4122505575235875,
    -0.5694623853947889
  ],
  "eval_count": 30,
  "evals_to_f_best": 7,
  "total_time": 0.8161477080138866,
  "deviation_from_optimum": 0.0,
  "optimum": 1.2477231281108612,
  "optimum_x": [
    35.701885123808836,
    55.18621527479079
  ],
  "success": true
}