{
  "identifier": "Preprocessed-NO2-2015-137",
  "best_x": [
    40.8942870000001,
    63.7287142778469
  ],
  "best_y": 1.2901928268617635,
  "best_so_far": [
    -1.112808973663904,
    -1.0199314946212388,
    -0.41131199772994653,
    -0.41131199772994653,
    -0.06440397401685785,
    -0.06440397401685785,
    0.11503812343941795,
    0.11503812343941795,
    0.11503812343941795,
    1.1162115694509624,
    1.1162115694509624,
    1.1589994652775206,
    1.1589994652775206,
    1.1589994652775206,
    1.1589994652775206,
    1.1589994652775206,
    1.1589994652775206,
    1.1589994652775206,
    1.2901928268617635,
    1.2901928268617635,
    1.2901928268617635,
    1.2901928268617635,
    1.2901928268617635,
    1.2901928268617635,
    1.2901928268617635,
    1.2901928268617635,
    1.2901928268617635,
    1.2901928268617635,
    1.2901928268617635,
    1.2901928268617635
  ],
  "x_hist": [
    [
      37.5287639642604,
      26.91773629614788
    ],
    [
      47.829233999999445,
      82.35014112354563
    ],
    [
      37.44668562154183,
      60.29897548252391
    ],
    [
      35.48393890674565,
      94.94361745496738
    ],
    [
      30.148598999999777,
      49.256194251109285
    ],
    [
      42.04819271644504,
      19.95986456313124
    ],
    [
      26.332529999999636,
      50.75139652211307
    ],
    [
      37.52987700000009,
      53.68122940266476
    ],
    [
      32.476458372216044,
      74.63865922449735
    ],
    [
      35.701885123808836,
      55.18621527479079
    ],
    [
      34.87819799999964,
      76.08489822384199
    ],
    [
      43.15324799999988,
      49.80644729813726
    ],
    [
      42.349365925427506,
      51.68134232422675
    ],
    [
      38.33438834999996,
      58.44592514647611
    ],
    [
      39.229832009999384,
      57.71476613835181
    ],
    [
      39.633383609999676,
      58.71193055086302
    ],
    [
      37.56434179481704,
      65.99228961397372
    ],
    [
      42.834122999999536,
      61.13498131873914
    ],
    [
      40.8942870000001,
      63.7287142778469
    ],
    [
      41.97390332198082,
      63.405687949962356
    ],
    [
      45.875855999999494,
      61.971246146563196
    ],
    [
      42.665291999999894,
      64.17156140276876
    ],
    [
      36.948791999999415,
      67.37938143506399
    ],
    [
      42.231532428987144,
      67.14015513235218
    ],
    [
      36.67684199999985,
      69.27108846175109
    ],
    [
      37.891744377059425,
      70.10171806912226
    ],
    [
      41.399022581511126,
      69.4806678788119
    ],
    [
      52.36791299999944,
      61.25684396703845
    ],
    [
      38.273022000000154,
      71.34598861519042
    ],
    [
      43.90227600000007,
      69.88064291018797
    ]
  ],
  "y_hist": [
    -1.112808973663904,
    -1.0199314946212388,
    -0.41131199772994653,
    -0.4314604931687447,
    -0.06440397401685785,
    -0.6970406292421844,
    0.11503812343941795,
    -0.9183731317164515,
    -0.04076505440788234,
    1.1162115694509624,
    -1.0049956462913712,
    1.1589994652775206,
    0.4820573556842821,
    0.5468605286204314,
    0.2561793730408118,
    0.14986660871386046,
    -0.7214483275478379,
    1.0190954932915186,
    1.2901928268617635,
    0.7492772400807753,
    0.834561062941767,
    0.6928051115125216,
    0.07214833782375932,
    0.49852231461821545,
    -0.23229278811206575,
    -0.7714876402425467,
    0.2753011650384508,
    0.1906213394538769,
    0.8170048350594039,
    -0.49358137345187497
  ],
  "eval_count": 30,
  "evals_to_f_best": 19,
  "total_time": 0.811463707999792,
  "deviation_from_optimum": 0.0,
  "optimum": 1.2901928268617635,
  "optimum_x": [
    40.8942870000001,
    63.7287142778469
  ],
  "success": true
}