{
  "identifier": "Preprocessed-NO2-2015-146",
  "best_x": [
    41.97390332198082,
    63.405687949962356
  ],
  "best_y": 1.538964216690522,
  "best_so_far": [
    -0.5473878644396147,
    -0.5473878644396147,
    0.16357483524309432,
    0.16357483524309432,
    1.3501792887510307,
    1.3501792887510307,
    1.3501792887510307,
    1.3501792887510307,
    1.3501792887510307,
    1.3501792887510307,
    1.3501792887510307,
    1.3501792887510307,
    1.3501792887510307,
    1.3501792887510307,
    1.3501792887510307,
    1.3501792887510307,
    1.3501792887510307,
    1.3501792887510307,
    1.3501792887510307,
    1.538964216690522,
    1.538964216690522,
    1.538964216690522,
    1.538964216690522,
    1.538964216690522,
    1.538964216690522,
    1.538964216690522,
    1.538964216690522,
    1.538964216690522,
    1.538964216690522,
    1.538964216690522
  ],
  "x_hist": [
    [
      37.5287639642604,
      26.91773629614788
    ],
    [
      42.03630598607403,
      84.26997486831613
    ],
    [
      37.44668562154183,
      60.29897548252391
    ],
    [
      35.48393890674565,
      94.94361745496738
    ],
    [
      35.701885123808836,
      55.18621527479079
    ],
    [
      42.04819271644504,
      19.95986456313124
    ],
    [
      30.148598999999777,
      49.256194251109285
    ],
    [
      26.332529999999636,
      50.75139652211307
    ],
    [
      32.13036654481498,
      89.6343673225596
    ],
    [
      38.33438834999996,
      58.44592514647611
    ],
    [
      37.52987700000009,
      53.68122940266476
    ],
    [
      43.15324799999988,
      49.80644729813726
    ],
    [
      42.349365925427506,
      51.68134232422675
    ],
    [
      39.229832009999384,
      57.71476613835181
    ],
    [
      39.633383609999676,
      58.71193055086302
    ],
    [
      41.057581189908134,
      61.99112505500065
    ],
    [
      37.56434179481704,
      65.99228961397372
    ],
    [
      42.834122999999536,
      61.13498131873914
    ],
    [
      40.8942870000001,
      63.7287142778469
    ],
    [
      41.97390332198082,
      63.405687949962356
    ],
    [
      36.948791999999415,
      67.37938143506399
    ],
    [
      42.665291999999894,
      64.17156140276876
    ],
    [
      45.875855999999494,
      61.971246146563196
    ],
    [
      35.8096057903139,
      69.02752086755608
    ],
    [
      36.67684199999985,
      69.27108846175109
    ],
    [
      42.231532428987144,
      67.14015513235218
    ],
    [
      37.891744377059425,
      70.10171806912226
    ],
    [
      41.399022581511126,
      69.4806678788119
    ],
    [
      38.273022000000154,
      71.34598861519042
    ],
    [
      34.88452499999944,
      72.97514525247436
    ]
  ],
  "y_hist": [
    -0.5473878644396147,
    -0.975562539095333,
    0.16357483524309432,
    -0.536471159067533,
    1.3501792887510307,
    -0.22343706701290258,
    0.5148086267120978,
    0.37336315328062836,
    0.5730573605954337,
    0.3189935745244685,
    -0.8101431765837047,
    1.322063246437335,
    0.6831830248941215,
    -0.3620931498670632,
    0.3851824298783897,
    0.7812640900758421,
    0.952020769721415,
    -0.07236707159159764,
    0.7992408363451698,
    1.538964216690522,
    0.2497509247894571,
    0.4485755131171788,
    1.0267931530969379,
    0.7630694385477358,
    0.24329482721324636,
    0.71659388789519,
    0.05757501585055113,
    0.9479802817569499,
    0.5782423065883675,
    -0.42135243899515085
  ],
  "eval_count": 30,
  "evals_to_f_best": 20,
  "total_time": 0.8361325839941856,
  "deviation_from_optimum": 0.0,
  "optimum": 1.538964216690522,
  "optimum_x": [
    41.97390332198082,
    63.405687949962356
  ],
  "success": true
}