{
  "identifier": "Preprocessed-NO2-2015-258",
  "best_x": [
    41.057581189908134,
    61.99112505500065
  ],
  "best_y": 1.8988123237530559,
  "best_so_far": [
    -0.1971791314425059,
    0.4143297607056542,
    0.5255688188289981,
    0.5255688188289981,
    0.5255688188289981,
    0.5255688188289981,
    0.5255688188289981,
    0.5255688188289981,
    0.5255688188289981,
    0.5255688188289981,
    0.5255688188289981,
    0.5255688188289981,
    1.5471294609725166,
    1.5471294609725166,
    1.5471294609725166,
    1.5471294609725166,
    1.5471294609725166,
    1.8988123237530559,
    1.8988123237530559,
    1.8988123237530559,
    1.8988123237530559,
    1.8988123237530559,
    1.8988123237530559,
    1.8988123237530559,
    1.8988123237530559,
    1.8988123237530559,
    1.8988123237530559,
    1.8988123237530559,
    1.8988123237530559,
    1.8988123237530559
  ],
  "x_hist": [
    [
      37.5287639642604,
      26.91773629614788
    ],
    [
      47.829233999999445,
      82.35014112354563
    ],
    [
      31.884638999999517,
      58.65023680944083
    ],
    [
      35.48393890674565,
      94.94361745496738
    ],
    [
      34.87819799999964,
      76.08489822384199
    ],
    [
      24.43649077494007,
      62.13278598136728
    ],
    [
      32.476458372216044,
      74.63865922449735
    ],
    [
      26.332529999999636,
      50.75139652211307
    ],
    [
      34.88452499999944,
      72.97514525247436
    ],
    [
      30.148598999999777,
      49.256194251109285
    ],
    [
      35.8096057903139,
      69.02752086755608
    ],
    [
      37.44668562154183,
      60.29897548252391
    ],
    [
      35.701885123808836,
      55.18621527479079
    ],
    [
      37.52987700000009,
      53.68122940266476
    ],
    [
      38.33438834999996,
      58.44592514647611
    ],
    [
      37.56434179481704,
      65.99228961397372
    ],
    [
      39.633383609999676,
      58.71193055086302
    ],
    [
      41.057581189908134,
      61.99112505500065
    ],
    [
      36.948791999999415,
      67.37938143506399
    ],
    [
      43.15324799999988,
      49.80644729813726
    ],
    [
      40.8942870000001,
      63.7287142778469
    ],
    [
      42.834122999999536,
      61.13498131873914
    ],
    [
      41.97390332198082,
      63.405687949962356
    ],
    [
      42.665291999999894,
      64.17156140276876
    ],
    [
      36.67684199999985,
      69.27108846175109
    ],
    [
      37.891744377059425,
      70.10171806912226
    ],
    [
      42.231532428987144,
      67.14015513235218
    ],
    [
      45.875855999999494,
      61.971246146563196
    ],
    [
      41.399022581511126,
      69.4806678788119
    ],
    [
      38.273022000000154,
      71.34598861519042
    ]
  ],
  "y_hist": [
    -0.1971791314425059,
    0.4143297607056542,
    0.5255688188289981,
    -0.5918663889551277,
    -0.8232527828168875,
    -0.5473878644396147,
    -0.1210537299887212,
    0.3434012728301221,
    -0.09651301379362355,
    0.3614500719194548,
    -0.07236707159159764,
    -0.3144370719240541,
    1.5471294609725166,
    -0.2957903678786178,
    1.2006013993858593,
    -0.637703244311553,
    0.6880017782218253,
    1.8988123237530559,
    -0.6493845512991753,
    1.4197263268281255,
    1.61349926266774,
    1.3408656681417577,
    1.0833007179662986,
    0.7992408363451698,
    -0.20588083913053945,
    -0.9466954884243219,
    -0.11282883065654499,
    0.964077383717481,
    0.7260048301482523,
    1.134188315720291
  ],
  "eval_count": 30,
  "evals_to_f_best": 18,
  "total_time": 0.8498033340147231,
  "deviation_from_optimum": 0.0,
  "optimum": 1.8988123237530559,
  "optimum_x": [
    41.057581189908134,
    61.99112505500065
  ],
  "success": true
}