{
  "identifier": "Preprocessed-NO2-2015-255",
  "best_x": [
    41.057581189908134,
    61.99112505500065
  ],
  "best_y": 1.8684434190801193,
  "best_so_far": [
    -0.40133827085273743,
    0.16357483524309432,
    0.5255688188289981,
    0.5255688188289981,
    0.5255688188289981,
    0.5255688188289981,
    0.5255688188289981,
    0.5255688188289981,
    0.5255688188289981,
    1.4634066264133159,
    1.4634066264133159,
    1.4634066264133159,
    1.4634066264133159,
    1.4634066264133159,
    1.4634066264133159,
    1.4634066264133159,
    1.4634066264133159,
    1.8684434190801193,
    1.8684434190801193,
    1.8684434190801193,
    1.8684434190801193,
    1.8684434190801193,
    1.8684434190801193,
    1.8684434190801193,
    1.8684434190801193,
    1.8684434190801193,
    1.8684434190801193,
    1.8684434190801193,
    1.8684434190801193,
    1.8684434190801193
  ],
  "x_hist": [
    [
      37.5287639642604,
      26.91773629614788
    ],
    [
      47.829233999999445,
      82.35014112354563
    ],
    [
      31.884638999999517,
      58.65023680944083
    ],
    [
      35.48393890674565,
      94.94361745496738
    ],
    [
      37.36426499999942,
      87.78778327994611
    ],
    [
      24.43649077494007,
      62.13278598136728
    ],
    [
      34.88452499999944,
      72.97514525247436
    ],
    [
      26.332529999999636,
      50.75139652211307
    ],
    [
      32.476458372216044,
      74.63865922449735
    ],
    [
      35.701885123808836,
      55.18621527479079
    ],
    [
      37.52987700000009,
      53.68122940266476
    ],
    [
      30.148598999999777,
      49.256194251109285
    ],
    [
      37.44668562154183,
      60.29897548252391
    ],
    [
      35.8096057903139,
      69.02752086755608
    ],
    [
      38.33438834999996,
      58.44592514647611
    ],
    [
      43.15324799999988,
      49.80644729813726
    ],
    [
      39.633383609999676,
      58.71193055086302
    ],
    [
      41.057581189908134,
      61.99112505500065
    ],
    [
      42.834122999999536,
      61.13498131873914
    ],
    [
      40.8942870000001,
      63.7287142778469
    ],
    [
      41.97390332198082,
      63.405687949962356
    ],
    [
      37.56434179481704,
      65.99228961397372
    ],
    [
      42.665291999999894,
      64.17156140276876
    ],
    [
      36.948791999999415,
      67.37938143506399
    ],
    [
      36.67684199999985,
      69.27108846175109
    ],
    [
      42.231532428987144,
      67.14015513235218
    ],
    [
      37.891744377059425,
      70.10171806912226
    ],
    [
      41.399022581511126,
      69.4806678788119
    ],
    [
      38.273022000000154,
      71.34598861519042
    ],
    [
      43.90227600000007,
      69.88064291018797
    ]
  ],
  "y_hist": [
    -0.40133827085273743,
    0.16357483524309432,
    0.5255688188289981,
    -0.90440986476991,
    -0.06440397401685785,
    -0.7214483275478379,
    -0.20588083913053945,
    0.3434012728301221,
    -0.1885275779677678,
    1.4634066264133159,
    -0.49358137345187497,
    0.22375823421469399,
    -0.5148730832433084,
    -0.46219959548393896,
    1.1971782727655853,
    1.4431805598330598,
    0.6089814089035618,
    1.8684434190801193,
    1.2142163713903342,
    1.466273944138028,
    0.7812640900758421,
    -0.45188312619801335,
    0.7857785006138405,
    -0.5806225882728716,
    -0.3620931498670632,
    -0.06440397401685785,
    -0.9324675110684087,
    0.7071235702194644,
    1.0229492575969463,
    -0.16286814335125438
  ],
  "eval_count": 30,
  "evals_to_f_best": 18,
  "total_time": 0.8411744589975569,
  "deviation_from_optimum": 0.0,
  "optimum": 1.8684434190801193,
  "optimum_x": [
    41.057581189908134,
    61.99112505500065
  ],
  "success": true
}