{
  "identifier": "Preprocessed-NO2-2015-335",
  "best_x": [
    41.057581189908134,
    61.99112505500065
  ],
  "best_y": 1.9411575965311403,
  "best_so_far": [
    -0.6493845512991753,
    -0.1376399802137754,
    0.3554578868261881,
    0.3554578868261881,
    0.3554578868261881,
    0.3554578868261881,
    0.3554578868261881,
    0.3554578868261881,
    0.3554578868261881,
    0.3554578868261881,
    1.8239648945646056,
    1.8239648945646056,
    1.8239648945646056,
    1.8239648945646056,
    1.8239648945646056,
    1.8239648945646056,
    1.8239648945646056,
    1.8239648945646056,
    1.9411575965311403,
    1.9411575965311403,
    1.9411575965311403,
    1.9411575965311403,
    1.9411575965311403,
    1.9411575965311403,
    1.9411575965311403,
    1.9411575965311403,
    1.9411575965311403,
    1.9411575965311403,
    1.9411575965311403,
    1.9411575965311403
  ],
  "x_hist": [
    [
      37.5287639642604,
      26.91773629614788
    ],
    [
      47.829233999999445,
      82.35014112354563
    ],
    [
      31.884638999999517,
      58.65023680944083
    ],
    [
      35.48393890674565,
      94.94361745496738
    ],
    [
      16.28216201918641,
      83.86135661828055
    ],
    [
      32.476458372216044,
      74.63865922449735
    ],
    [
      24.43649077494007,
      62.13278598136728
    ],
    [
      26.332529999999636,
      50.75139652211307
    ],
    [
      35.8096057903139,
      69.02752086755608
    ],
    [
      34.88452499999944,
      72.97514525247436
    ],
    [
      35.701885123808836,
      55.18621527479079
    ],
    [
      38.33438834999996,
      58.44592514647611
    ],
    [
      30.148598999999777,
      49.256194251109285
    ],
    [
      39.229832009999384,
      57.71476613835181
    ],
    [
      40.8942870000001,
      63.7287142778469
    ],
    [
      39.633383609999676,
      58.71193055086302
    ],
    [
      37.52987700000009,
      53.68122940266476
    ],
    [
      37.56434179481704,
      65.99228961397372
    ],
    [
      41.057581189908134,
      61.99112505500065
    ],
    [
      36.948791999999415,
      67.37938143506399
    ],
    [
      42.834122999999536,
      61.13498131873914
    ],
    [
      36.67684199999985,
      69.27108846175109
    ],
    [
      41.97390332198082,
      63.405687949962356
    ],
    [
      42.665291999999894,
      64.17156140276876
    ],
    [
      42.349365925427506,
      51.68134232422675
    ],
    [
      37.891744377059425,
      70.10171806912226
    ],
    [
      38.273022000000154,
      71.34598861519042
    ],
    [
      43.15324799999988,
      49.80644729813726
    ],
    [
      41.399022581511126,
      69.4806678788119
    ],
    [
      45.875855999999494,
      61.971246146563196
    ]
  ],
  "y_hist": [
    -0.6493845512991753,
    -0.1376399802137754,
    0.3554578868261881,
    -0.025210092696396947,
    -0.2501625274041636,
    -0.20588083913053945,
    -0.40133827085273743,
    0.2302987254886017,
    0.035446255780935305,
    -0.758820557707278,
    1.8239648945646056,
    1.2410813457148842,
    0.21059112897277193,
    0.9560504107252771,
    1.6544858465418506,
    0.8081491139602407,
    -1.0049956462913712,
    -0.3238480141771158,
    1.9411575965311403,
    0.2561793730408118,
    1.5141985525160149,
    0.027996908618421364,
    1.328356925982428,
    0.8562214730353249,
    0.6637518102134274,
    -0.1544115555051119,
    0.9439288882786829,
    1.2142163713903342,
    0.6734988598682657,
    0.9276130714157608
  ],
  "eval_count": 30,
  "evals_to_f_best": 19,
  "total_time": 0.8100712920131627,
  "deviation_from_optimum": 0.0,
  "optimum": 1.9411575965311403,
  "optimum_x": [
    41.057581189908134,
    61.99112505500065
  ],
  "success": true
}