{
  "identifier": "Preprocessed-NO2-2015-305",
  "best_x": [
    40.8942870000001,
    63.7287142778469
  ],
  "best_y": 1.8239648945646056,
  "best_so_far": [
    0.4930540376326917,
    0.4930540376326917,
    0.8605162982041191,
    0.8605162982041191,
    0.8605162982041191,
    0.8605162982041191,
    0.8605162982041191,
    0.8605162982041191,
    0.902801921858531,
    0.902801921858531,
    1.2642001362869997,
    1.2642001362869997,
    1.2642001362869997,
    1.2642001362869997,
    1.2642001362869997,
    1.7090751486933318,
    1.7090751486933318,
    1.7090751486933318,
    1.7090751486933318,
    1.7090751486933318,
    1.7090751486933318,
    1.8239648945646056,
    1.8239648945646056,
    1.8239648945646056,
    1.8239648945646056,
    1.8239648945646056,
    1.8239648945646056,
    1.8239648945646056,
    1.8239648945646056,
    1.8239648945646056
  ],
  "x_hist": [
    [
      37.5287639642604,
      26.91773629614788
    ],
    [
      47.829233999999445,
      82.35014112354563
    ],
    [
      31.884638999999517,
      58.65023680944083
    ],
    [
      35.48393890674565,
      94.94361745496738
    ],
    [
      49.543184999999745,
      44.872801955437204
    ],
    [
      26.332529999999636,
      50.75139652211307
    ],
    [
      24.43649077494007,
      62.13278598136728
    ],
    [
      42.04819271644504,
      19.95986456313124
    ],
    [
      35.8096057903139,
      69.02752086755608
    ],
    [
      32.476458372216044,
      74.63865922449735
    ],
    [
      35.701885123808836,
      55.18621527479079
    ],
    [
      37.44668562154183,
      60.29897548252391
    ],
    [
      37.52987700000009,
      53.68122940266476
    ],
    [
      30.148598999999777,
      49.256194251109285
    ],
    [
      37.56434179481704,
      65.99228961397372
    ],
    [
      38.33438834999996,
      58.44592514647611
    ],
    [
      42.349365925427506,
      51.68134232422675
    ],
    [
      39.229832009999384,
      57.71476613835181
    ],
    [
      43.15324799999988,
      49.80644729813726
    ],
    [
      41.057581189908134,
      61.99112505500065
    ],
    [
      42.834122999999536,
      61.13498131873914
    ],
    [
      40.8942870000001,
      63.7287142778469
    ],
    [
      41.97390332198082,
      63.405687949962356
    ],
    [
      45.875855999999494,
      61.971246146563196
    ],
    [
      42.665291999999894,
      64.17156140276876
    ],
    [
      36.948791999999415,
      67.37938143506399
    ],
    [
      42.231532428987144,
      67.14015513235218
    ],
    [
      36.67684199999985,
      69.27108846175109
    ],
    [
      37.891744377059425,
      70.10171806912226
    ],
    [
      41.399022581511126,
      69.4806678788119
    ]
  ],
  "y_hist": [
    0.4930540376326917,
    0.2302987254886017,
    0.8605162982041191,
    -0.07236707159159764,
    0.8170048350594039,
    0.5362524252996946,
    -0.3428487789324037,
    0.24329482721324636,
    0.902801921858531,
    0.45420794138618037,
    1.2642001362869997,
    0.9839590038115535,
    0.3614500719194548,
    1.0496520776911848,
    0.8432627706298005,
    1.7090751486933318,
    1.3838431749024285,
    1.148416293076204,
    1.6544858465418506,
    1.3093961639020655,
    1.3030223098558293,
    1.8239648945646056,
    1.007474477524456,
    0.5039707430047735,
    0.5730573605954337,
    0.7118661977745061,
    0.6637518102134274,
    0.22375823421469399,
    -0.06440397401685785,
    0.5362524252996946
  ],
  "eval_count": 30,
  "evals_to_f_best": 22,
  "total_time": 0.8100904159946367,
  "deviation_from_optimum": 0.0,
  "optimum": 1.8239648945646056,
  "optimum_x": [
    40.8942870000001,
    63.7287142778469
  ],
  "success": true
}