{
  "identifier": "Preprocessed-NO2-2015-184",
  "best_x": [
    40.8942870000001,
    63.7287142778469
  ],
  "best_y": 1.8217059921481484,
  "best_so_far": [
    0.5255688188289981,
    0.5255688188289981,
    1.3655747095820503,
    1.3655747095820503,
    1.3655747095820503,
    1.3655747095820503,
    1.3655747095820503,
    1.3655747095820503,
    1.3655747095820503,
    1.3655747095820503,
    1.3655747095820503,
    1.3655747095820503,
    1.3655747095820503,
    1.3655747095820503,
    1.3655747095820503,
    1.3655747095820503,
    1.721209736787358,
    1.8217059921481484,
    1.8217059921481484,
    1.8217059921481484,
    1.8217059921481484,
    1.8217059921481484,
    1.8217059921481484,
    1.8217059921481484,
    1.8217059921481484,
    1.8217059921481484,
    1.8217059921481484,
    1.8217059921481484,
    1.8217059921481484,
    1.8217059921481484
  ],
  "x_hist": [
    [
      37.5287639642604,
      26.91773629614788
    ],
    [
      47.829233999999445,
      82.35014112354563
    ],
    [
      31.884638999999517,
      58.65023680944083
    ],
    [
      35.48393890674565,
      94.94361745496738
    ],
    [
      43.15324799999988,
      49.80644729813726
    ],
    [
      37.52987700000009,
      53.68122940266476
    ],
    [
      42.04819271644504,
      19.95986456313124
    ],
    [
      34.87819799999964,
      76.08489822384199
    ],
    [
      24.43649077494007,
      62.13278598136728
    ],
    [
      32.476458372216044,
      74.63865922449735
    ],
    [
      39.229832009999384,
      57.71476613835181
    ],
    [
      37.56434179481704,
      65.99228961397372
    ],
    [
      36.948791999999415,
      67.37938143506399
    ],
    [
      38.33438834999996,
      58.44592514647611
    ],
    [
      35.701885123808836,
      55.18621527479079
    ],
    [
      39.633383609999676,
      58.71193055086302
    ],
    [
      41.057581189908134,
      61.99112505500065
    ],
    [
      40.8942870000001,
      63.7287142778469
    ],
    [
      41.97390332198082,
      63.405687949962356
    ],
    [
      42.665291999999894,
      64.17156140276876
    ],
    [
      35.8096057903139,
      69.02752086755608
    ],
    [
      36.67684199999985,
      69.27108846175109
    ],
    [
      42.231532428987144,
      67.14015513235218
    ],
    [
      37.891744377059425,
      70.10171806912226
    ],
    [
      41.399022581511126,
      69.4806678788119
    ],
    [
      45.875855999999494,
      61.971246146563196
    ],
    [
      38.273022000000154,
      71.34598861519042
    ],
    [
      34.88452499999944,
      72.97514525247436
    ],
    [
      43.90227600000007,
      69.88064291018797
    ],
    [
      30.148598999999777,
      49.256194251109285
    ]
  ],
  "y_hist": [
    0.5255688188289981,
    -0.7462594771050677,
    1.3655747095820503,
    -1.1780818822860812,
    0.3674184311641557,
    0.012986379805319194,
    -0.01749264447536001,
    0.3910573507731312,
    -0.8498205626184295,
    0.5255688188289981,
    0.7023659105392768,
    0.7306882672471479,
    0.6039017412048809,
    1.2310632415261833,
    0.5936905428298341,
    1.24440591046808,
    1.721209736787358,
    1.8217059921481484,
    1.6056881069360291,
    0.9111179562730009,
    1.007474477524456,
    0.49852231461821545,
    0.2816213443650285,
    -0.1210537299887212,
    -0.08037263922087588,
    0.1220687703558549,
    -0.3144370719240541,
    0.6291299043423599,
    -0.8498205626184295,
    -0.002175773076444545
  ],
  "eval_count": 30,
  "evals_to_f_best": 18,
  "total_time": 0.8886150839971378,
  "deviation_from_optimum": 0.0,
  "optimum": 1.8217059921481484,
  "optimum_x": [
    40.8942870000001,
    63.7287142778469
  ],
  "success": true
}