{
  "identifier": "Preprocessed-NO2-2015-332",
  "best_x": [
    41.057581189908134,
    61.99112505500065
  ],
  "best_y": 1.595209597559602,
  "best_so_far": [
    -0.8364778936765329,
    -0.41131199772994653,
    -0.41131199772994653,
    -0.2957903678786178,
    0.30042376606945126,
    0.30042376606945126,
    0.30042376606945126,
    0.30042376606945126,
    0.30042376606945126,
    0.30042376606945126,
    0.30042376606945126,
    0.30042376606945126,
    0.30042376606945126,
    0.30042376606945126,
    0.30042376606945126,
    0.30042376606945126,
    0.7260048301482523,
    0.7260048301482523,
    0.7260048301482523,
    0.7260048301482523,
    0.7260048301482523,
    0.7260048301482523,
    0.7260048301482523,
    0.7260048301482523,
    0.7260048301482523,
    1.3838431749024285,
    1.3838431749024285,
    1.3838431749024285,
    1.595209597559602,
    1.595209597559602
  ],
  "x_hist": [
    [
      37.5287639642604,
      26.91773629614788
    ],
    [
      47.829233999999445,
      82.35014112354563
    ],
    [
      24.43649077494007,
      62.13278598136728
    ],
    [
      35.48393890674565,
      94.94361745496738
    ],
    [
      32.13036654481498,
      89.6343673225596
    ],
    [
      37.36426499999942,
      87.78778327994611
    ],
    [
      41.744879999999405,
      100.4720072707649
    ],
    [
      16.28216201918641,
      83.86135661828055
    ],
    [
      33.36529397954962,
      85.15777905758739
    ],
    [
      42.03630598607403,
      84.26997486831613
    ],
    [
      45.64222666408809,
      111.9064932186795
    ],
    [
      34.87819799999964,
      76.08489822384199
    ],
    [
      32.476458372216044,
      74.63865922449735
    ],
    [
      38.28112499999941,
      76.69191621993401
    ],
    [
      38.67794999999997,
      75.22449383515101
    ],
    [
      34.88452499999944,
      72.97514525247436
    ],
    [
      38.273022000000154,
      71.34598861519042
    ],
    [
      37.891744377059425,
      70.10171806912226
    ],
    [
      35.8096057903139,
      69.02752086755608
    ],
    [
      36.67684199999985,
      69.27108846175109
    ],
    [
      36.948791999999415,
      67.37938143506399
    ],
    [
      41.399022581511126,
      69.4806678788119
    ],
    [
      43.90227600000007,
      69.88064291018797
    ],
    [
      37.56434179481704,
      65.99228961397372
    ],
    [
      48.23260800000003,
      72.10088596806122
    ],
    [
      40.8942870000001,
      63.7287142778469
    ],
    [
      42.665291999999894,
      64.17156140276876
    ],
    [
      41.97390332198082,
      63.405687949962356
    ],
    [
      41.057581189908134,
      61.99112505500065
    ],
    [
      37.44668562154183,
      60.29897548252391
    ]
  ],
  "y_hist": [
    -0.8364778936765329,
    -0.41131199772994653,
    -0.8768670668292121,
    -0.2957903678786178,
    0.30042376606945126,
    -0.37180865545128106,
    -1.5340232755241812,
    -0.5256332753602087,
    -0.9183731317164515,
    -0.391430377635874,
    -1.5340232755241812,
    -1.112808973663904,
    -0.46219959548393896,
    -0.8768670668292121,
    -0.7462594771050677,
    -0.8498205626184295,
    0.7260048301482523,
    -0.603195049313041,
    -0.3238480141771158,
    -0.5583845463880237,
    -0.01749264447536001,
    0.24329482721324636,
    -0.3620931498670632,
    -0.6611574773164867,
    0.07214833782375932,
    1.3838431749024285,
    0.6975931231399027,
    0.9800036909235719,
    1.595209597559602,
    -0.3144370719240541
  ],
  "eval_count": 30,
  "evals_to_f_best": 29,
  "total_time": 0.8103632499987725,
  "deviation_from_optimum": 0.01828966510813812,
  "optimum": 1.61349926266774,
  "optimum_x": [
    35.701885123808836,
    55.18621527479079
  ],
  "success": false
}