{
  "identifier": "Preprocessed-NO2-2015-275",
  "best_x": [
    41.057581189908134,
    61.99112505500065
  ],
  "best_y": 1.9348814603948514,
  "best_so_far": [
    0.6734988598682657,
    0.6734988598682657,
    1.538964216690522,
    1.538964216690522,
    1.538964216690522,
    1.538964216690522,
    1.538964216690522,
    1.538964216690522,
    1.538964216690522,
    1.538964216690522,
    1.538964216690522,
    1.538964216690522,
    1.538964216690522,
    1.538964216690522,
    1.538964216690522,
    1.538964216690522,
    1.538964216690522,
    1.538964216690522,
    1.538964216690522,
    1.8988123237530559,
    1.8988123237530559,
    1.8988123237530559,
    1.8988123237530559,
    1.9348814603948514,
    1.9348814603948514,
    1.9348814603948514,
    1.9348814603948514,
    1.9348814603948514,
    1.9348814603948514,
    1.9348814603948514
  ],
  "x_hist": [
    [
      37.5287639642604,
      26.91773629614788
    ],
    [
      47.829233999999445,
      82.35014112354563
    ],
    [
      31.884638999999517,
      58.65023680944083
    ],
    [
      35.48393890674565,
      94.94361745496738
    ],
    [
      26.332529999999636,
      50.75139652211307
    ],
    [
      24.43649077494007,
      62.13278598136728
    ],
    [
      16.28216201918641,
      83.86135661828055
    ],
    [
      32.476458372216044,
      74.63865922449735
    ],
    [
      34.87819799999964,
      76.08489822384199
    ],
    [
      34.88452499999944,
      72.97514525247436
    ],
    [
      33.36529397954962,
      85.15777905758739
    ],
    [
      30.148598999999777,
      49.256194251109285
    ],
    [
      35.8096057903139,
      69.02752086755608
    ],
    [
      36.67684199999985,
      69.27108846175109
    ],
    [
      37.44668562154183,
      60.29897548252391
    ],
    [
      37.56434179481704,
      65.99228961397372
    ],
    [
      37.891744377059425,
      70.10171806912226
    ],
    [
      38.33438834999996,
      58.44592514647611
    ],
    [
      39.229832009999384,
      57.71476613835181
    ],
    [
      39.633383609999676,
      58.71193055086302
    ],
    [
      38.273022000000154,
      71.34598861519042
    ],
    [
      40.8942870000001,
      63.7287142778469
    ],
    [
      37.52987700000009,
      53.68122940266476
    ],
    [
      41.057581189908134,
      61.99112505500065
    ],
    [
      41.97390332198082,
      63.405687949962356
    ],
    [
      42.834122999999536,
      61.13498131873914
    ],
    [
      42.665291999999894,
      64.17156140276876
    ],
    [
      42.231532428987144,
      67.14015513235218
    ],
    [
      42.349365925427506,
      51.68134232422675
    ],
    [
      38.67794999999997,
      75.22449383515101
    ]
  ],
  "y_hist": [
    0.6734988598682657,
    0.09374641364798453,
    1.538964216690522,
    0.005424447578251948,
    1.0113581546520458,
    -0.002175773076444545,
    0.14986660871386046,
    1.2804982374738885,
    1.2277089599684485,
    1.134188315720291,
    0.583409404194896,
    1.2410813457148842,
    1.2543356514587063,
    0.6089814089035618,
    0.8605162982041191,
    1.2543356514587063,
    0.37336315328062836,
    1.3777783570661408,
    1.0795990135688098,
    1.8988123237530559,
    0.47097951667751753,
    1.88587224040361,
    0.5988048250259156,
    1.9348814603948514,
    1.7757990389388392,
    1.398898871559435,
    0.8301912188876749,
    0.7630694385477358,
    0.6539410538995897,
    0.5201983645404009
  ],
  "eval_count": 30,
  "evals_to_f_best": 24,
  "total_time": 0.8230597499932628,
  "deviation_from_optimum": 0.0,
  "optimum": 1.9348814603948514,
  "optimum_x": [
    41.057581189908134,
    61.99112505500065
  ],
  "success": true
}