{
  "identifier": "Preprocessed-NO2-2015-308",
  "best_x": [
    40.8942870000001,
    63.7287142778469
  ],
  "best_y": 2.101394211595679,
  "best_so_far": [
    0.7353571368665328,
    0.7353571368665328,
    0.9839590038115535,
    0.9839590038115535,
    1.166013685388973,
    1.870633120959982,
    1.870633120959982,
    1.870633120959982,
    1.870633120959982,
    1.8988123237530559,
    1.8988123237530559,
    1.8988123237530559,
    1.8988123237530559,
    1.8988123237530559,
    1.8988123237530559,
    1.8988123237530559,
    1.8988123237530559,
    1.8988123237530559,
    1.8988123237530559,
    1.8988123237530559,
    1.8988123237530559,
    1.8988123237530559,
    2.101394211595679,
    2.101394211595679,
    2.101394211595679,
    2.101394211595679,
    2.101394211595679,
    2.101394211595679,
    2.101394211595679,
    2.101394211595679
  ],
  "x_hist": [
    [
      37.5287639642604,
      26.91773629614788
    ],
    [
      47.829233999999445,
      82.35014112354563
    ],
    [
      31.884638999999517,
      58.65023680944083
    ],
    [
      35.48393890674565,
      94.94361745496738
    ],
    [
      30.148598999999777,
      49.256194251109285
    ],
    [
      35.701885123808836,
      55.18621527479079
    ],
    [
      41.744879999999405,
      100.4720072707649
    ],
    [
      26.332529999999636,
      50.75139652211307
    ],
    [
      37.52987700000009,
      53.68122940266476
    ],
    [
      43.15324799999988,
      49.80644729813726
    ],
    [
      32.476458372216044,
      74.63865922449735
    ],
    [
      16.28216201918641,
      83.86135661828055
    ],
    [
      42.04819271644504,
      19.95986456313124
    ],
    [
      32.13036654481498,
      89.6343673225596
    ],
    [
      49.543184999999745,
      44.872801955437204
    ],
    [
      42.349365925427506,
      51.68134232422675
    ],
    [
      39.229832009999384,
      57.71476613835181
    ],
    [
      38.33438834999996,
      58.44592514647611
    ],
    [
      37.44668562154183,
      60.29897548252391
    ],
    [
      24.43649077494007,
      62.13278598136728
    ],
    [
      42.834122999999536,
      61.13498131873914
    ],
    [
      41.057581189908134,
      61.99112505500065
    ],
    [
      40.8942870000001,
      63.7287142778469
    ],
    [
      41.97390332198082,
      63.405687949962356
    ],
    [
      37.56434179481704,
      65.99228961397372
    ],
    [
      42.665291999999894,
      64.17156140276876
    ],
    [
      36.948791999999415,
      67.37938143506399
    ],
    [
      45.875855999999494,
      61.971246146563196
    ],
    [
      35.8096057903139,
      69.02752086755608
    ],
    [
      36.67684199999985,
      69.27108846175109
    ]
  ],
  "y_hist": [
    0.7353571368665328,
    0.6783487522052433,
    0.9839590038115535,
    0.47652865561276964,
    1.166013685388973,
    1.870633120959982,
    -0.2412010657271366,
    1.0496520776911848,
    0.4258320420657214,
    1.8988123237530559,
    0.740011529347584,
    0.47652865561276964,
    0.5782423065883675,
    1.2804982374738885,
    0.8081491139602407,
    1.3408656681417577,
    0.9398665302580151,
    1.7711301693194537,
    0.47097951667751753,
    0.07214833782375932,
    1.486193255612345,
    1.8171779634581895,
    2.101394211595679,
    1.7897191421530811,
    0.5730573605954337,
    0.740011529347584,
    0.6928051115125216,
    0.740011529347584,
    0.6539410538995897,
    0.6341250516225128
  ],
  "eval_count": 30,
  "evals_to_f_best": 23,
  "total_time": 0.8479453329928219,
  "deviation_from_optimum": 0.0,
  "optimum": 2.101394211595679,
  "optimum_x": [
    40.8942870000001,
    63.7287142778469
  ],
  "success": true
}