{
  "identifier": "Preprocessed-NO2-2015-320",
  "best_x": [
    41.057581189908134,
    61.99112505500065
  ],
  "best_y": 1.8988123237530559,
  "best_so_far": [
    -0.2412010657271366,
    -0.22343706701290258,
    1.3030223098558293,
    1.3030223098558293,
    1.3030223098558293,
    1.3030223098558293,
    1.3030223098558293,
    1.3030223098558293,
    1.3030223098558293,
    1.726036237320246,
    1.726036237320246,
    1.726036237320246,
    1.726036237320246,
    1.726036237320246,
    1.726036237320246,
    1.726036237320246,
    1.726036237320246,
    1.726036237320246,
    1.726036237320246,
    1.8988123237530559,
    1.8988123237530559,
    1.8988123237530559,
    1.8988123237530559,
    1.8988123237530559,
    1.8988123237530559,
    1.8988123237530559,
    1.8988123237530559,
    1.8988123237530559,
    1.8988123237530559,
    1.8988123237530559
  ],
  "x_hist": [
    [
      37.5287639642604,
      26.91773629614788
    ],
    [
      47.829233999999445,
      82.35014112354563
    ],
    [
      31.884638999999517,
      58.65023680944083
    ],
    [
      16.28216201918641,
      83.86135661828055
    ],
    [
      24.43649077494007,
      62.13278598136728
    ],
    [
      34.87819799999964,
      76.08489822384199
    ],
    [
      26.332529999999636,
      50.75139652211307
    ],
    [
      30.148598999999777,
      49.256194251109285
    ],
    [
      37.52987700000009,
      53.68122940266476
    ],
    [
      35.701885123808836,
      55.18621527479079
    ],
    [
      38.33438834999996,
      58.44592514647611
    ],
    [
      32.476458372216044,
      74.63865922449735
    ],
    [
      42.04819271644504,
      19.95986456313124
    ],
    [
      39.229832009999384,
      57.71476613835181
    ],
    [
      37.44668562154183,
      60.29897548252391
    ],
    [
      37.56434179481704,
      65.99228961397372
    ],
    [
      42.349365925427506,
      51.68134232422675
    ],
    [
      39.633383609999676,
      58.71193055086302
    ],
    [
      43.15324799999988,
      49.80644729813726
    ],
    [
      41.057581189908134,
      61.99112505500065
    ],
    [
      42.834122999999536,
      61.13498131873914
    ],
    [
      40.8942870000001,
      63.7287142778469
    ],
    [
      36.948791999999415,
      67.37938143506399
    ],
    [
      41.97390332198082,
      63.405687949962356
    ],
    [
      42.665291999999894,
      64.17156140276876
    ],
    [
      45.875855999999494,
      61.971246146563196
    ],
    [
      35.8096057903139,
      69.02752086755608
    ],
    [
      36.67684199999985,
      69.27108846175109
    ],
    [
      42.231532428987144,
      67.14015513235218
    ],
    [
      37.891744377059425,
      70.10171806912226
    ]
  ],
  "y_hist": [
    -0.2412010657271366,
    -0.22343706701290258,
    1.3030223098558293,
    -0.22343706701290258,
    -0.637703244311553,
    -0.9466954884243219,
    0.3554578868261881,
    0.2816213443650285,
    -0.6849840152461176,
    1.726036237320246,
    1.0267931530969379,
    -0.3620931498670632,
    0.24329482721324636,
    0.8818080079955526,
    -0.22343706701290258,
    -0.758820557707278,
    0.6539410538995897,
    0.46540978719812554,
    1.2609191724179765,
    1.8988123237530559,
    1.2772527435123175,
    0.9839590038115535,
    0.10797439100389772,
    1.2609191724179765,
    0.5782423065883675,
    0.794766793174556,
    -0.10464875388651942,
    -0.3238480141771158,
    -0.09651301379362355,
    -0.5473878644396147
  ],
  "eval_count": 30,
  "evals_to_f_best": 20,
  "total_time": 0.8536962500074878,
  "deviation_from_optimum": 0.0,
  "optimum": 1.8988123237530559,
  "optimum_x": [
    41.057581189908134,
    61.99112505500065
  ],
  "success": true
}