{
  "identifier": "Preprocessed-NO2-2015-249",
  "best_x": [
    41.057581189908134,
    61.99112505500065
  ],
  "best_y": 0.9398665302580151,
  "best_so_far": [
    -0.3428487789324037,
    -0.3428487789324037,
    0.2302987254886017,
    0.2302987254886017,
    0.4485755131171788,
    0.5782423065883675,
    0.5782423065883675,
    0.5782423065883675,
    0.5782423065883675,
    0.5782423065883675,
    0.5936905428298341,
    0.5936905428298341,
    0.5936905428298341,
    0.5936905428298341,
    0.9276130714157608,
    0.9276130714157608,
    0.9276130714157608,
    0.9276130714157608,
    0.9276130714157608,
    0.9276130714157608,
    0.9276130714157608,
    0.9276130714157608,
    0.9276130714157608,
    0.9276130714157608,
    0.9276130714157608,
    0.9276130714157608,
    0.9276130714157608,
    0.9276130714157608,
    0.9276130714157608,
    0.9398665302580151
  ],
  "x_hist": [
    [
      37.5287639642604,
      26.91773629614788
    ],
    [
      47.829233999999445,
      82.35014112354563
    ],
    [
      31.884638999999517,
      58.65023680944083
    ],
    [
      35.48393890674565,
      94.94361745496738
    ],
    [
      32.476458372216044,
      74.63865922449735
    ],
    [
      35.8096057903139,
      69.02752086755608
    ],
    [
      33.36529397954962,
      85.15777905758739
    ],
    [
      37.36426499999942,
      87.78778327994611
    ],
    [
      36.67684199999985,
      69.27108846175109
    ],
    [
      42.03630598607403,
      84.26997486831613
    ],
    [
      34.87819799999964,
      76.08489822384199
    ],
    [
      34.88452499999944,
      72.97514525247436
    ],
    [
      36.948791999999415,
      67.37938143506399
    ],
    [
      24.43649077494007,
      62.13278598136728
    ],
    [
      32.13036654481498,
      89.6343673225596
    ],
    [
      41.744879999999405,
      100.4720072707649
    ],
    [
      45.64222666408809,
      111.9064932186795
    ],
    [
      38.273022000000154,
      71.34598861519042
    ],
    [
      38.28112499999941,
      76.69191621993401
    ],
    [
      38.67794999999997,
      75.22449383515101
    ],
    [
      37.891744377059425,
      70.10171806912226
    ],
    [
      41.399022581511126,
      69.4806678788119
    ],
    [
      43.90227600000007,
      69.88064291018797
    ],
    [
      37.56434179481704,
      65.99228961397372
    ],
    [
      42.231532428987144,
      67.14015513235218
    ],
    [
      40.8942870000001,
      63.7287142778469
    ],
    [
      48.23260800000003,
      72.10088596806122
    ],
    [
      42.665291999999894,
      64.17156140276876
    ],
    [
      41.97390332198082,
      63.405687949962356
    ],
    [
      41.057581189908134,
      61.99112505500065
    ]
  ],
  "y_hist": [
    -0.3428487789324037,
    -0.5148730832433084,
    0.2302987254886017,
    -0.07236707159159764,
    0.4485755131171788,
    0.5782423065883675,
    -0.14600234374976137,
    0.1567363706932789,
    0.05757501585055113,
    -0.30508476520577366,
    0.5936905428298341,
    0.027996908618421364,
    0.3434012728301221,
    -0.08842113235089138,
    0.9276130714157608,
    -0.45188312619801335,
    -0.8101431765837047,
    0.8605162982041191,
    0.14296526151086786,
    0.2689542618297598,
    -0.08037263922087588,
    0.869069257940279,
    0.1973074991613457,
    0.6539410538995897,
    0.5309201270723722,
    0.740011529347584,
    -0.1713726441320268,
    0.5678544424834099,
    0.7446515341936887,
    0.9398665302580151
  ],
  "eval_count": 30,
  "evals_to_f_best": 30,
  "total_time": 0.8085917079879437,
  "deviation_from_optimum": 0.6341640158071769,
  "optimum": 1.574030546065192,
  "optimum_x": [
    35.701885123808836,
    55.18621527479079
  ],
  "success": false
}