{
  "identifier": "Preprocessed-NO2-2015-313",
  "best_x": [
    41.057581189908134,
    61.99112505500065
  ],
  "best_y": 1.5471294609725166,
  "best_so_far": [
    -0.8232527828168875,
    -0.41131199772994653,
    0.16357483524309432,
    0.16357483524309432,
    0.16357483524309432,
    0.16357483524309432,
    0.16357483524309432,
    0.16357483524309432,
    1.4833637724513253,
    1.4833637724513253,
    1.4833637724513253,
    1.4833637724513253,
    1.4833637724513253,
    1.4833637724513253,
    1.4833637724513253,
    1.4833637724513253,
    1.4833637724513253,
    1.4833637724513253,
    1.4833637724513253,
    1.5471294609725166,
    1.5471294609725166,
    1.5471294609725166,
    1.5471294609725166,
    1.5471294609725166,
    1.5471294609725166,
    1.5471294609725166,
    1.5471294609725166,
    1.5471294609725166,
    1.5471294609725166,
    1.5471294609725166
  ],
  "x_hist": [
    [
      37.5287639642604,
      26.91773629614788
    ],
    [
      47.829233999999445,
      82.35014112354563
    ],
    [
      31.884638999999517,
      58.65023680944083
    ],
    [
      16.28216201918641,
      83.86135661828055
    ],
    [
      42.04819271644504,
      19.95986456313124
    ],
    [
      24.43649077494007,
      62.13278598136728
    ],
    [
      26.332529999999636,
      50.75139652211307
    ],
    [
      30.148598999999777,
      49.256194251109285
    ],
    [
      35.701885123808836,
      55.18621527479079
    ],
    [
      37.44668562154183,
      60.29897548252391
    ],
    [
      37.52987700000009,
      53.68122940266476
    ],
    [
      34.87819799999964,
      76.08489822384199
    ],
    [
      37.56434179481704,
      65.99228961397372
    ],
    [
      38.33438834999996,
      58.44592514647611
    ],
    [
      39.229832009999384,
      57.71476613835181
    ],
    [
      42.349365925427506,
      51.68134232422675
    ],
    [
      35.8096057903139,
      69.02752086755608
    ],
    [
      39.633383609999676,
      58.71193055086302
    ],
    [
      36.948791999999415,
      67.37938143506399
    ],
    [
      41.057581189908134,
      61.99112505500065
    ],
    [
      36.67684199999985,
      69.27108846175109
    ],
    [
      40.8942870000001,
      63.7287142778469
    ],
    [
      41.97390332198082,
      63.405687949962356
    ],
    [
      37.891744377059425,
      70.10171806912226
    ],
    [
      42.834122999999536,
      61.13498131873914
    ],
    [
      34.88452499999944,
      72.97514525247436
    ],
    [
      42.665291999999894,
      64.17156140276876
    ],
    [
      42.231532428987144,
      67.14015513235218
    ],
    [
      38.273022000000154,
      71.34598861519042
    ],
    [
      41.399022581511126,
      69.4806678788119
    ]
  ],
  "y_hist": [
    -0.8232527828168875,
    -0.41131199772994653,
    0.16357483524309432,
    -0.5041894767726118,
    -0.28655316720482793,
    -1.4318722797081804,
    0.10797439100389772,
    -0.10464875388651942,
    1.4833637724513253,
    -1.0199314946212388,
    -1.1288630344231978,
    -1.5340232755241812,
    -1.59882644846033,
    0.8475947804834877,
    0.2171891192554189,
    0.2302987254886017,
    -0.3238480141771158,
    0.1220687703558549,
    -0.1544115555051119,
    1.5471294609725166,
    -0.7714876402425467,
    1.0420710495945855,
    0.9957627897166645,
    -1.2996197140687709,
    1.0647002275066306,
    -0.90440986476991,
    0.4200919189235251,
    -0.3238480141771158,
    0.6783487522052433,
    0.005424447578251948
  ],
  "eval_count": 30,
  "evals_to_f_best": 20,
  "total_time": 0.8074174579815008,
  "deviation_from_optimum": 0.0,
  "optimum": 1.5471294609725166,
  "optimum_x": [
    41.057581189908134,
    61.99112505500065
  ],
  "success": true
}