{
  "identifier": "Preprocessed-NO2-2015-173",
  "best_x": [
    35.701885123808836,
    55.18621527479079
  ],
  "best_y": 1.541690902948854,
  "best_so_far": [
    -0.9183731317164515,
    -0.9183731317164515,
    -0.1376399802137754,
    -0.1376399802137754,
    0.035446255780935305,
    0.035446255780935305,
    0.0648793629769735,
    1.541690902948854,
    1.541690902948854,
    1.541690902948854,
    1.541690902948854,
    1.541690902948854,
    1.541690902948854,
    1.541690902948854,
    1.541690902948854,
    1.541690902948854,
    1.541690902948854,
    1.541690902948854,
    1.541690902948854,
    1.541690902948854,
    1.541690902948854,
    1.541690902948854,
    1.541690902948854,
    1.541690902948854,
    1.541690902948854,
    1.541690902948854,
    1.541690902948854,
    1.541690902948854,
    1.541690902948854,
    1.541690902948854
  ],
  "x_hist": [
    [
      37.5287639642604,
      26.91773629614788
    ],
    [
      47.829233999999445,
      82.35014112354563
    ],
    [
      31.884638999999517,
      58.65023680944083
    ],
    [
      35.48393890674565,
      94.94361745496738
    ],
    [
      43.15324799999988,
      49.80644729813726
    ],
    [
      37.52987700000009,
      53.68122940266476
    ],
    [
      26.332529999999636,
      50.75139652211307
    ],
    [
      35.701885123808836,
      55.18621527479079
    ],
    [
      42.04819271644504,
      19.95986456313124
    ],
    [
      37.36426499999942,
      87.78778327994611
    ],
    [
      30.148598999999777,
      49.256194251109285
    ],
    [
      42.349365925427506,
      51.68134232422675
    ],
    [
      24.43649077494007,
      62.13278598136728
    ],
    [
      32.476458372216044,
      74.63865922449735
    ],
    [
      37.44668562154183,
      60.29897548252391
    ],
    [
      38.33438834999996,
      58.44592514647611
    ],
    [
      37.56434179481704,
      65.99228961397372
    ],
    [
      39.229832009999384,
      57.71476613835181
    ],
    [
      39.633383609999676,
      58.71193055086302
    ],
    [
      36.948791999999415,
      67.37938143506399
    ],
    [
      41.057581189908134,
      61.99112505500065
    ],
    [
      35.8096057903139,
      69.02752086755608
    ],
    [
      40.8942870000001,
      63.7287142778469
    ],
    [
      42.834122999999536,
      61.13498131873914
    ],
    [
      36.67684199999985,
      69.27108846175109
    ],
    [
      41.97390332198082,
      63.405687949962356
    ],
    [
      42.665291999999894,
      64.17156140276876
    ],
    [
      37.891744377059425,
      70.10171806912226
    ],
    [
      34.88452499999944,
      72.97514525247436
    ],
    [
      42.231532428987144,
      67.14015513235218
    ]
  ],
  "y_hist": [
    -0.9183731317164515,
    -1.1780818822860812,
    -0.1376399802137754,
    -0.6611574773164867,
    0.035446255780935305,
    -1.0969248003330587,
    0.0648793629769735,
    1.541690902948854,
    -0.5041894767726118,
    0.4875657669025717,
    0.24329482721324636,
    0.37336315328062836,
    -0.45188312619801335,
    -0.637703244311553,
    -0.22343706701290258,
    0.3373364549938343,
    0.14296526151086786,
    -0.17992560386818662,
    0.09374641364798453,
    -0.08842113235089138,
    1.3030223098558293,
    0.3434012728301221,
    0.6831830248941215,
    0.6440657526722275,
    -0.40133827085273743,
    1.1554800255117244,
    0.45981931379943486,
    -0.37180865545128106,
    -1.1450906559588259,
    0.2753011650384508
  ],
  "eval_count": 30,
  "evals_to_f_best": 8,
  "total_time": 0.8013372080167755,
  "deviation_from_optimum": 0.0,
  "optimum": 1.541690902948854,
  "optimum_x": [
    35.701885123808836,
    55.18621527479079
  ],
  "success": true
}