{
  "identifier": "Preprocessed-NO2-2015-216",
  "best_x": [
    41.057581189908134,
    61.99112505500065
  ],
  "best_y": 1.8640544090160829,
  "best_so_far": [
    -0.8101431765837047,
    -0.41131199772994653,
    0.2302987254886017,
    0.2302987254886017,
    0.2302987254886017,
    0.2302987254886017,
    0.2302987254886017,
    0.2302987254886017,
    0.2302987254886017,
    0.2302987254886017,
    0.2302987254886017,
    0.7721943321343866,
    0.7721943321343866,
    1.4402687444244011,
    1.4402687444244011,
    1.4402687444244011,
    1.4402687444244011,
    1.4402687444244011,
    1.4402687444244011,
    1.4402687444244011,
    1.4402687444244011,
    1.8640544090160829,
    1.8640544090160829,
    1.8640544090160829,
    1.8640544090160829,
    1.8640544090160829,
    1.8640544090160829,
    1.8640544090160829,
    1.8640544090160829,
    1.8640544090160829
  ],
  "x_hist": [
    [
      37.5287639642604,
      26.91773629614788
    ],
    [
      47.829233999999445,
      82.35014112354563
    ],
    [
      31.884638999999517,
      58.65023680944083
    ],
    [
      35.48393890674565,
      94.94361745496738
    ],
    [
      32.476458372216044,
      74.63865922449735
    ],
    [
      42.04819271644504,
      19.95986456313124
    ],
    [
      37.52987700000009,
      53.68122940266476
    ],
    [
      37.56434179481704,
      65.99228961397372
    ],
    [
      30.148598999999777,
      49.256194251109285
    ],
    [
      34.87819799999964,
      76.08489822384199
    ],
    [
      36.948791999999415,
      67.37938143506399
    ],
    [
      38.273022000000154,
      71.34598861519042
    ],
    [
      38.67794999999997,
      75.22449383515101
    ],
    [
      35.701885123808836,
      55.18621527479079
    ],
    [
      24.43649077494007,
      62.13278598136728
    ],
    [
      26.332529999999636,
      50.75139652211307
    ],
    [
      43.15324799999988,
      49.80644729813726
    ],
    [
      36.67684199999985,
      69.27108846175109
    ],
    [
      38.33438834999996,
      58.44592514647611
    ],
    [
      39.229832009999384,
      57.71476613835181
    ],
    [
      39.633383609999676,
      58.71193055086302
    ],
    [
      41.057581189908134,
      61.99112505500065
    ],
    [
      40.8942870000001,
      63.7287142778469
    ],
    [
      41.97390332198082,
      63.405687949962356
    ],
    [
      35.8096057903139,
      69.02752086755608
    ],
    [
      42.665291999999894,
      64.17156140276876
    ],
    [
      45.875855999999494,
      61.971246146563196
    ],
    [
      37.891744377059425,
      70.10171806912226
    ],
    [
      41.399022581511126,
      69.4806678788119
    ],
    [
      34.88452499999944,
      72.97514525247436
    ]
  ],
  "y_hist": [
    -0.8101431765837047,
    -0.41131199772994653,
    0.2302987254886017,
    -0.8101431765837047,
    -0.5256332753602087,
    -0.11282883065654499,
    -1.1948534575774183,
    -1.59882644846033,
    -0.2501625274041636,
    -1.5130293616612027,
    -1.112808973663904,
    0.7721943321343866,
    -1.8119295423148531,
    1.4402687444244011,
    -0.9466954884243219,
    0.05757501585055113,
    1.24440591046808,
    -0.9324675110684087,
    0.952020769721415,
    0.1220687703558549,
    0.6440657526722275,
    1.8640544090160829,
    1.1125902398960656,
    0.952020769721415,
    -0.49358137345187497,
    0.5678544424834099,
    0.40273865776075346,
    -1.5769130611398394,
    0.16357483524309432,
    -0.9610596207417734
  ],
  "eval_count": 30,
  "evals_to_f_best": 22,
  "total_time": 0.8029124579916243,
  "deviation_from_optimum": 0.0,
  "optimum": 1.8640544090160829,
  "optimum_x": [
    41.057581189908134,
    61.99112505500065
  ],
  "success": true
}