{
  "identifier": "Preprocessed-NO2-2015-186",
  "best_x": [
    43.15324799999988,
    49.80644729813726
  ],
  "best_y": 1.5030590552138379,
  "best_so_far": [
    -0.5806225882728716,
    -0.22343706701290258,
    0.2302987254886017,
    0.2302987254886017,
    0.2879150239101222,
    0.2879150239101222,
    0.2879150239101222,
    0.2879150239101222,
    0.2879150239101222,
    1.3408656681417577,
    1.3408656681417577,
    1.5030590552138379,
    1.5030590552138379,
    1.5030590552138379,
    1.5030590552138379,
    1.5030590552138379,
    1.5030590552138379,
    1.5030590552138379,
    1.5030590552138379,
    1.5030590552138379,
    1.5030590552138379,
    1.5030590552138379,
    1.5030590552138379,
    1.5030590552138379,
    1.5030590552138379,
    1.5030590552138379,
    1.5030590552138379,
    1.5030590552138379,
    1.5030590552138379,
    1.5030590552138379
  ],
  "x_hist": [
    [
      37.5287639642604,
      26.91773629614788
    ],
    [
      47.829233999999445,
      82.35014112354563
    ],
    [
      31.884638999999517,
      58.65023680944083
    ],
    [
      35.48393890674565,
      94.94361745496738
    ],
    [
      30.148598999999777,
      49.256194251109285
    ],
    [
      37.56434179481704,
      65.99228961397372
    ],
    [
      24.43649077494007,
      62.13278598136728
    ],
    [
      26.332529999999636,
      50.75139652211307
    ],
    [
      42.04819271644504,
      19.95986456313124
    ],
    [
      35.701885123808836,
      55.18621527479079
    ],
    [
      37.52987700000009,
      53.68122940266476
    ],
    [
      43.15324799999988,
      49.80644729813726
    ],
    [
      38.33438834999996,
      58.44592514647611
    ],
    [
      39.229832009999384,
      57.71476613835181
    ],
    [
      39.633383609999676,
      58.71193055086302
    ],
    [
      41.057581189908134,
      61.99112505500065
    ],
    [
      40.8942870000001,
      63.7287142778469
    ],
    [
      41.97390332198082,
      63.405687949962356
    ],
    [
      45.875855999999494,
      61.971246146563196
    ],
    [
      42.665291999999894,
      64.17156140276876
    ],
    [
      36.948791999999415,
      67.37938143506399
    ],
    [
      35.8096057903139,
      69.02752086755608
    ],
    [
      42.231532428987144,
      67.14015513235218
    ],
    [
      52.36791299999944,
      61.25684396703845
    ],
    [
      36.67684199999985,
      69.27108846175109
    ],
    [
      37.891744377059425,
      70.10171806912226
    ],
    [
      41.399022581511126,
      69.4806678788119
    ],
    [
      38.273022000000154,
      71.34598861519042
    ],
    [
      50.751419999999946,
      65.22174826892642
    ],
    [
      43.90227600000007,
      69.88064291018797
    ]
  ],
  "y_hist": [
    -0.5806225882728716,
    -0.22343706701290258,
    0.2302987254886017,
    -0.6493845512991753,
    0.2879150239101222,
    -0.7714876402425467,
    -0.5041894767726118,
    0.17715900372254825,
    -0.3428487789324037,
    1.3408656681417577,
    -0.7214483275478379,
    1.5030590552138379,
    0.7446515341936887,
    0.2497509247894571,
    0.3189935745244685,
    1.24440591046808,
    0.8432627706298005,
    0.7767360613858838,
    0.5093994663631725,
    0.6190894630771556,
    -0.5148730832433084,
    0.17038228624168394,
    0.22375823421469399,
    -0.002175773076444545,
    -0.4416370770463908,
    -0.8632828983497581,
    0.6490115244364324,
    0.8170048350594039,
    -0.2957903678786178,
    -0.22343706701290258
  ],
  "eval_count": 30,
  "evals_to_f_best": 12,
  "total_time": 0.8451785829965957,
  "deviation_from_optimum": 0.0,
  "optimum": 1.5030590552138379,
  "optimum_x": [
    43.15324799999988,
    49.80644729813726
  ],
  "success": true
}