{
  "identifier": "Preprocessed-NO2-2015-270",
  "best_x": [
    41.057581189908134,
    61.99112505500065
  ],
  "best_y": 1.469135795095412,
  "best_so_far": [
    0.45420794138618037,
    0.45420794138618037,
    0.902801921858531,
    0.902801921858531,
    0.902801921858531,
    0.902801921858531,
    0.902801921858531,
    0.902801921858531,
    0.902801921858531,
    0.902801921858531,
    0.902801921858531,
    0.902801921858531,
    0.902801921858531,
    0.902801921858531,
    0.902801921858531,
    0.902801921858531,
    0.902801921858531,
    0.902801921858531,
    1.3868664193734836,
    1.469135795095412,
    1.469135795095412,
    1.469135795095412,
    1.469135795095412,
    1.469135795095412,
    1.469135795095412,
    1.469135795095412,
    1.469135795095412,
    1.469135795095412,
    1.469135795095412,
    1.469135795095412
  ],
  "x_hist": [
    [
      37.5287639642604,
      26.91773629614788
    ],
    [
      47.829233999999445,
      82.35014112354563
    ],
    [
      31.884638999999517,
      58.65023680944083
    ],
    [
      35.48393890674565,
      94.94361745496738
    ],
    [
      26.332529999999636,
      50.75139652211307
    ],
    [
      34.88452499999944,
      72.97514525247436
    ],
    [
      35.8096057903139,
      69.02752086755608
    ],
    [
      30.148598999999777,
      49.256194251109285
    ],
    [
      35.701885123808836,
      55.18621527479079
    ],
    [
      24.43649077494007,
      62.13278598136728
    ],
    [
      37.52987700000009,
      53.68122940266476
    ],
    [
      43.15324799999988,
      49.80644729813726
    ],
    [
      37.44668562154183,
      60.29897548252391
    ],
    [
      37.56434179481704,
      65.99228961397372
    ],
    [
      38.33438834999996,
      58.44592514647611
    ],
    [
      32.476458372216044,
      74.63865922449735
    ],
    [
      36.67684199999985,
      69.27108846175109
    ],
    [
      39.229832009999384,
      57.71476613835181
    ],
    [
      39.633383609999676,
      58.71193055086302
    ],
    [
      41.057581189908134,
      61.99112505500065
    ],
    [
      40.8942870000001,
      63.7287142778469
    ],
    [
      37.891744377059425,
      70.10171806912226
    ],
    [
      41.97390332198082,
      63.405687949962356
    ],
    [
      38.273022000000154,
      71.34598861519042
    ],
    [
      42.834122999999536,
      61.13498131873914
    ],
    [
      42.665291999999894,
      64.17156140276876
    ],
    [
      42.349365925427506,
      51.68134232422675
    ],
    [
      42.231532428987144,
      67.14015513235218
    ],
    [
      41.399022581511126,
      69.4806678788119
    ],
    [
      34.87819799999964,
      76.08489822384199
    ]
  ],
  "y_hist": [
    0.45420794138618037,
    -0.5148730832433084,
    0.902801921858531,
    -0.7714876402425467,
    -0.002175773076444545,
    0.6440657526722275,
    0.6241180787431883,
    0.2561793730408118,
    0.4258320420657214,
    -0.758820557707278,
    -0.11282883065654499,
    -0.14600234374976137,
    0.2941824249672388,
    0.6686332466210254,
    0.8605162982041191,
    0.8860303465671945,
    0.396909367434709,
    0.7676388191614539,
    1.3868664193734836,
    1.469135795095412,
    1.3838431749024285,
    0.05757501585055113,
    0.834561062941767,
    0.020510407451066973,
    0.9680748304807081,
    0.3494416848948279,
    0.05757501585055113,
    0.4258320420657214,
    0.1360320373023964,
    0.6490115244364324
  ],
  "eval_count": 30,
  "evals_to_f_best": 20,
  "total_time": 0.8299580829916522,
  "deviation_from_optimum": 0.0,
  "optimum": 1.469135795095412,
  "optimum_x": [
    41.057581189908134,
    61.99112505500065
  ],
  "success": true
}