{
  "identifier": "Preprocessed-NO2-2015-194",
  "best_x": [
    41.057581189908134,
    61.99112505500065
  ],
  "best_y": 1.5498413684354788,
  "best_so_far": [
    -0.48304771357462556,
    -0.48304771357462556,
    0.16357483524309432,
    0.16357483524309432,
    0.17038228624168394,
    0.17038228624168394,
    0.17038228624168394,
    1.270740627560908,
    1.270740627560908,
    1.270740627560908,
    1.270740627560908,
    1.4833637724513253,
    1.4833637724513253,
    1.4833637724513253,
    1.4833637724513253,
    1.4833637724513253,
    1.4833637724513253,
    1.5498413684354788,
    1.5498413684354788,
    1.5498413684354788,
    1.5498413684354788,
    1.5498413684354788,
    1.5498413684354788,
    1.5498413684354788,
    1.5498413684354788,
    1.5498413684354788,
    1.5498413684354788,
    1.5498413684354788,
    1.5498413684354788,
    1.5498413684354788
  ],
  "x_hist": [
    [
      37.5287639642604,
      26.91773629614788
    ],
    [
      47.829233999999445,
      82.35014112354563
    ],
    [
      31.884638999999517,
      58.65023680944083
    ],
    [
      35.48393890674565,
      94.94361745496738
    ],
    [
      30.148598999999777,
      49.256194251109285
    ],
    [
      42.04819271644504,
      19.95986456313124
    ],
    [
      36.948791999999415,
      67.37938143506399
    ],
    [
      43.15324799999988,
      49.80644729813726
    ],
    [
      26.332529999999636,
      50.75139652211307
    ],
    [
      24.43649077494007,
      62.13278598136728
    ],
    [
      37.52987700000009,
      53.68122940266476
    ],
    [
      35.701885123808836,
      55.18621527479079
    ],
    [
      39.229832009999384,
      57.71476613835181
    ],
    [
      35.8096057903139,
      69.02752086755608
    ],
    [
      38.33438834999996,
      58.44592514647611
    ],
    [
      32.476458372216044,
      74.63865922449735
    ],
    [
      39.633383609999676,
      58.71193055086302
    ],
    [
      41.057581189908134,
      61.99112505500065
    ],
    [
      40.8942870000001,
      63.7287142778469
    ],
    [
      41.97390332198082,
      63.405687949962356
    ],
    [
      45.875855999999494,
      61.971246146563196
    ],
    [
      42.665291999999894,
      64.17156140276876
    ],
    [
      37.56434179481704,
      65.99228961397372
    ],
    [
      42.231532428987144,
      67.14015513235218
    ],
    [
      52.36791299999944,
      61.25684396703845
    ],
    [
      36.67684199999985,
      69.27108846175109
    ],
    [
      37.891744377059425,
      70.10171806912226
    ],
    [
      41.399022581511126,
      69.4806678788119
    ],
    [
      38.273022000000154,
      71.34598861519042
    ],
    [
      34.88452499999944,
      72.97514525247436
    ]
  ],
  "y_hist": [
    -0.48304771357462556,
    -0.5148730832433084,
    0.16357483524309432,
    -0.5256332753602087,
    0.17038228624168394,
    -0.3144370719240541,
    -0.6261121413666523,
    1.270740627560908,
    -0.032967424547850586,
    -0.8232527828168875,
    -0.9610596207417734,
    1.4833637724513253,
    0.2171891192554189,
    -0.08842113235089138,
    0.7676388191614539,
    -0.7091948687055835,
    0.2941824249672388,
    1.5498413684354788,
    0.9479802817569499,
    1.0420710495945855,
    0.3614500719194548,
    0.5148086267120978,
    -1.281642967799443,
    -0.2501625274041636,
    -0.5148730832433084,
    -0.7091948687055835,
    -1.2289694800400743,
    0.3494416848948279,
    0.8170048350594039,
    -0.8364778936765329
  ],
  "eval_count": 30,
  "evals_to_f_best": 18,
  "total_time": 0.8005349999875762,
  "deviation_from_optimum": 0.0,
  "optimum": 1.5498413684354788,
  "optimum_x": [
    41.057581189908134,
    61.99112505500065
  ],
  "success": true
}