{
  "identifier": "Preprocessed-NO2-2015-177",
  "best_x": [
    42.834122999999536,
    61.13498131873914
  ],
  "best_y": 2.1237426200386045,
  "best_so_far": [
    -0.2412010657271366,
    0.4143297607056542,
    0.8605162982041191,
    0.8605162982041191,
    0.8605162982041191,
    1.9201342784668136,
    1.9201342784668136,
    1.9201342784668136,
    1.9201342784668136,
    1.9201342784668136,
    1.9201342784668136,
    1.9201342784668136,
    1.9201342784668136,
    1.9201342784668136,
    1.9201342784668136,
    1.9201342784668136,
    1.9201342784668136,
    2.1237426200386045,
    2.1237426200386045,
    2.1237426200386045,
    2.1237426200386045,
    2.1237426200386045,
    2.1237426200386045,
    2.1237426200386045,
    2.1237426200386045,
    2.1237426200386045,
    2.1237426200386045,
    2.1237426200386045,
    2.1237426200386045,
    2.1237426200386045
  ],
  "x_hist": [
    [
      37.5287639642604,
      26.91773629614788
    ],
    [
      47.829233999999445,
      82.35014112354563
    ],
    [
      31.884638999999517,
      58.65023680944083
    ],
    [
      35.48393890674565,
      94.94361745496738
    ],
    [
      38.67794999999997,
      75.22449383515101
    ],
    [
      35.701885123808836,
      55.18621527479079
    ],
    [
      24.43649077494007,
      62.13278598136728
    ],
    [
      30.148598999999777,
      49.256194251109285
    ],
    [
      26.332529999999636,
      50.75139652211307
    ],
    [
      43.15324799999988,
      49.80644729813726
    ],
    [
      38.33438834999996,
      58.44592514647611
    ],
    [
      32.476458372216044,
      74.63865922449735
    ],
    [
      37.52987700000009,
      53.68122940266476
    ],
    [
      39.229832009999384,
      57.71476613835181
    ],
    [
      39.633383609999676,
      58.71193055086302
    ],
    [
      37.56434179481704,
      65.99228961397372
    ],
    [
      41.057581189908134,
      61.99112505500065
    ],
    [
      42.834122999999536,
      61.13498131873914
    ],
    [
      40.8942870000001,
      63.7287142778469
    ],
    [
      41.97390332198082,
      63.405687949962356
    ],
    [
      36.948791999999415,
      67.37938143506399
    ],
    [
      42.04819271644504,
      19.95986456313124
    ],
    [
      42.665291999999894,
      64.17156140276876
    ],
    [
      45.875855999999494,
      61.971246146563196
    ],
    [
      35.8096057903139,
      69.02752086755608
    ],
    [
      36.67684199999985,
      69.27108846175109
    ],
    [
      42.231532428987144,
      67.14015513235218
    ],
    [
      37.891744377059425,
      70.10171806912226
    ],
    [
      41.399022581511126,
      69.4806678788119
    ],
    [
      38.273022000000154,
      71.34598861519042
    ]
  ],
  "y_hist": [
    -0.2412010657271366,
    0.4143297607056542,
    0.8605162982041191,
    0.05757501585055113,
    -0.8232527828168875,
    1.9201342784668136,
    0.012986379805319194,
    0.7260048301482523,
    0.8037015836769549,
    1.8815339704113674,
    1.5086391373740768,
    -0.08842113235089138,
    -0.10464875388651942,
    0.9235062552494142,
    0.8125835052870658,
    -0.3620931498670632,
    1.8329666629070256,
    2.1237426200386045,
    1.6082963445557164,
    1.7284436802941316,
    -0.08842113235089138,
    0.3312470333667223,
    0.9800036909235719,
    0.8647988699321041,
    0.2941824249672388,
    0.3312470333667223,
    0.17038228624168394,
    -0.5256332753602087,
    1.1125902398960656,
    1.4547716627779606
  ],
  "eval_count": 30,
  "evals_to_f_best": 18,
  "total_time": 0.8149902500153985,
  "deviation_from_optimum": 0.0,
  "optimum": 2.1237426200386045,
  "optimum_x": [
    42.834122999999536,
    61.13498131873914
  ],
  "success": true
}