{
  "identifier": "Preprocessed-NO2-2015-322",
  "best_x": [
    41.057581189908134,
    61.99112505500065
  ],
  "best_y": 1.7943306369397842,
  "best_so_far": [
    -1.0812069564801887,
    -0.5148730832433084,
    1.0229492575969463,
    1.0229492575969463,
    1.0229492575969463,
    1.0229492575969463,
    1.0229492575969463,
    1.0229492575969463,
    1.0229492575969463,
    1.0229492575969463,
    1.0229492575969463,
    1.0229492575969463,
    1.4048791199973996,
    1.4048791199973996,
    1.4048791199973996,
    1.4048791199973996,
    1.4048791199973996,
    1.4048791199973996,
    1.4048791199973996,
    1.4048791199973996,
    1.7943306369397842,
    1.7943306369397842,
    1.7943306369397842,
    1.7943306369397842,
    1.7943306369397842,
    1.7943306369397842,
    1.7943306369397842,
    1.7943306369397842,
    1.7943306369397842,
    1.7943306369397842
  ],
  "x_hist": [
    [
      37.5287639642604,
      26.91773629614788
    ],
    [
      47.829233999999445,
      82.35014112354563
    ],
    [
      31.884638999999517,
      58.65023680944083
    ],
    [
      16.28216201918641,
      83.86135661828055
    ],
    [
      30.148598999999777,
      49.256194251109285
    ],
    [
      38.33438834999996,
      58.44592514647611
    ],
    [
      49.543184999999745,
      44.872801955437204
    ],
    [
      24.43649077494007,
      62.13278598136728
    ],
    [
      37.52987700000009,
      53.68122940266476
    ],
    [
      37.44668562154183,
      60.29897548252391
    ],
    [
      32.476458372216044,
      74.63865922449735
    ],
    [
      34.88452499999944,
      72.97514525247436
    ],
    [
      35.701885123808836,
      55.18621527479079
    ],
    [
      26.332529999999636,
      50.75139652211307
    ],
    [
      39.229832009999384,
      57.71476613835181
    ],
    [
      39.633383609999676,
      58.71193055086302
    ],
    [
      42.349365925427506,
      51.68134232422675
    ],
    [
      37.56434179481704,
      65.99228961397372
    ],
    [
      36.948791999999415,
      67.37938143506399
    ],
    [
      35.8096057903139,
      69.02752086755608
    ],
    [
      41.057581189908134,
      61.99112505500065
    ],
    [
      43.15324799999988,
      49.80644729813726
    ],
    [
      40.8942870000001,
      63.7287142778469
    ],
    [
      42.834122999999536,
      61.13498131873914
    ],
    [
      41.97390332198082,
      63.405687949962356
    ],
    [
      42.665291999999894,
      64.17156140276876
    ],
    [
      36.67684199999985,
      69.27108846175109
    ],
    [
      37.891744377059425,
      70.10171806912226
    ],
    [
      45.875855999999494,
      61.971246146563196
    ],
    [
      42.231532428987144,
      67.14015513235218
    ]
  ],
  "y_hist": [
    -1.0812069564801887,
    -0.5148730832433084,
    1.0229492575969463,
    -0.536471159067533,
    -0.3428487789324037,
    0.7857785006138405,
    -0.536471159067533,
    -1.3178143655968764,
    -1.4923250282703198,
    -0.5148730832433084,
    -0.8101431765837047,
    -1.1288630344231978,
    1.4048791199973996,
    -0.002175773076444545,
    0.5415658480955721,
    0.14986660871386046,
    -0.01749264447536001,
    -1.2996197140687709,
    -0.3428487789324037,
    -0.5583845463880237,
    1.7943306369397842,
    0.7857785006138405,
    0.9276130714157608,
    1.1868618034796596,
    1.030627230206929,
    0.4930540376326917,
    -0.637703244311553,
    -1.1288630344231978,
    0.6140439444695442,
    -0.40133827085273743
  ],
  "eval_count": 30,
  "evals_to_f_best": 21,
  "total_time": 0.8308465419977438,
  "deviation_from_optimum": 0.0,
  "optimum": 1.7943306369397842,
  "optimum_x": [
    41.057581189908134,
    61.99112505500065
  ],
  "success": true
}