{
  "identifier": "Preprocessed-NO2-2015-321",
  "best_x": [
    41.057581189908134,
    61.99112505500065
  ],
  "best_y": 1.5471294609725166,
  "best_so_far": [
    -0.9610596207417734,
    -0.41131199772994653,
    0.9839590038115535,
    0.9839590038115535,
    0.9839590038115535,
    0.9839590038115535,
    0.9839590038115535,
    0.9839590038115535,
    0.9839590038115535,
    1.3655747095820503,
    1.3655747095820503,
    1.3655747095820503,
    1.3655747095820503,
    1.3655747095820503,
    1.3655747095820503,
    1.3655747095820503,
    1.3655747095820503,
    1.3655747095820503,
    1.5471294609725166,
    1.5471294609725166,
    1.5471294609725166,
    1.5471294609725166,
    1.5471294609725166,
    1.5471294609725166,
    1.5471294609725166,
    1.5471294609725166,
    1.5471294609725166,
    1.5471294609725166,
    1.5471294609725166,
    1.5471294609725166
  ],
  "x_hist": [
    [
      37.5287639642604,
      26.91773629614788
    ],
    [
      47.829233999999445,
      82.35014112354563
    ],
    [
      31.884638999999517,
      58.65023680944083
    ],
    [
      16.28216201918641,
      83.86135661828055
    ],
    [
      30.148598999999777,
      49.256194251109285
    ],
    [
      24.43649077494007,
      62.13278598136728
    ],
    [
      42.04819271644504,
      19.95986456313124
    ],
    [
      33.36529397954962,
      85.15777905758739
    ],
    [
      26.332529999999636,
      50.75139652211307
    ],
    [
      35.701885123808836,
      55.18621527479079
    ],
    [
      37.52987700000009,
      53.68122940266476
    ],
    [
      37.56434179481704,
      65.99228961397372
    ],
    [
      43.15324799999988,
      49.80644729813726
    ],
    [
      38.33438834999996,
      58.44592514647611
    ],
    [
      42.349365925427506,
      51.68134232422675
    ],
    [
      37.44668562154183,
      60.29897548252391
    ],
    [
      39.229832009999384,
      57.71476613835181
    ],
    [
      39.633383609999676,
      58.71193055086302
    ],
    [
      41.057581189908134,
      61.99112505500065
    ],
    [
      36.948791999999415,
      67.37938143506399
    ],
    [
      42.834122999999536,
      61.13498131873914
    ],
    [
      40.8942870000001,
      63.7287142778469
    ],
    [
      41.97390332198082,
      63.405687949962356
    ],
    [
      35.8096057903139,
      69.02752086755608
    ],
    [
      42.665291999999894,
      64.17156140276876
    ],
    [
      36.67684199999985,
      69.27108846175109
    ],
    [
      37.891744377059425,
      70.10171806912226
    ],
    [
      45.875855999999494,
      61.971246146563196
    ],
    [
      42.231532428987144,
      67.14015513235218
    ],
    [
      34.88452499999944,
      72.97514525247436
    ]
  ],
  "y_hist": [
    -0.9610596207417734,
    -0.41131199772994653,
    0.9839590038115535,
    -0.7214483275478379,
    -0.30508476520577366,
    -1.3362322699509235,
    -0.2412010657271366,
    -1.3737602339251478,
    -0.04860340314627779,
    1.3655747095820503,
    -1.2289694800400743,
    -1.4318722797081804,
    0.8475947804834877,
    0.6734988598682657,
    0.2689542618297598,
    -0.6261121413666523,
    0.5255688188289981,
    0.14296526151086786,
    1.5471294609725166,
    -0.3524401238504811,
    1.1589994652775206,
    0.9111179562730009,
    0.9996768476644234,
    -0.5806225882728716,
    0.396909367434709,
    -0.603195049313041,
    -1.2118145462043333,
    0.4875657669025717,
    -0.37180865545128106,
    -1.281642967799443
  ],
  "eval_count": 30,
  "evals_to_f_best": 19,
  "total_time": 0.8203489579900634,
  "deviation_from_optimum": 0.0,
  "optimum": 1.5471294609725166,
  "optimum_x": [
    41.057581189908134,
    61.99112505500065
  ],
  "success": true
}