{
  "identifier": "Preprocessed-NO2-2015-274",
  "best_x": [
    39.633383609999676,
    58.71193055086302
  ],
  "best_y": 1.7804534314198897,
  "best_so_far": [
    0.22375823421469399,
    0.22375823421469399,
    1.2040167373154,
    1.2040167373154,
    1.2040167373154,
    1.2040167373154,
    1.2040167373154,
    1.2040167373154,
    1.2040167373154,
    1.2040167373154,
    1.2040167373154,
    1.2040167373154,
    1.2040167373154,
    1.2040167373154,
    1.2040167373154,
    1.2040167373154,
    1.2040167373154,
    1.2040167373154,
    1.2040167373154,
    1.7804534314198897,
    1.7804534314198897,
    1.7804534314198897,
    1.7804534314198897,
    1.7804534314198897,
    1.7804534314198897,
    1.7804534314198897,
    1.7804534314198897,
    1.7804534314198897,
    1.7804534314198897,
    1.7804534314198897
  ],
  "x_hist": [
    [
      37.5287639642604,
      26.91773629614788
    ],
    [
      47.829233999999445,
      82.35014112354563
    ],
    [
      31.884638999999517,
      58.65023680944083
    ],
    [
      35.48393890674565,
      94.94361745496738
    ],
    [
      26.332529999999636,
      50.75139652211307
    ],
    [
      24.43649077494007,
      62.13278598136728
    ],
    [
      37.36426499999942,
      87.78778327994611
    ],
    [
      37.891744377059425,
      70.10171806912226
    ],
    [
      33.36529397954962,
      85.15777905758739
    ],
    [
      34.88452499999944,
      72.97514525247436
    ],
    [
      30.148598999999777,
      49.256194251109285
    ],
    [
      35.8096057903139,
      69.02752086755608
    ],
    [
      37.44668562154183,
      60.29897548252391
    ],
    [
      37.52987700000009,
      53.68122940266476
    ],
    [
      37.56434179481704,
      65.99228961397372
    ],
    [
      32.476458372216044,
      74.63865922449735
    ],
    [
      36.67684199999985,
      69.27108846175109
    ],
    [
      38.33438834999996,
      58.44592514647611
    ],
    [
      39.229832009999384,
      57.71476613835181
    ],
    [
      39.633383609999676,
      58.71193055086302
    ],
    [
      41.057581189908134,
      61.99112505500065
    ],
    [
      40.8942870000001,
      63.7287142778469
    ],
    [
      41.97390332198082,
      63.405687949962356
    ],
    [
      42.349365925427506,
      51.68134232422675
    ],
    [
      38.273022000000154,
      71.34598861519042
    ],
    [
      42.834122999999536,
      61.13498131873914
    ],
    [
      42.665291999999894,
      64.17156140276876
    ],
    [
      34.87819799999964,
      76.08489822384199
    ],
    [
      42.231532428987144,
      67.14015513235218
    ],
    [
      38.67794999999997,
      75.22449383515101
    ]
  ],
  "y_hist": [
    0.22375823421469399,
    -0.22343706701290258,
    1.2040167373154,
    -0.637703244311553,
    0.583409404194896,
    -0.5148730832433084,
    0.55213659863054,
    0.22375823421469399,
    0.43155029801914585,
    0.9317086820670495,
    0.2561793730408118,
    0.952020769721415,
    0.5782423065883675,
    -0.1544115555051119,
    1.0609523095233735,
    1.0344515389570137,
    0.5573941884976809,
    0.972061659842954,
    1.1162115694509624,
    1.7804534314198897,
    1.7617486364527,
    1.5471294609725166,
    1.6392467270982214,
    0.1360320373023964,
    0.09374641364798453,
    1.2243471660157326,
    0.5309201270723722,
    0.6734988598682657,
    0.6140439444695442,
    0.37928442475581914
  ],
  "eval_count": 30,
  "evals_to_f_best": 20,
  "total_time": 0.9035301669791806,
  "deviation_from_optimum": 0.0,
  "optimum": 1.7804534314198897,
  "optimum_x": [
    39.633383609999676,
    58.71193055086302
  ],
  "success": true
}