{
  "identifier": "Preprocessed-NO2-2015-229",
  "best_x": [
    35.701885123808836,
    55.18621527479079
  ],
  "best_y": 1.536232568307053,
  "best_so_far": [
    -0.04076505440788234,
    -0.04076505440788234,
    0.9839590038115535,
    0.9839590038115535,
    0.9839590038115535,
    0.9839590038115535,
    0.9839590038115535,
    0.9839590038115535,
    0.9839590038115535,
    0.9839590038115535,
    0.9839590038115535,
    0.9839590038115535,
    1.2576310213277253,
    1.2576310213277253,
    1.2576310213277253,
    1.2576310213277253,
    1.2576310213277253,
    1.2576310213277253,
    1.2576310213277253,
    1.4048791199973996,
    1.536232568307053,
    1.536232568307053,
    1.536232568307053,
    1.536232568307053,
    1.536232568307053,
    1.536232568307053,
    1.536232568307053,
    1.536232568307053,
    1.536232568307053,
    1.536232568307053
  ],
  "x_hist": [
    [
      37.5287639642604,
      26.91773629614788
    ],
    [
      47.829233999999445,
      82.35014112354563
    ],
    [
      31.884638999999517,
      58.65023680944083
    ],
    [
      35.48393890674565,
      94.94361745496738
    ],
    [
      30.148598999999777,
      49.256194251109285
    ],
    [
      32.476458372216044,
      74.63865922449735
    ],
    [
      26.332529999999636,
      50.75139652211307
    ],
    [
      42.04819271644504,
      19.95986456313124
    ],
    [
      35.8096057903139,
      69.02752086755608
    ],
    [
      36.948791999999415,
      67.37938143506399
    ],
    [
      34.88452499999944,
      72.97514525247436
    ],
    [
      37.52987700000009,
      53.68122940266476
    ],
    [
      37.56434179481704,
      65.99228961397372
    ],
    [
      36.67684199999985,
      69.27108846175109
    ],
    [
      40.8942870000001,
      63.7287142778469
    ],
    [
      37.891744377059425,
      70.10171806912226
    ],
    [
      38.33438834999996,
      58.44592514647611
    ],
    [
      38.273022000000154,
      71.34598861519042
    ],
    [
      41.057581189908134,
      61.99112505500065
    ],
    [
      39.633383609999676,
      58.71193055086302
    ],
    [
      35.701885123808836,
      55.18621527479079
    ],
    [
      39.229832009999384,
      57.71476613835181
    ],
    [
      43.15324799999988,
      49.80644729813726
    ],
    [
      41.97390332198082,
      63.405687949962356
    ],
    [
      42.665291999999894,
      64.17156140276876
    ],
    [
      45.875855999999494,
      61.971246146563196
    ],
    [
      24.43649077494007,
      62.13278598136728
    ],
    [
      42.231532428987144,
      67.14015513235218
    ],
    [
      41.399022581511126,
      69.4806678788119
    ],
    [
      43.90227600000007,
      69.88064291018797
    ]
  ],
  "y_hist": [
    -0.04076505440788234,
    -0.3144370719240541,
    0.9839590038115535,
    -0.3238480141771158,
    0.9680748304807081,
    0.5093994663631725,
    0.5362524252996946,
    -0.002175773076444545,
    0.9152587599264133,
    0.2689542618297598,
    0.2561793730408118,
    0.027996908618421364,
    1.2576310213277253,
    0.2689542618297598,
    1.1554800255117244,
    0.3128291290126751,
    0.8258086161467119,
    0.47097951667751753,
    1.2410813457148842,
    1.4048791199973996,
    1.536232568307053,
    0.4085453975843075,
    1.2966212751131183,
    1.425624331950696,
    0.43724685275926545,
    0.7584861056051534,
    0.1360320373023964,
    0.6880017782218253,
    1.0035807259961464,
    0.3434012728301221
  ],
  "eval_count": 30,
  "evals_to_f_best": 21,
  "total_time": 0.8368263339798432,
  "deviation_from_optimum": 0.0,
  "optimum": 1.536232568307053,
  "optimum_x": [
    35.701885123808836,
    55.18621527479079
  ],
  "success": true
}