{
  "identifier": "Preprocessed-NO2-2015-264",
  "best_x": [
    41.057581189908134,
    61.99112505500065
  ],
  "best_y": 2.151218195678189,
  "best_so_far": [
    0.2171891192554189,
    0.7721943321343866,
    0.8605162982041191,
    0.8605162982041191,
    0.8605162982041191,
    0.8605162982041191,
    0.8605162982041191,
    0.8605162982041191,
    1.7499386591457247,
    1.7499386591457247,
    1.7499386591457247,
    1.7499386591457247,
    1.7499386591457247,
    1.7499386591457247,
    1.8103602059124575,
    1.8103602059124575,
    1.8103602059124575,
    1.8103602059124575,
    2.151218195678189,
    2.151218195678189,
    2.151218195678189,
    2.151218195678189,
    2.151218195678189,
    2.151218195678189,
    2.151218195678189,
    2.151218195678189,
    2.151218195678189,
    2.151218195678189,
    2.151218195678189,
    2.151218195678189
  ],
  "x_hist": [
    [
      37.5287639642604,
      26.91773629614788
    ],
    [
      47.829233999999445,
      82.35014112354563
    ],
    [
      31.884638999999517,
      58.65023680944083
    ],
    [
      35.48393890674565,
      94.94361745496738
    ],
    [
      30.148598999999777,
      49.256194251109285
    ],
    [
      32.476458372216044,
      74.63865922449735
    ],
    [
      42.03630598607403,
      84.26997486831613
    ],
    [
      39.229832009999384,
      57.71476613835181
    ],
    [
      35.701885123808836,
      55.18621527479079
    ],
    [
      37.44668562154183,
      60.29897548252391
    ],
    [
      38.28112499999941,
      76.69191621993401
    ],
    [
      34.87819799999964,
      76.08489822384199
    ],
    [
      37.52987700000009,
      53.68122940266476
    ],
    [
      24.43649077494007,
      62.13278598136728
    ],
    [
      43.15324799999988,
      49.80644729813726
    ],
    [
      38.33438834999996,
      58.44592514647611
    ],
    [
      26.332529999999636,
      50.75139652211307
    ],
    [
      39.633383609999676,
      58.71193055086302
    ],
    [
      41.057581189908134,
      61.99112505500065
    ],
    [
      41.97390332198082,
      63.405687949962356
    ],
    [
      45.875855999999494,
      61.971246146563196
    ],
    [
      40.8942870000001,
      63.7287142778469
    ],
    [
      37.56434179481704,
      65.99228961397372
    ],
    [
      42.665291999999894,
      64.17156140276876
    ],
    [
      42.231532428987144,
      67.14015513235218
    ],
    [
      52.36791299999944,
      61.25684396703845
    ],
    [
      50.751419999999946,
      65.22174826892642
    ],
    [
      35.8096057903139,
      69.02752086755608
    ],
    [
      36.67684199999985,
      69.27108846175109
    ],
    [
      41.399022581511126,
      69.4806678788119
    ]
  ],
  "y_hist": [
    0.2171891192554189,
    0.7721943321343866,
    0.8605162982041191,
    -0.1293239457993056,
    0.834561062941767,
    0.2625804077835235,
    0.22375823421469399,
    0.740011529347584,
    1.7499386591457247,
    0.09374641364798453,
    -0.04076505440788234,
    -0.38158745467774496,
    -0.06440397401685785,
    0.027996908618421364,
    1.8103602059124575,
    1.3532710310849816,
    0.6440657526722275,
    0.9398665302580151,
    2.151218195678189,
    1.0980169179228576,
    1.0035807259961464,
    1.3655747095820503,
    0.0648793629769735,
    0.935793148185787,
    0.2561793730408118,
    -0.1885275779677678,
    0.5626334272284822,
    0.2879150239101222,
    0.2302987254886017,
    1.007474477524456
  ],
  "eval_count": 30,
  "evals_to_f_best": 19,
  "total_time": 0.8108222909795586,
  "deviation_from_optimum": 0.0,
  "optimum": 2.151218195678189,
  "optimum_x": [
    41.057581189908134,
    61.99112505500065
  ],
  "success": true
}