{
  "identifier": "Preprocessed-NO2-2015-271",
  "best_x": [
    41.057581189908134,
    61.99112505500065
  ],
  "best_y": 1.803511340620043,
  "best_so_far": [
    0.6291299043423599,
    0.6291299043423599,
    1.134188315720291,
    1.134188315720291,
    1.134188315720291,
    1.134188315720291,
    1.134188315720291,
    1.134188315720291,
    1.134188315720291,
    1.134188315720291,
    1.134188315720291,
    1.134188315720291,
    1.134188315720291,
    1.134188315720291,
    1.134188315720291,
    1.134188315720291,
    1.134188315720291,
    1.134188315720291,
    1.134188315720291,
    1.5224992577565886,
    1.5713620291446793,
    1.803511340620043,
    1.803511340620043,
    1.803511340620043,
    1.803511340620043,
    1.803511340620043,
    1.803511340620043,
    1.803511340620043,
    1.803511340620043,
    1.803511340620043
  ],
  "x_hist": [
    [
      37.5287639642604,
      26.91773629614788
    ],
    [
      47.829233999999445,
      82.35014112354563
    ],
    [
      31.884638999999517,
      58.65023680944083
    ],
    [
      35.48393890674565,
      94.94361745496738
    ],
    [
      26.332529999999636,
      50.75139652211307
    ],
    [
      34.88452499999944,
      72.97514525247436
    ],
    [
      30.148598999999777,
      49.256194251109285
    ],
    [
      24.43649077494007,
      62.13278598136728
    ],
    [
      32.476458372216044,
      74.63865922449735
    ],
    [
      35.8096057903139,
      69.02752086755608
    ],
    [
      35.701885123808836,
      55.18621527479079
    ],
    [
      37.56434179481704,
      65.99228961397372
    ],
    [
      37.44668562154183,
      60.29897548252391
    ],
    [
      36.67684199999985,
      69.27108846175109
    ],
    [
      37.891744377059425,
      70.10171806912226
    ],
    [
      34.87819799999964,
      76.08489822384199
    ],
    [
      37.52987700000009,
      53.68122940266476
    ],
    [
      38.33438834999996,
      58.44592514647611
    ],
    [
      39.229832009999384,
      57.71476613835181
    ],
    [
      39.633383609999676,
      58.71193055086302
    ],
    [
      40.8942870000001,
      63.7287142778469
    ],
    [
      41.057581189908134,
      61.99112505500065
    ],
    [
      42.349365925427506,
      51.68134232422675
    ],
    [
      38.273022000000154,
      71.34598861519042
    ],
    [
      41.97390332198082,
      63.405687949962356
    ],
    [
      43.15324799999988,
      49.80644729813726
    ],
    [
      42.665291999999894,
      64.17156140276876
    ],
    [
      41.399022581511126,
      69.4806678788119
    ],
    [
      42.834122999999536,
      61.13498131873914
    ],
    [
      42.231532428987144,
      67.14015513235218
    ]
  ],
  "y_hist": [
    0.6291299043423599,
    -0.1376399802137754,
    1.134188315720291,
    -0.40133827085273743,
    0.2753011650384508,
    0.740011529347584,
    0.43155029801914585,
    -0.6261121413666523,
    0.9193881720835853,
    0.9276130714157608,
    0.4258320420657214,
    0.9479802817569499,
    0.5255688188289981,
    0.5201983645404009,
    0.05757501585055113,
    0.8605162982041191,
    0.012986379805319194,
    1.1162115694509624,
    0.6783487522052433,
    1.5224992577565886,
    1.5713620291446793,
    1.803511340620043,
    0.46540978719812554,
    0.16357483524309432,
    1.4805289455984423,
    0.23681084144001122,
    0.5255688188289981,
    0.18390526394342624,
    1.090676852575575,
    0.47652865561276964
  ],
  "eval_count": 30,
  "evals_to_f_best": 22,
  "total_time": 0.8122533749847207,
  "deviation_from_optimum": 0.0,
  "optimum": 1.803511340620043,
  "optimum_x": [
    41.057581189908134,
    61.99112505500065
  ],
  "success": true
}