{
  "identifier": "Preprocessed-NO2-2015-297",
  "best_x": [
    41.057581189908134,
    61.99112505500065
  ],
  "best_y": 1.486193255612345,
  "best_so_far": [
    0.17715900372254825,
    0.3554578868261881,
    0.3554578868261881,
    0.3554578868261881,
    0.3554578868261881,
    0.3554578868261881,
    0.7446515341936887,
    0.7446515341936887,
    0.7446515341936887,
    0.7446515341936887,
    0.7446515341936887,
    0.7446515341936887,
    0.7446515341936887,
    0.7446515341936887,
    0.7446515341936887,
    0.7446515341936887,
    0.7446515341936887,
    0.7446515341936887,
    1.2040167373154,
    1.2040167373154,
    1.2040167373154,
    1.2040167373154,
    1.2040167373154,
    1.2040167373154,
    1.2040167373154,
    1.2040167373154,
    1.3958997888984945,
    1.3958997888984945,
    1.3958997888984945,
    1.486193255612345
  ],
  "x_hist": [
    [
      37.5287639642604,
      26.91773629614788
    ],
    [
      47.829233999999445,
      82.35014112354563
    ],
    [
      24.43649077494007,
      62.13278598136728
    ],
    [
      35.48393890674565,
      94.94361745496738
    ],
    [
      43.90227600000007,
      69.88064291018797
    ],
    [
      41.744879999999405,
      100.4720072707649
    ],
    [
      32.13036654481498,
      89.6343673225596
    ],
    [
      33.36529397954962,
      85.15777905758739
    ],
    [
      37.891744377059425,
      70.10171806912226
    ],
    [
      37.36426499999942,
      87.78778327994611
    ],
    [
      32.476458372216044,
      74.63865922449735
    ],
    [
      45.64222666408809,
      111.9064932186795
    ],
    [
      42.03630598607403,
      84.26997486831613
    ],
    [
      16.28216201918641,
      83.86135661828055
    ],
    [
      38.28112499999941,
      76.69191621993401
    ],
    [
      34.87819799999964,
      76.08489822384199
    ],
    [
      38.67794999999997,
      75.22449383515101
    ],
    [
      34.88452499999944,
      72.97514525247436
    ],
    [
      38.273022000000154,
      71.34598861519042
    ],
    [
      36.67684199999985,
      69.27108846175109
    ],
    [
      35.8096057903139,
      69.02752086755608
    ],
    [
      41.399022581511126,
      69.4806678788119
    ],
    [
      48.23260800000003,
      72.10088596806122
    ],
    [
      36.948791999999415,
      67.37938143506399
    ],
    [
      42.231532428987144,
      67.14015513235218
    ],
    [
      37.56434179481704,
      65.99228961397372
    ],
    [
      40.8942870000001,
      63.7287142778469
    ],
    [
      42.665291999999894,
      64.17156140276876
    ],
    [
      41.97390332198082,
      63.405687949962356
    ],
    [
      41.057581189908134,
      61.99112505500065
    ]
  ],
  "y_hist": [
    0.17715900372254825,
    0.3554578868261881,
    0.0648793629769735,
    -0.5148730832433084,
    0.035446255780935305,
    -1.6210644903451776,
    0.7446515341936887,
    0.09374641364798453,
    -0.391430377635874,
    0.5468605286204314,
    0.21059112897277193,
    -0.7091948687055835,
    -0.025210092696396947,
    0.07938228133053304,
    0.1906213394538769,
    0.14296526151086786,
    -0.391430377635874,
    0.23681084144001122,
    1.2040167373154,
    0.18390526394342624,
    0.3128291290126751,
    1.1799445544987837,
    0.24329482721324636,
    0.07938228133053304,
    0.17715900372254825,
    0.07214833782375932,
    1.3958997888984945,
    0.6440657526722275,
    0.9918384989260279,
    1.486193255612345
  ],
  "eval_count": 30,
  "evals_to_f_best": 30,
  "total_time": 0.8504558749846183,
  "deviation_from_optimum": 0.3400271470738021,
  "optimum": 1.826220402686147,
  "optimum_x": [
    43.15324799999988,
    49.80644729813726
  ],
  "success": false
}