{
  "identifier": "Preprocessed-NO2-2015-171",
  "best_x": [
    35.701885123808836,
    55.18621527479079
  ],
  "best_y": 1.5280076689748774,
  "best_so_far": [
    -0.26824756993791987,
    -0.1376399802137754,
    0.2941824249672388,
    0.2941824249672388,
    0.2941824249672388,
    0.2941824249672388,
    0.2941824249672388,
    1.5280076689748774,
    1.5280076689748774,
    1.5280076689748774,
    1.5280076689748774,
    1.5280076689748774,
    1.5280076689748774,
    1.5280076689748774,
    1.5280076689748774,
    1.5280076689748774,
    1.5280076689748774,
    1.5280076689748774,
    1.5280076689748774,
    1.5280076689748774,
    1.5280076689748774,
    1.5280076689748774,
    1.5280076689748774,
    1.5280076689748774,
    1.5280076689748774,
    1.5280076689748774,
    1.5280076689748774,
    1.5280076689748774,
    1.5280076689748774,
    1.5280076689748774
  ],
  "x_hist": [
    [
      37.5287639642604,
      26.91773629614788
    ],
    [
      47.829233999999445,
      82.35014112354563
    ],
    [
      31.884638999999517,
      58.65023680944083
    ],
    [
      35.48393890674565,
      94.94361745496738
    ],
    [
      26.332529999999636,
      50.75139652211307
    ],
    [
      24.43649077494007,
      62.13278598136728
    ],
    [
      42.04819271644504,
      19.95986456313124
    ],
    [
      35.701885123808836,
      55.18621527479079
    ],
    [
      37.52987700000009,
      53.68122940266476
    ],
    [
      30.148598999999777,
      49.256194251109285
    ],
    [
      43.15324799999988,
      49.80644729813726
    ],
    [
      37.44668562154183,
      60.29897548252391
    ],
    [
      35.8096057903139,
      69.02752086755608
    ],
    [
      32.476458372216044,
      74.63865922449735
    ],
    [
      42.349365925427506,
      51.68134232422675
    ],
    [
      38.33438834999996,
      58.44592514647611
    ],
    [
      39.229832009999384,
      57.71476613835181
    ],
    [
      39.633383609999676,
      58.71193055086302
    ],
    [
      41.057581189908134,
      61.99112505500065
    ],
    [
      37.56434179481704,
      65.99228961397372
    ],
    [
      40.8942870000001,
      63.7287142778469
    ],
    [
      42.834122999999536,
      61.13498131873914
    ],
    [
      41.97390332198082,
      63.405687949962356
    ],
    [
      36.948791999999415,
      67.37938143506399
    ],
    [
      42.665291999999894,
      64.17156140276876
    ],
    [
      45.875855999999494,
      61.971246146563196
    ],
    [
      36.67684199999985,
      69.27108846175109
    ],
    [
      42.231532428987144,
      67.14015513235218
    ],
    [
      37.891744377059425,
      70.10171806912226
    ],
    [
      41.399022581511126,
      69.4806678788119
    ]
  ],
  "y_hist": [
    -0.26824756993791987,
    -0.1376399802137754,
    0.2941824249672388,
    -0.7714876402425467,
    0.22375823421469399,
    -0.4314604931687447,
    -0.2501625274041636,
    1.5280076689748774,
    -0.46219959548393896,
    0.306639263035121,
    0.5309201270723722,
    -0.22343706701290258,
    0.1220687703558549,
    -0.4416370770463908,
    0.6637518102134274,
    0.8432627706298005,
    0.1567363706932789,
    0.7902793746681421,
    1.1198241834028395,
    -0.04860340314627779,
    0.8860303465671945,
    1.299825204552487,
    0.8944395583225451,
    0.020510407451066973,
    0.5573941884976809,
    0.5573941884976809,
    -0.40133827085273743,
    0.18390526394342624,
    -0.21463328592559464,
    0.6831830248941215
  ],
  "eval_count": 30,
  "evals_to_f_best": 8,
  "total_time": 0.8035685830109287,
  "deviation_from_optimum": 0.0,
  "optimum": 1.5280076689748774,
  "optimum_x": [
    35.701885123808836,
    55.18621527479079
  ],
  "success": true
}