{
  "identifier": "Preprocessed-NO2-2015-213",
  "best_x": [
    43.15324799999988,
    49.80644729813726
  ],
  "best_y": 1.782775226735792,
  "best_so_far": [
    -0.1376399802137754,
    0.09374641364798453,
    0.5255688188289981,
    0.5255688188289981,
    0.5255688188289981,
    1.090676852575575,
    1.7236249269664272,
    1.7236249269664272,
    1.7236249269664272,
    1.7236249269664272,
    1.7236249269664272,
    1.782775226735792,
    1.782775226735792,
    1.782775226735792,
    1.782775226735792,
    1.782775226735792,
    1.782775226735792,
    1.782775226735792,
    1.782775226735792,
    1.782775226735792,
    1.782775226735792,
    1.782775226735792,
    1.782775226735792,
    1.782775226735792,
    1.782775226735792,
    1.782775226735792,
    1.782775226735792,
    1.782775226735792,
    1.782775226735792,
    1.782775226735792
  ],
  "x_hist": [
    [
      37.5287639642604,
      26.91773629614788
    ],
    [
      47.829233999999445,
      82.35014112354563
    ],
    [
      31.884638999999517,
      58.65023680944083
    ],
    [
      35.48393890674565,
      94.94361745496738
    ],
    [
      30.148598999999777,
      49.256194251109285
    ],
    [
      38.33438834999996,
      58.44592514647611
    ],
    [
      35.701885123808836,
      55.18621527479079
    ],
    [
      42.04819271644504,
      19.95986456313124
    ],
    [
      37.52987700000009,
      53.68122940266476
    ],
    [
      26.332529999999636,
      50.75139652211307
    ],
    [
      24.43649077494007,
      62.13278598136728
    ],
    [
      43.15324799999988,
      49.80644729813726
    ],
    [
      39.229832009999384,
      57.71476613835181
    ],
    [
      39.633383609999676,
      58.71193055086302
    ],
    [
      41.057581189908134,
      61.99112505500065
    ],
    [
      38.67794999999997,
      75.22449383515101
    ],
    [
      40.8942870000001,
      63.7287142778469
    ],
    [
      41.97390332198082,
      63.405687949962356
    ],
    [
      45.875855999999494,
      61.971246146563196
    ],
    [
      42.665291999999894,
      64.17156140276876
    ],
    [
      37.56434179481704,
      65.99228961397372
    ],
    [
      36.948791999999415,
      67.37938143506399
    ],
    [
      42.231532428987144,
      67.14015513235218
    ],
    [
      35.8096057903139,
      69.02752086755608
    ],
    [
      36.67684199999985,
      69.27108846175109
    ],
    [
      37.891744377059425,
      70.10171806912226
    ],
    [
      41.399022581511126,
      69.4806678788119
    ],
    [
      52.36791299999944,
      61.25684396703845
    ],
    [
      38.273022000000154,
      71.34598861519042
    ],
    [
      50.751419999999946,
      65.22174826892642
    ]
  ],
  "y_hist": [
    -0.1376399802137754,
    0.09374641364798453,
    0.5255688188289981,
    -0.00981467186537667,
    0.2689542618297598,
    1.090676852575575,
    1.7236249269664272,
    0.1220687703558549,
    -0.614609860006585,
    0.6089814089035618,
    -0.056482898260752916,
    1.782775226735792,
    0.5148086267120978,
    0.7767360613858838,
    1.0420710495945855,
    -0.41131199772994653,
    1.090676852575575,
    0.952020769721415,
    0.9996768476644234,
    1.0113581546520458,
    -0.3333183318528421,
    -0.032967424547850586,
    0.306639263035121,
    0.49852231461821545,
    -0.46219959548393896,
    -0.3238480141771158,
    0.6490115244364324,
    0.3312470333667223,
    1.237749401233652,
    0.1360320373023964
  ],
  "eval_count": 30,
  "evals_to_f_best": 12,
  "total_time": 0.8017145000048913,
  "deviation_from_optimum": 0.0,
  "optimum": 1.782775226735792,
  "optimum_x": [
    43.15324799999988,
    49.80644729813726
  ],
  "success": true
}