{
  "identifier": "Preprocessed-NO2-2015-314",
  "best_x": [
    41.057581189908134,
    61.99112505500065
  ],
  "best_y": 1.6443436432771874,
  "best_so_far": [
    -0.5918663889551277,
    -0.1376399802137754,
    0.3554578868261881,
    0.3554578868261881,
    0.3554578868261881,
    0.3554578868261881,
    0.3554578868261881,
    0.3554578868261881,
    0.3554578868261881,
    0.3554578868261881,
    0.3554578868261881,
    0.3554578868261881,
    1.5002612158717412,
    1.5002612158717412,
    1.5002612158717412,
    1.5002612158717412,
    1.5002612158717412,
    1.5002612158717412,
    1.5002612158717412,
    1.5002612158717412,
    1.6443436432771874,
    1.6443436432771874,
    1.6443436432771874,
    1.6443436432771874,
    1.6443436432771874,
    1.6443436432771874,
    1.6443436432771874,
    1.6443436432771874,
    1.6443436432771874,
    1.6443436432771874
  ],
  "x_hist": [
    [
      37.5287639642604,
      26.91773629614788
    ],
    [
      47.829233999999445,
      82.35014112354563
    ],
    [
      31.884638999999517,
      58.65023680944083
    ],
    [
      16.28216201918641,
      83.86135661828055
    ],
    [
      26.332529999999636,
      50.75139652211307
    ],
    [
      24.43649077494007,
      62.13278598136728
    ],
    [
      42.04819271644504,
      19.95986456313124
    ],
    [
      35.48393890674565,
      94.94361745496738
    ],
    [
      30.148598999999777,
      49.256194251109285
    ],
    [
      32.476458372216044,
      74.63865922449735
    ],
    [
      34.88452499999944,
      72.97514525247436
    ],
    [
      35.8096057903139,
      69.02752086755608
    ],
    [
      35.701885123808836,
      55.18621527479079
    ],
    [
      37.44668562154183,
      60.29897548252391
    ],
    [
      36.948791999999415,
      67.37938143506399
    ],
    [
      37.56434179481704,
      65.99228961397372
    ],
    [
      37.52987700000009,
      53.68122940266476
    ],
    [
      38.33438834999996,
      58.44592514647611
    ],
    [
      39.229832009999384,
      57.71476613835181
    ],
    [
      39.633383609999676,
      58.71193055086302
    ],
    [
      41.057581189908134,
      61.99112505500065
    ],
    [
      40.8942870000001,
      63.7287142778469
    ],
    [
      42.349365925427506,
      51.68134232422675
    ],
    [
      42.834122999999536,
      61.13498131873914
    ],
    [
      43.15324799999988,
      49.80644729813726
    ],
    [
      41.97390332198082,
      63.405687949962356
    ],
    [
      42.665291999999894,
      64.17156140276876
    ],
    [
      36.67684199999985,
      69.27108846175109
    ],
    [
      37.891744377059425,
      70.10171806912226
    ],
    [
      42.231532428987144,
      67.14015513235218
    ]
  ],
  "y_hist": [
    -0.5918663889551277,
    -0.1376399802137754,
    0.3554578868261881,
    -0.38158745467774496,
    0.16357483524309432,
    -1.4719023952410504,
    -0.30508476520577366,
    -0.2412010657271366,
    0.005424447578251948,
    -0.49358137345187497,
    -0.6970406292421844,
    -0.2412010657271366,
    1.5002612158717412,
    -0.7462594771050677,
    -0.2412010657271366,
    -1.2996197140687709,
    -0.9902069515690378,
    1.0267931530969379,
    0.2941824249672388,
    0.1973074991613457,
    1.6443436432771874,
    1.0869933160707101,
    0.23681084144001122,
    1.169508542316888,
    0.8389182223798947,
    1.1053212650492799,
    0.4085453975843075,
    -0.5694623853947889,
    -1.2289694800400743,
    -0.38158745467774496
  ],
  "eval_count": 30,
  "evals_to_f_best": 21,
  "total_time": 0.8177928749937564,
  "deviation_from_optimum": 0.0,
  "optimum": 1.6443436432771874,
  "optimum_x": [
    41.057581189908134,
    61.99112505500065
  ],
  "success": true
}