{
  "identifier": "Preprocessed-NO2-2015-287",
  "best_x": [
    35.701885123808836,
    55.18621527479079
  ],
  "best_y": 1.726036237320246,
  "best_so_far": [
    -0.17992560386818662,
    -0.17992560386818662,
    0.8605162982041191,
    0.8605162982041191,
    0.8605162982041191,
    0.8605162982041191,
    0.8605162982041191,
    0.8605162982041191,
    0.8902408412563207,
    0.8902408412563207,
    0.8902408412563207,
    0.8902408412563207,
    0.8902408412563207,
    0.8902408412563207,
    0.8902408412563207,
    1.1016735345239845,
    1.1016735345239845,
    1.1016735345239845,
    1.1016735345239845,
    1.1016735345239845,
    1.2243471660157326,
    1.2243471660157326,
    1.2243471660157326,
    1.2243471660157326,
    1.726036237320246,
    1.726036237320246,
    1.726036237320246,
    1.726036237320246,
    1.726036237320246,
    1.726036237320246
  ],
  "x_hist": [
    [
      37.5287639642604,
      26.91773629614788
    ],
    [
      47.829233999999445,
      82.35014112354563
    ],
    [
      31.884638999999517,
      58.65023680944083
    ],
    [
      35.48393890674565,
      94.94361745496738
    ],
    [
      42.349365925427506,
      51.68134232422675
    ],
    [
      24.43649077494007,
      62.13278598136728
    ],
    [
      43.15324799999988,
      49.80644729813726
    ],
    [
      30.148598999999777,
      49.256194251109285
    ],
    [
      35.8096057903139,
      69.02752086755608
    ],
    [
      37.44668562154183,
      60.29897548252391
    ],
    [
      32.476458372216044,
      74.63865922449735
    ],
    [
      34.87819799999964,
      76.08489822384199
    ],
    [
      34.88452499999944,
      72.97514525247436
    ],
    [
      36.948791999999415,
      67.37938143506399
    ],
    [
      38.273022000000154,
      71.34598861519042
    ],
    [
      37.56434179481704,
      65.99228961397372
    ],
    [
      36.67684199999985,
      69.27108846175109
    ],
    [
      37.891744377059425,
      70.10171806912226
    ],
    [
      40.8942870000001,
      63.7287142778469
    ],
    [
      38.33438834999996,
      58.44592514647611
    ],
    [
      41.057581189908134,
      61.99112505500065
    ],
    [
      41.399022581511126,
      69.4806678788119
    ],
    [
      38.67794999999997,
      75.22449383515101
    ],
    [
      42.231532428987144,
      67.14015513235218
    ],
    [
      35.701885123808836,
      55.18621527479079
    ],
    [
      39.633383609999676,
      58.71193055086302
    ],
    [
      39.229832009999384,
      57.71476613835181
    ],
    [
      41.97390332198082,
      63.405687949962356
    ],
    [
      37.52987700000009,
      53.68122940266476
    ],
    [
      42.665291999999894,
      64.17156140276876
    ]
  ],
  "y_hist": [
    -0.17992560386818662,
    -0.22343706701290258,
    0.8605162982041191,
    -0.758820557707278,
    0.17038228624168394,
    -0.025210092696396947,
    0.4429218703790188,
    0.7538887348674779,
    0.8902408412563207,
    0.3554578868261881,
    -0.10464875388651942,
    0.6928051115125216,
    0.14296526151086786,
    0.14296526151086786,
    0.09374641364798453,
    1.1016735345239845,
    0.0428588158939921,
    0.07214833782375932,
    0.7538887348674779,
    0.4875657669025717,
    1.2243471660157326,
    0.9479802817569499,
    0.10797439100389772,
    0.6140439444695442,
    1.726036237320246,
    1.1016735345239845,
    0.2171891192554189,
    1.6004579958173208,
    0.07214833782375932,
    0.0428588158939921
  ],
  "eval_count": 30,
  "evals_to_f_best": 25,
  "total_time": 0.8119323749851901,
  "deviation_from_optimum": 0.0,
  "optimum": 1.726036237320246,
  "optimum_x": [
    35.701885123808836,
    55.18621527479079
  ],
  "success": true
}