{
  "identifier": "Preprocessed-NO2-2015-261",
  "best_x": [
    35.701885123808836,
    55.18621527479079
  ],
  "best_y": 1.6544858465418506,
  "best_so_far": [
    0.21059112897277193,
    0.3554578868261881,
    0.8170048350594039,
    0.8170048350594039,
    0.8301912188876749,
    1.053428281877625,
    1.053428281877625,
    1.053428281877625,
    1.1799445544987837,
    1.5086391373740768,
    1.5086391373740768,
    1.5086391373740768,
    1.5086391373740768,
    1.5086391373740768,
    1.6544858465418506,
    1.6544858465418506,
    1.6544858465418506,
    1.6544858465418506,
    1.6544858465418506,
    1.6544858465418506,
    1.6544858465418506,
    1.6544858465418506,
    1.6544858465418506,
    1.6544858465418506,
    1.6544858465418506,
    1.6544858465418506,
    1.6544858465418506,
    1.6544858465418506,
    1.6544858465418506,
    1.6544858465418506
  ],
  "x_hist": [
    [
      37.5287639642604,
      26.91773629614788
    ],
    [
      47.829233999999445,
      82.35014112354563
    ],
    [
      31.884638999999517,
      58.65023680944083
    ],
    [
      35.48393890674565,
      94.94361745496738
    ],
    [
      26.332529999999636,
      50.75139652211307
    ],
    [
      42.834122999999536,
      61.13498131873914
    ],
    [
      52.36791299999944,
      61.25684396703845
    ],
    [
      37.56434179481704,
      65.99228961397372
    ],
    [
      39.633383609999676,
      58.71193055086302
    ],
    [
      43.15324799999988,
      49.80644729813726
    ],
    [
      37.52987700000009,
      53.68122940266476
    ],
    [
      45.875855999999494,
      61.971246146563196
    ],
    [
      43.90227600000007,
      69.88064291018797
    ],
    [
      30.148598999999777,
      49.256194251109285
    ],
    [
      35.701885123808836,
      55.18621527479079
    ],
    [
      38.33438834999996,
      58.44592514647611
    ],
    [
      37.44668562154183,
      60.29897548252391
    ],
    [
      41.057581189908134,
      61.99112505500065
    ],
    [
      41.97390332198082,
      63.405687949962356
    ],
    [
      40.8942870000001,
      63.7287142778469
    ],
    [
      42.665291999999894,
      64.17156140276876
    ],
    [
      42.04819271644504,
      19.95986456313124
    ],
    [
      50.751419999999946,
      65.22174826892642
    ],
    [
      42.231532428987144,
      67.14015513235218
    ],
    [
      41.399022581511126,
      69.4806678788119
    ],
    [
      36.67684199999985,
      69.27108846175109
    ],
    [
      35.8096057903139,
      69.02752086755608
    ],
    [
      37.891744377059425,
      70.10171806912226
    ],
    [
      24.43649077494007,
      62.13278598136728
    ],
    [
      38.273022000000154,
      71.34598861519042
    ]
  ],
  "y_hist": [
    0.21059112897277193,
    0.3554578868261881,
    0.8170048350594039,
    0.035446255780935305,
    0.8301912188876749,
    1.053428281877625,
    0.6637518102134274,
    0.8301912188876749,
    1.1799445544987837,
    1.5086391373740768,
    0.18390526394342624,
    0.9560504107252771,
    0.5201983645404009,
    1.1937473218490882,
    1.6544858465418506,
    1.130610148656517,
    0.47097951667751753,
    1.6160939744157488,
    1.3958997888984945,
    1.3030223098558293,
    0.8605162982041191,
    0.2941824249672388,
    0.16357483524309432,
    0.7118661977745061,
    1.2176009057948547,
    0.306639263035121,
    0.794766793174556,
    0.1906213394538769,
    0.4429218703790188,
    1.0980169179228576
  ],
  "eval_count": 30,
  "evals_to_f_best": 15,
  "total_time": 0.8104213330079801,
  "deviation_from_optimum": 0.0,
  "optimum": 1.6544858465418506,
  "optimum_x": [
    35.701885123808836,
    55.18621527479079
  ],
  "success": true
}