{
  "identifier": "Preprocessed-NO2-2015-298",
  "best_x": [
    41.057581189908134,
    61.99112505500065
  ],
  "best_y": 1.536232568307053,
  "best_so_far": [
    0.5201983645404009,
    0.5201983645404009,
    0.5201983645404009,
    0.5201983645404009,
    0.8562214730353249,
    0.8562214730353249,
    0.8562214730353249,
    0.8562214730353249,
    1.4314992528454376,
    1.4314992528454376,
    1.4314992528454376,
    1.4314992528454376,
    1.4314992528454376,
    1.4314992528454376,
    1.4314992528454376,
    1.4314992528454376,
    1.4314992528454376,
    1.4314992528454376,
    1.4314992528454376,
    1.4314992528454376,
    1.536232568307053,
    1.536232568307053,
    1.536232568307053,
    1.536232568307053,
    1.536232568307053,
    1.536232568307053,
    1.536232568307053,
    1.536232568307053,
    1.536232568307053,
    1.536232568307053
  ],
  "x_hist": [
    [
      37.5287639642604,
      26.91773629614788
    ],
    [
      47.829233999999445,
      82.35014112354563
    ],
    [
      24.43649077494007,
      62.13278598136728
    ],
    [
      35.48393890674565,
      94.94361745496738
    ],
    [
      49.543184999999745,
      44.872801955437204
    ],
    [
      42.04819271644504,
      19.95986456313124
    ],
    [
      45.875855999999494,
      61.971246146563196
    ],
    [
      52.36791299999944,
      61.25684396703845
    ],
    [
      43.15324799999988,
      49.80644729813726
    ],
    [
      42.349365925427506,
      51.68134232422675
    ],
    [
      30.148598999999777,
      49.256194251109285
    ],
    [
      37.36426499999942,
      87.78778327994611
    ],
    [
      37.52987700000009,
      53.68122940266476
    ],
    [
      35.701885123808836,
      55.18621527479079
    ],
    [
      39.229832009999384,
      57.71476613835181
    ],
    [
      26.332529999999636,
      50.75139652211307
    ],
    [
      39.633383609999676,
      58.71193055086302
    ],
    [
      38.33438834999996,
      58.44592514647611
    ],
    [
      42.834122999999536,
      61.13498131873914
    ],
    [
      37.44668562154183,
      60.29897548252391
    ],
    [
      41.057581189908134,
      61.99112505500065
    ],
    [
      41.97390332198082,
      63.405687949962356
    ],
    [
      42.665291999999894,
      64.17156140276876
    ],
    [
      40.8942870000001,
      63.7287142778469
    ],
    [
      50.751419999999946,
      65.22174826892642
    ],
    [
      37.56434179481704,
      65.99228961397372
    ],
    [
      52.47880277699992,
      66.40439581530941
    ],
    [
      42.231532428987144,
      67.14015513235218
    ],
    [
      36.948791999999415,
      67.37938143506399
    ],
    [
      41.399022581511126,
      69.4806678788119
    ]
  ],
  "y_hist": [
    0.5201983645404009,
    0.47097951667751753,
    -0.25917781199646434,
    0.3189935745244685,
    0.8562214730353249,
    0.2753011650384508,
    0.7992408363451698,
    0.7812640900758421,
    1.4314992528454376,
    1.0869933160707101,
    0.9918384989260279,
    0.5148086267120978,
    0.30042376606945126,
    1.2142163713903342,
    0.6089814089035618,
    0.6975931231399027,
    1.1625106724281613,
    1.1089601525828112,
    1.2837367292855522,
    0.2302987254886017,
    1.536232568307053,
    0.8860303465671945,
    0.6588544473945614,
    1.466273944138028,
    0.32513280750974444,
    0.21059112897277193,
    0.4200919189235251,
    0.583409404194896,
    0.396909367434709,
    0.9600692628514306
  ],
  "eval_count": 30,
  "evals_to_f_best": 21,
  "total_time": 0.8163180410047062,
  "deviation_from_optimum": 0.0,
  "optimum": 1.536232568307053,
  "optimum_x": [
    41.057581189908134,
    61.99112505500065
  ],
  "success": true
}