{
  "identifier": "Preprocessed-NO2-2015-336",
  "best_x": [
    35.701885123808836,
    55.18621527479079
  ],
  "best_y": 2.016479830127755,
  "best_so_far": [
    -0.41131199772994653,
    0.4143297607056542,
    0.8170048350594039,
    0.8170048350594039,
    0.8170048350594039,
    0.8170048350594039,
    0.8170048350594039,
    0.8170048350594039,
    0.8170048350594039,
    0.8170048350594039,
    0.8170048350594039,
    0.8170048350594039,
    2.016479830127755,
    2.016479830127755,
    2.016479830127755,
    2.016479830127755,
    2.016479830127755,
    2.016479830127755,
    2.016479830127755,
    2.016479830127755,
    2.016479830127755,
    2.016479830127755,
    2.016479830127755,
    2.016479830127755,
    2.016479830127755,
    2.016479830127755,
    2.016479830127755,
    2.016479830127755,
    2.016479830127755,
    2.016479830127755
  ],
  "x_hist": [
    [
      37.5287639642604,
      26.91773629614788
    ],
    [
      47.829233999999445,
      82.35014112354563
    ],
    [
      31.884638999999517,
      58.65023680944083
    ],
    [
      35.48393890674565,
      94.94361745496738
    ],
    [
      26.332529999999636,
      50.75139652211307
    ],
    [
      37.36426499999942,
      87.78778327994611
    ],
    [
      24.43649077494007,
      62.13278598136728
    ],
    [
      42.04819271644504,
      19.95986456313124
    ],
    [
      37.56434179481704,
      65.99228961397372
    ],
    [
      33.36529397954962,
      85.15777905758739
    ],
    [
      35.8096057903139,
      69.02752086755608
    ],
    [
      30.148598999999777,
      49.256194251109285
    ],
    [
      35.701885123808836,
      55.18621527479079
    ],
    [
      37.52987700000009,
      53.68122940266476
    ],
    [
      34.88452499999944,
      72.97514525247436
    ],
    [
      38.33438834999996,
      58.44592514647611
    ],
    [
      36.948791999999415,
      67.37938143506399
    ],
    [
      39.229832009999384,
      57.71476613835181
    ],
    [
      36.67684199999985,
      69.27108846175109
    ],
    [
      39.633383609999676,
      58.71193055086302
    ],
    [
      41.057581189908134,
      61.99112505500065
    ],
    [
      40.8942870000001,
      63.7287142778469
    ],
    [
      41.97390332198082,
      63.405687949962356
    ],
    [
      42.834122999999536,
      61.13498131873914
    ],
    [
      42.665291999999894,
      64.17156140276876
    ],
    [
      38.273022000000154,
      71.34598861519042
    ],
    [
      32.476458372216044,
      74.63865922449735
    ],
    [
      42.349365925427506,
      51.68134232422675
    ],
    [
      41.399022581511126,
      69.4806678788119
    ],
    [
      34.87819799999964,
      76.08489822384199
    ]
  ],
  "y_hist": [
    -0.41131199772994653,
    0.4143297607056542,
    0.8170048350594039,
    -0.2957903678786178,
    0.3373364549938343,
    0.5885587758742924,
    -0.6493845512991753,
    0.2689542618297598,
    -0.8232527828168875,
    -0.6849840152461176,
    -0.5148730832433084,
    0.22375823421469399,
    2.016479830127755,
    -0.90440986476991,
    -0.00981467186537667,
    1.2477231281108612,
    -0.90440986476991,
    0.8902408412563207,
    0.3494416848948279,
    0.8475947804834877,
    2.000511164923737,
    1.9369764228737216,
    1.2576310213277253,
    1.7187906542775497,
    0.7676388191614539,
    0.9439288882786829,
    -0.41131199772994653,
    0.7902793746681421,
    0.8986265634710048,
    -1.246322741202846
  ],
  "eval_count": 30,
  "evals_to_f_best": 13,
  "total_time": 0.8094857920077629,
  "deviation_from_optimum": 0.0,
  "optimum": 2.016479830127755,
  "optimum_x": [
    35.701885123808836,
    55.18621527479079
  ],
  "success": true
}