{
  "identifier": "Preprocessed-NO2-2015-183",
  "best_x": [
    35.701885123808836,
    55.18621527479079
  ],
  "best_y": 1.9158940486062939,
  "best_so_far": [
    -0.1713726441320268,
    -0.056482898260752916,
    0.5782423065883675,
    0.5782423065883675,
    1.9158940486062939,
    1.9158940486062939,
    1.9158940486062939,
    1.9158940486062939,
    1.9158940486062939,
    1.9158940486062939,
    1.9158940486062939,
    1.9158940486062939,
    1.9158940486062939,
    1.9158940486062939,
    1.9158940486062939,
    1.9158940486062939,
    1.9158940486062939,
    1.9158940486062939,
    1.9158940486062939,
    1.9158940486062939,
    1.9158940486062939,
    1.9158940486062939,
    1.9158940486062939,
    1.9158940486062939,
    1.9158940486062939,
    1.9158940486062939,
    1.9158940486062939,
    1.9158940486062939,
    1.9158940486062939,
    1.9158940486062939
  ],
  "x_hist": [
    [
      37.5287639642604,
      26.91773629614788
    ],
    [
      47.829233999999445,
      82.35014112354563
    ],
    [
      31.884638999999517,
      58.65023680944083
    ],
    [
      35.48393890674565,
      94.94361745496738
    ],
    [
      35.701885123808836,
      55.18621527479079
    ],
    [
      30.148598999999777,
      49.256194251109285
    ],
    [
      24.43649077494007,
      62.13278598136728
    ],
    [
      34.88452499999944,
      72.97514525247436
    ],
    [
      26.332529999999636,
      50.75139652211307
    ],
    [
      43.15324799999988,
      49.80644729813726
    ],
    [
      35.8096057903139,
      69.02752086755608
    ],
    [
      38.33438834999996,
      58.44592514647611
    ],
    [
      37.56434179481704,
      65.99228961397372
    ],
    [
      37.52987700000009,
      53.68122940266476
    ],
    [
      39.229832009999384,
      57.71476613835181
    ],
    [
      36.948791999999415,
      67.37938143506399
    ],
    [
      39.633383609999676,
      58.71193055086302
    ],
    [
      41.057581189908134,
      61.99112505500065
    ],
    [
      40.8942870000001,
      63.7287142778469
    ],
    [
      42.834122999999536,
      61.13498131873914
    ],
    [
      41.97390332198082,
      63.405687949962356
    ],
    [
      42.665291999999894,
      64.17156140276876
    ],
    [
      45.875855999999494,
      61.971246146563196
    ],
    [
      36.67684199999985,
      69.27108846175109
    ],
    [
      42.231532428987144,
      67.14015513235218
    ],
    [
      37.891744377059425,
      70.10171806912226
    ],
    [
      41.399022581511126,
      69.4806678788119
    ],
    [
      38.273022000000154,
      71.34598861519042
    ],
    [
      43.90227600000007,
      69.88064291018797
    ],
    [
      32.476458372216044,
      74.63865922449735
    ]
  ],
  "y_hist": [
    -0.1713726441320268,
    -0.056482898260752916,
    0.5782423065883675,
    -0.1293239457993056,
    1.9158940486062939,
    0.5362524252996946,
    0.07214833782375932,
    -0.42135243899515085,
    0.5573941884976809,
    1.5498413684354788,
    0.5468605286204314,
    1.1125902398960656,
    -0.4416370770463908,
    -0.3238480141771158,
    0.7023659105392768,
    0.2171891192554189,
    0.4258320420657214,
    1.6919202148575907,
    1.422678226250372,
    1.8771831257059117,
    1.850809849211816,
    0.877573758721052,
    0.8081491139602407,
    -0.16286814335125438,
    0.37336315328062836,
    -0.42135243899515085,
    0.8081491139602407,
    1.169508542316888,
    -0.032967424547850586,
    0.035446255780935305
  ],
  "eval_count": 30,
  "evals_to_f_best": 5,
  "total_time": 0.8293235420132987,
  "deviation_from_optimum": 0.0,
  "optimum": 1.9158940486062939,
  "optimum_x": [
    35.701885123808836,
    55.18621527479079
  ],
  "success": true
}