{
  "identifier": "Preprocessed-NO2-2015-151",
  "best_x": [
    41.057581189908134,
    61.99112505500065
  ],
  "best_y": 1.053428281877625,
  "best_so_far": [
    -1.3362322699509235,
    -0.90440986476991,
    -0.90440986476991,
    -0.90440986476991,
    -0.90440986476991,
    -0.90440986476991,
    -0.90440986476991,
    -0.8498205626184295,
    -0.42135243899515085,
    -0.42135243899515085,
    -0.42135243899515085,
    -0.42135243899515085,
    -0.11282883065654499,
    -0.11282883065654499,
    -0.11282883065654499,
    0.47097951667751753,
    0.47097951667751753,
    0.47097951667751753,
    0.47097951667751753,
    0.47097951667751753,
    0.47097951667751753,
    0.47097951667751753,
    0.47097951667751753,
    0.47097951667751753,
    0.47097951667751753,
    0.5988048250259156,
    0.794766793174556,
    0.794766793174556,
    1.053428281877625,
    1.053428281877625
  ],
  "x_hist": [
    [
      37.5287639642604,
      26.91773629614788
    ],
    [
      42.03630598607403,
      84.26997486831613
    ],
    [
      37.44668562154183,
      60.29897548252391
    ],
    [
      35.48393890674565,
      94.94361745496738
    ],
    [
      38.67794999999997,
      75.22449383515101
    ],
    [
      41.744879999999405,
      100.4720072707649
    ],
    [
      48.23260800000003,
      72.10088596806122
    ],
    [
      43.90227600000007,
      69.88064291018797
    ],
    [
      37.36426499999942,
      87.78778327994611
    ],
    [
      45.64222666408809,
      111.9064932186795
    ],
    [
      34.88452499999944,
      72.97514525247436
    ],
    [
      33.36529397954962,
      85.15777905758739
    ],
    [
      32.13036654481498,
      89.6343673225596
    ],
    [
      34.87819799999964,
      76.08489822384199
    ],
    [
      32.476458372216044,
      74.63865922449735
    ],
    [
      38.273022000000154,
      71.34598861519042
    ],
    [
      50.751419999999946,
      65.22174826892642
    ],
    [
      41.399022581511126,
      69.4806678788119
    ],
    [
      37.891744377059425,
      70.10171806912226
    ],
    [
      36.67684199999985,
      69.27108846175109
    ],
    [
      35.8096057903139,
      69.02752086755608
    ],
    [
      42.231532428987144,
      67.14015513235218
    ],
    [
      36.948791999999415,
      67.37938143506399
    ],
    [
      37.56434179481704,
      65.99228961397372
    ],
    [
      42.665291999999894,
      64.17156140276876
    ],
    [
      40.8942870000001,
      63.7287142778469
    ],
    [
      41.97390332198082,
      63.405687949962356
    ],
    [
      45.875855999999494,
      61.971246146563196
    ],
    [
      41.057581189908134,
      61.99112505500065
    ],
    [
      42.834122999999536,
      61.13498131873914
    ]
  ],
  "y_hist": [
    -1.3362322699509235,
    -0.90440986476991,
    -1.0199314946212388,
    -0.9324675110684087,
    -1.0049956462913712,
    -1.7374825313144904,
    -0.9324675110684087,
    -0.8498205626184295,
    -0.42135243899515085,
    -1.6210644903451776,
    -1.451753899802253,
    -1.392882025922787,
    -0.11282883065654499,
    -1.2996197140687709,
    -0.8498205626184295,
    0.47097951667751753,
    -0.8768670668292121,
    0.14986660871386046,
    -1.0656519947687033,
    -0.9466954884243219,
    -0.4314604931687447,
    -0.26824756993791987,
    -0.48304771357462556,
    -1.1614956320610277,
    0.3910573507731312,
    0.5988048250259156,
    0.794766793174556,
    0.2816213443650285,
    1.053428281877625,
    0.8818080079955526
  ],
  "eval_count": 30,
  "evals_to_f_best": 29,
  "total_time": 0.8089396659925114,
  "deviation_from_optimum": 0.0,
  "optimum": 1.053428281877625,
  "optimum_x": [
    41.057581189908134,
    61.99112505500065
  ],
  "success": true
}