{
  "identifier": "Preprocessed-NO2-2015-84",
  "best_x": [
    35.701885123808836,
    55.18621527479079
  ],
  "best_y": 1.9985030838584266,
  "best_so_far": [
    0.49852231461821545,
    0.5255688188289981,
    0.9317086820670495,
    0.9317086820670495,
    1.2674739442858538,
    1.2674739442858538,
    1.2674739442858538,
    1.3928947020640559,
    1.3928947020640559,
    1.3928947020640559,
    1.3928947020640559,
    1.9985030838584266,
    1.9985030838584266,
    1.9985030838584266,
    1.9985030838584266,
    1.9985030838584266,
    1.9985030838584266,
    1.9985030838584266,
    1.9985030838584266,
    1.9985030838584266,
    1.9985030838584266,
    1.9985030838584266,
    1.9985030838584266,
    1.9985030838584266,
    1.9985030838584266,
    1.9985030838584266,
    1.9985030838584266,
    1.9985030838584266,
    1.9985030838584266,
    1.9985030838584266
  ],
  "x_hist": [
    [
      37.5287639642604,
      26.91773629614788
    ],
    [
      47.829233999999445,
      82.35014112354563
    ],
    [
      24.43649077494007,
      62.13278598136728
    ],
    [
      35.48393890674565,
      94.94361745496738
    ],
    [
      35.8096057903139,
      69.02752086755608
    ],
    [
      32.476458372216044,
      74.63865922449735
    ],
    [
      16.28216201918641,
      83.86135661828055
    ],
    [
      30.148598999999777,
      49.256194251109285
    ],
    [
      34.88452499999944,
      72.97514525247436
    ],
    [
      37.52987700000009,
      53.68122940266476
    ],
    [
      42.03630598607403,
      84.26997486831613
    ],
    [
      35.701885123808836,
      55.18621527479079
    ],
    [
      43.15324799999988,
      49.80644729813726
    ],
    [
      42.349365925427506,
      51.68134232422675
    ],
    [
      42.04819271644504,
      19.95986456313124
    ],
    [
      39.633383609999676,
      58.71193055086302
    ],
    [
      38.33438834999996,
      58.44592514647611
    ],
    [
      37.44668562154183,
      60.29897548252391
    ],
    [
      42.834122999999536,
      61.13498131873914
    ],
    [
      41.97390332198082,
      63.405687949962356
    ],
    [
      40.8942870000001,
      63.7287142778469
    ],
    [
      42.665291999999894,
      64.17156140276876
    ],
    [
      45.875855999999494,
      61.971246146563196
    ],
    [
      36.948791999999415,
      67.37938143506399
    ],
    [
      42.231532428987144,
      67.14015513235218
    ],
    [
      36.67684199999985,
      69.27108846175109
    ],
    [
      37.891744377059425,
      70.10171806912226
    ],
    [
      41.399022581511126,
      69.4806678788119
    ],
    [
      52.36791299999944,
      61.25684396703845
    ],
    [
      38.273022000000154,
      71.34598861519042
    ]
  ],
  "y_hist": [
    0.49852231461821545,
    0.5255688188289981,
    0.9317086820670495,
    0.4875657669025717,
    1.2674739442858538,
    1.1377579734607814,
    1.2176009057948547,
    1.3928947020640559,
    0.8081491139602407,
    0.7213067343803942,
    0.43724685275926545,
    1.9985030838584266,
    1.8194436852052827,
    1.4373512695070154,
    0.45420794138618037,
    1.2576310213277253,
    1.270740627560908,
    1.0980169179228576,
    1.6056881069360291,
    1.6820286444825485,
    1.6670679853629629,
    0.9600692628514306,
    1.0869933160707101,
    0.8986265634710048,
    1.2576310213277253,
    0.7676388191614539,
    0.8389182223798947,
    1.3716889354390287,
    1.422678226250372,
    1.3346243270395453
  ],
  "eval_count": 30,
  "evals_to_f_best": 12,
  "total_time": 0.8214204160030931,
  "deviation_from_optimum": 0.0,
  "optimum": 1.9985030838584266,
  "optimum_x": [
    35.701885123808836,
    55.18621527479079
  ],
  "success": true
}