{
  "identifier": "Preprocessed-NO2-2015-349",
  "best_x": [
    40.8942870000001,
    63.7287142778469
  ],
  "best_y": 1.5579478167922376,
  "best_so_far": [
    0.21059112897277193,
    0.2941824249672388,
    0.2941824249672388,
    0.2941824249672388,
    0.2941824249672388,
    0.2941824249672388,
    0.2941824249672388,
    0.2941824249672388,
    0.6440657526722275,
    0.6440657526722275,
    0.6440657526722275,
    0.6440657526722275,
    0.834561062941767,
    0.834561062941767,
    0.834561062941767,
    0.834561062941767,
    0.834561062941767,
    0.834561062941767,
    0.834561062941767,
    0.834561062941767,
    0.834561062941767,
    0.834561062941767,
    0.834561062941767,
    0.834561062941767,
    0.834561062941767,
    0.834561062941767,
    1.5579478167922376,
    1.5579478167922376,
    1.5579478167922376,
    1.5579478167922376
  ],
  "x_hist": [
    [
      37.5287639642604,
      26.91773629614788
    ],
    [
      47.829233999999445,
      82.35014112354563
    ],
    [
      24.43649077494007,
      62.13278598136728
    ],
    [
      35.48393890674565,
      94.94361745496738
    ],
    [
      52.47880277699992,
      66.40439581530941
    ],
    [
      45.64222666408809,
      111.9064932186795
    ],
    [
      50.751419999999946,
      65.22174826892642
    ],
    [
      42.03630598607403,
      84.26997486831613
    ],
    [
      37.36426499999942,
      87.78778327994611
    ],
    [
      38.28112499999941,
      76.69191621993401
    ],
    [
      41.744879999999405,
      100.4720072707649
    ],
    [
      38.67794999999997,
      75.22449383515101
    ],
    [
      32.13036654481498,
      89.6343673225596
    ],
    [
      33.36529397954962,
      85.15777905758739
    ],
    [
      34.87819799999964,
      76.08489822384199
    ],
    [
      32.476458372216044,
      74.63865922449735
    ],
    [
      34.88452499999944,
      72.97514525247436
    ],
    [
      43.90227600000007,
      69.88064291018797
    ],
    [
      38.273022000000154,
      71.34598861519042
    ],
    [
      41.399022581511126,
      69.4806678788119
    ],
    [
      36.67684199999985,
      69.27108846175109
    ],
    [
      35.8096057903139,
      69.02752086755608
    ],
    [
      36.948791999999415,
      67.37938143506399
    ],
    [
      16.28216201918641,
      83.86135661828055
    ],
    [
      37.56434179481704,
      65.99228961397372
    ],
    [
      42.665291999999894,
      64.17156140276876
    ],
    [
      40.8942870000001,
      63.7287142778469
    ],
    [
      41.97390332198082,
      63.405687949962356
    ],
    [
      45.875855999999494,
      61.971246146563196
    ],
    [
      52.36791299999944,
      61.25684396703845
    ]
  ],
  "y_hist": [
    0.21059112897277193,
    0.2941824249672388,
    -0.3620931498670632,
    -0.1885275779677678,
    0.2879150239101222,
    -0.38158745467774496,
    0.21059112897277193,
    0.1220687703558549,
    0.6440657526722275,
    -0.16286814335125438,
    -0.7714876402425467,
    -0.3428487789324037,
    0.834561062941767,
    -0.28655316720482793,
    0.21059112897277193,
    -0.1376399802137754,
    0.21059112897277193,
    -0.002175773076444545,
    0.7260048301482523,
    0.40273865776075346,
    0.14296526151086786,
    0.1220687703558549,
    -0.08842113235089138,
    0.3910573507731312,
    0.45420794138618037,
    0.3910573507731312,
    1.5579478167922376,
    1.2609191724179765,
    0.7538887348674779,
    0.3674184311641557
  ],
  "eval_count": 30,
  "evals_to_f_best": 27,
  "total_time": 0.815488791995449,
  "deviation_from_optimum": 0.11412364111174966,
  "optimum": 1.6720714579039873,
  "optimum_x": [
    41.057581189908134,
    61.99112505500065
  ],
  "success": false
}