{
  "identifier": "Preprocessed-NO2-2015-329",
  "best_x": [
    41.97390332198082,
    63.405687949962356
  ],
  "best_y": 1.7850934362659945,
  "best_so_far": [
    -0.1210537299887212,
    0.2941824249672388,
    0.5362524252996946,
    0.7767360613858838,
    0.7767360613858838,
    1.1448719221909869,
    1.1448719221909869,
    1.2510330310450783,
    1.2510330310450783,
    1.2576310213277253,
    1.2576310213277253,
    1.2576310213277253,
    1.2576310213277253,
    1.2576310213277253,
    1.2576310213277253,
    1.2576310213277253,
    1.2576310213277253,
    1.2576310213277253,
    1.2576310213277253,
    1.2576310213277253,
    1.2576310213277253,
    1.2576310213277253,
    1.3838431749024285,
    1.3838431749024285,
    1.3838431749024285,
    1.3838431749024285,
    1.3838431749024285,
    1.3838431749024285,
    1.7850934362659945,
    1.7850934362659945
  ],
  "x_hist": [
    [
      37.5287639642604,
      26.91773629614788
    ],
    [
      47.829233999999445,
      82.35014112354563
    ],
    [
      24.43649077494007,
      62.13278598136728
    ],
    [
      35.48393890674565,
      94.94361745496738
    ],
    [
      41.744879999999405,
      100.4720072707649
    ],
    [
      32.13036654481498,
      89.6343673225596
    ],
    [
      16.28216201918641,
      83.86135661828055
    ],
    [
      37.36426499999942,
      87.78778327994611
    ],
    [
      32.476458372216044,
      74.63865922449735
    ],
    [
      34.87819799999964,
      76.08489822384199
    ],
    [
      42.03630598607403,
      84.26997486831613
    ],
    [
      26.332529999999636,
      50.75139652211307
    ],
    [
      34.88452499999944,
      72.97514525247436
    ],
    [
      38.28112499999941,
      76.69191621993401
    ],
    [
      38.67794999999997,
      75.22449383515101
    ],
    [
      35.8096057903139,
      69.02752086755608
    ],
    [
      45.64222666408809,
      111.9064932186795
    ],
    [
      38.273022000000154,
      71.34598861519042
    ],
    [
      37.891744377059425,
      70.10171806912226
    ],
    [
      36.67684199999985,
      69.27108846175109
    ],
    [
      36.948791999999415,
      67.37938143506399
    ],
    [
      37.56434179481704,
      65.99228961397372
    ],
    [
      41.399022581511126,
      69.4806678788119
    ],
    [
      43.90227600000007,
      69.88064291018797
    ],
    [
      40.8942870000001,
      63.7287142778469
    ],
    [
      37.44668562154183,
      60.29897548252391
    ],
    [
      48.23260800000003,
      72.10088596806122
    ],
    [
      42.665291999999894,
      64.17156140276876
    ],
    [
      41.97390332198082,
      63.405687949962356
    ],
    [
      38.33438834999996,
      58.44592514647611
    ]
  ],
  "y_hist": [
    -0.1210537299887212,
    0.2941824249672388,
    0.5362524252996946,
    0.7767360613858838,
    0.3554578868261881,
    1.1448719221909869,
    0.4429218703790188,
    1.2510330310450783,
    0.7812640900758421,
    1.2576310213277253,
    0.6291299043423599,
    0.8733275313562716,
    0.5782423065883675,
    0.5468605286204314,
    0.6783487522052433,
    1.148416293076204,
    0.21059112897277193,
    1.237749401233652,
    0.6490115244364324,
    0.8125835052870658,
    0.9760379280554485,
    1.1413191622544319,
    1.3838431749024285,
    0.7767360613858838,
    1.3808138290256795,
    0.902801921858531,
    0.396909367434709,
    0.8986265634710048,
    1.7850934362659945,
    1.2142163713903342
  ],
  "eval_count": 30,
  "evals_to_f_best": 29,
  "total_time": 0.812947541999165,
  "deviation_from_optimum": 0.24128122450114087,
  "optimum": 2.0263746607671353,
  "optimum_x": [
    35.701885123808836,
    55.18621527479079
  ],
  "success": false
}