{
  "identifier": "Preprocessed-NO2-2015-181",
  "best_x": [
    41.97390332198082,
    63.405687949962356
  ],
  "best_y": 2.4151786362690095,
  "best_so_far": [
    0.46540978719812554,
    0.46540978719812554,
    1.4833637724513253,
    1.4833637724513253,
    1.4833637724513253,
    1.4833637724513253,
    1.4833637724513253,
    1.6720714579039873,
    1.6720714579039873,
    1.6720714579039873,
    1.6720714579039873,
    2.0633911596692527,
    2.0633911596692527,
    2.0633911596692527,
    2.0633911596692527,
    2.0633911596692527,
    2.0633911596692527,
    2.0633911596692527,
    2.0633911596692527,
    2.0633911596692527,
    2.4151786362690095,
    2.4151786362690095,
    2.4151786362690095,
    2.4151786362690095,
    2.4151786362690095,
    2.4151786362690095,
    2.4151786362690095,
    2.4151786362690095,
    2.4151786362690095,
    2.4151786362690095
  ],
  "x_hist": [
    [
      37.5287639642604,
      26.91773629614788
    ],
    [
      47.829233999999445,
      82.35014112354563
    ],
    [
      31.884638999999517,
      58.65023680944083
    ],
    [
      35.48393890674565,
      94.94361745496738
    ],
    [
      36.948791999999415,
      67.37938143506399
    ],
    [
      41.744879999999405,
      100.4720072707649
    ],
    [
      42.04819271644504,
      19.95986456313124
    ],
    [
      43.15324799999988,
      49.80644729813726
    ],
    [
      35.701885123808836,
      55.18621527479079
    ],
    [
      30.148598999999777,
      49.256194251109285
    ],
    [
      26.332529999999636,
      50.75139652211307
    ],
    [
      42.834122999999536,
      61.13498131873914
    ],
    [
      37.36426499999942,
      87.78778327994611
    ],
    [
      37.56434179481704,
      65.99228961397372
    ],
    [
      37.52987700000009,
      53.68122940266476
    ],
    [
      39.229832009999384,
      57.71476613835181
    ],
    [
      45.875855999999494,
      61.971246146563196
    ],
    [
      42.665291999999894,
      64.17156140276876
    ],
    [
      39.633383609999676,
      58.71193055086302
    ],
    [
      38.33438834999996,
      58.44592514647611
    ],
    [
      41.97390332198082,
      63.405687949962356
    ],
    [
      40.8942870000001,
      63.7287142778469
    ],
    [
      43.90227600000007,
      69.88064291018797
    ],
    [
      48.23260800000003,
      72.10088596806122
    ],
    [
      41.057581189908134,
      61.99112505500065
    ],
    [
      42.231532428987144,
      67.14015513235218
    ],
    [
      50.751419999999946,
      65.22174826892642
    ],
    [
      52.36791299999944,
      61.25684396703845
    ],
    [
      41.399022581511126,
      69.4806678788119
    ],
    [
      37.891744377059425,
      70.10171806912226
    ]
  ],
  "y_hist": [
    0.46540978719812554,
    0.09374641364798453,
    1.4833637724513253,
    -0.1713726441320268,
    0.43155029801914585,
    -0.5256332753602087,
    0.3674184311641557,
    1.6720714579039873,
    0.6975931231399027,
    0.6241180787431883,
    0.6539410538995897,
    2.0633911596692527,
    0.972061659842954,
    0.43724685275926545,
    0.3851824298783897,
    1.0267931530969379,
    0.5309201270723722,
    1.1448719221909869,
    1.1625106724281613,
    1.721209736787358,
    2.4151786362690095,
    2.0919832693426175,
    -0.1376399802137754,
    0.7492772400807753,
    1.968054973488068,
    0.4085453975843075,
    0.2625804077835235,
    0.6539410538995897,
    0.583409404194896,
    -0.09651301379362355
  ],
  "eval_count": 30,
  "evals_to_f_best": 21,
  "total_time": 0.8030014590185601,
  "deviation_from_optimum": 0.0,
  "optimum": 2.4151786362690095,
  "optimum_x": [
    41.97390332198082,
    63.405687949962356
  ],
  "success": true
}