{
  "identifier": "Preprocessed-NO2-2015-148",
  "best_x": [
    41.97390332198082,
    63.405687949962356
  ],
  "best_y": 1.8815339704113674,
  "best_so_far": [
    -0.9902069515690378,
    -0.3524401238504811,
    0.020510407451066973,
    0.020510407451066973,
    0.020510407451066973,
    0.5093994663631725,
    0.5093994663631725,
    0.7071235702194644,
    0.7071235702194644,
    1.6992963494668674,
    1.6992963494668674,
    1.6992963494668674,
    1.6992963494668674,
    1.6992963494668674,
    1.6992963494668674,
    1.6992963494668674,
    1.6992963494668674,
    1.6992963494668674,
    1.6992963494668674,
    1.7090751486933318,
    1.7090751486933318,
    1.7090751486933318,
    1.8815339704113674,
    1.8815339704113674,
    1.8815339704113674,
    1.8815339704113674,
    1.8815339704113674,
    1.8815339704113674,
    1.8815339704113674,
    1.8815339704113674
  ],
  "x_hist": [
    [
      37.5287639642604,
      26.91773629614788
    ],
    [
      42.03630598607403,
      84.26997486831613
    ],
    [
      37.44668562154183,
      60.29897548252391
    ],
    [
      35.48393890674565,
      94.94361745496738
    ],
    [
      41.744879999999405,
      100.4720072707649
    ],
    [
      42.231532428987144,
      67.14015513235218
    ],
    [
      30.148598999999777,
      49.256194251109285
    ],
    [
      42.349365925427506,
      51.68134232422675
    ],
    [
      42.04819271644504,
      19.95986456313124
    ],
    [
      35.701885123808836,
      55.18621527479079
    ],
    [
      37.52987700000009,
      53.68122940266476
    ],
    [
      43.15324799999988,
      49.80644729813726
    ],
    [
      32.13036654481498,
      89.6343673225596
    ],
    [
      26.332529999999636,
      50.75139652211307
    ],
    [
      32.476458372216044,
      74.63865922449735
    ],
    [
      39.229832009999384,
      57.71476613835181
    ],
    [
      38.33438834999996,
      58.44592514647611
    ],
    [
      34.88452499999944,
      72.97514525247436
    ],
    [
      39.633383609999676,
      58.71193055086302
    ],
    [
      41.057581189908134,
      61.99112505500065
    ],
    [
      42.834122999999536,
      61.13498131873914
    ],
    [
      40.8942870000001,
      63.7287142778469
    ],
    [
      41.97390332198082,
      63.405687949962356
    ],
    [
      37.56434179481704,
      65.99228961397372
    ],
    [
      36.948791999999415,
      67.37938143506399
    ],
    [
      42.665291999999894,
      64.17156140276876
    ],
    [
      45.875855999999494,
      61.971246146563196
    ],
    [
      35.8096057903139,
      69.02752086755608
    ],
    [
      36.67684199999985,
      69.27108846175109
    ],
    [
      37.891744377059425,
      70.10171806912226
    ]
  ],
  "y_hist": [
    -0.9902069515690378,
    -0.3524401238504811,
    0.020510407451066973,
    -0.22343706701290258,
    -0.5918663889551277,
    0.5093994663631725,
    0.1906213394538769,
    0.7071235702194644,
    -0.28655316720482793,
    1.6992963494668674,
    -1.263878969085209,
    1.2740002170556248,
    0.9760379280554485,
    0.3851824298783897,
    0.05757501585055113,
    0.5201983645404009,
    0.6039017412048809,
    -1.6210644903451776,
    0.050234950503268566,
    1.7090751486933318,
    0.935793148185787,
    0.9760379280554485,
    1.8815339704113674,
    -0.5583845463880237,
    0.5362524252996946,
    0.952020769721415,
    0.9152587599264133,
    0.30042376606945126,
    -0.37180865545128106,
    -0.3620931498670632
  ],
  "eval_count": 30,
  "evals_to_f_best": 23,
  "total_time": 0.8084950000047684,
  "deviation_from_optimum": 0.0,
  "optimum": 1.8815339704113674,
  "optimum_x": [
    41.97390332198082,
    63.405687949962356
  ],
  "success": true
}