{
  "identifier": "Preprocessed-NO2-2015-222",
  "best_x": [
    41.057581189908134,
    61.99112505500065
  ],
  "best_y": 1.5899427838316782,
  "best_so_far": [
    -0.536471159067533,
    -0.3144370719240541,
    0.09374641364798453,
    0.09374641364798453,
    0.6975931231399027,
    0.6975931231399027,
    0.6975931231399027,
    1.2074243219172078,
    1.2074243219172078,
    1.2074243219172078,
    1.2074243219172078,
    1.2074243219172078,
    1.2074243219172078,
    1.2074243219172078,
    1.2074243219172078,
    1.3501792887510307,
    1.5899427838316782,
    1.5899427838316782,
    1.5899427838316782,
    1.5899427838316782,
    1.5899427838316782,
    1.5899427838316782,
    1.5899427838316782,
    1.5899427838316782,
    1.5899427838316782,
    1.5899427838316782,
    1.5899427838316782,
    1.5899427838316782,
    1.5899427838316782,
    1.5899427838316782
  ],
  "x_hist": [
    [
      37.5287639642604,
      26.91773629614788
    ],
    [
      47.829233999999445,
      82.35014112354563
    ],
    [
      31.884638999999517,
      58.65023680944083
    ],
    [
      35.48393890674565,
      94.94361745496738
    ],
    [
      38.33438834999996,
      58.44592514647611
    ],
    [
      33.36529397954962,
      85.15777905758739
    ],
    [
      41.744879999999405,
      100.4720072707649
    ],
    [
      35.701885123808836,
      55.18621527479079
    ],
    [
      39.229832009999384,
      57.71476613835181
    ],
    [
      30.148598999999777,
      49.256194251109285
    ],
    [
      26.332529999999636,
      50.75139652211307
    ],
    [
      37.52987700000009,
      53.68122940266476
    ],
    [
      39.633383609999676,
      58.71193055086302
    ],
    [
      32.476458372216044,
      74.63865922449735
    ],
    [
      36.67684199999985,
      69.27108846175109
    ],
    [
      43.15324799999988,
      49.80644729813726
    ],
    [
      41.057581189908134,
      61.99112505500065
    ],
    [
      45.875855999999494,
      61.971246146563196
    ],
    [
      41.97390332198082,
      63.405687949962356
    ],
    [
      42.665291999999894,
      64.17156140276876
    ],
    [
      42.04819271644504,
      19.95986456313124
    ],
    [
      43.90227600000007,
      69.88064291018797
    ],
    [
      40.8942870000001,
      63.7287142778469
    ],
    [
      42.231532428987144,
      67.14015513235218
    ],
    [
      41.399022581511126,
      69.4806678788119
    ],
    [
      37.56434179481704,
      65.99228961397372
    ],
    [
      36.948791999999415,
      67.37938143506399
    ],
    [
      50.751419999999946,
      65.22174826892642
    ],
    [
      52.36791299999944,
      61.25684396703845
    ],
    [
      37.891744377059425,
      70.10171806912226
    ]
  ],
  "y_hist": [
    -0.536471159067533,
    -0.3144370719240541,
    0.09374641364798453,
    -0.5041894767726118,
    0.6975931231399027,
    -1.2289694800400743,
    -1.8375889769313665,
    1.2074243219172078,
    -0.04860340314627779,
    0.020510407451066973,
    0.050234950503268566,
    -1.1288630344231978,
    0.43155029801914585,
    -0.4314604931687447,
    -1.3548789739963605,
    1.3501792887510307,
    1.5899427838316782,
    0.2625804077835235,
    0.7023659105392768,
    0.2689542618297598,
    -0.3620931498670632,
    -0.536471159067533,
    0.7992408363451698,
    -0.637703244311553,
    0.10087726018212535,
    -1.5130293616612027,
    -0.8232527828168875,
    -0.5041894767726118,
    -1.451753899802253,
    -1.3178143655968764
  ],
  "eval_count": 30,
  "evals_to_f_best": 17,
  "total_time": 0.8347240830189548,
  "deviation_from_optimum": 0.0,
  "optimum": 1.5899427838316782,
  "optimum_x": [
    41.057581189908134,
    61.99112505500065
  ],
  "success": true
}