{
  "identifier": "Preprocessed-NO2-2015-180",
  "best_x": [
    41.97390332198082,
    63.405687949962356
  ],
  "best_y": 1.9985030838584266,
  "best_so_far": [
    -0.11282883065654499,
    -0.11282883065654499,
    0.3554578868261881,
    0.3554578868261881,
    0.3554578868261881,
    0.3554578868261881,
    0.6039017412048809,
    0.6039017412048809,
    0.6039017412048809,
    1.98437079035099,
    1.98437079035099,
    1.98437079035099,
    1.98437079035099,
    1.98437079035099,
    1.98437079035099,
    1.98437079035099,
    1.98437079035099,
    1.98437079035099,
    1.98437079035099,
    1.98437079035099,
    1.9985030838584266,
    1.9985030838584266,
    1.9985030838584266,
    1.9985030838584266,
    1.9985030838584266,
    1.9985030838584266,
    1.9985030838584266,
    1.9985030838584266,
    1.9985030838584266,
    1.9985030838584266
  ],
  "x_hist": [
    [
      37.5287639642604,
      26.91773629614788
    ],
    [
      47.829233999999445,
      82.35014112354563
    ],
    [
      31.884638999999517,
      58.65023680944083
    ],
    [
      35.48393890674565,
      94.94361745496738
    ],
    [
      42.04819271644504,
      19.95986456313124
    ],
    [
      24.43649077494007,
      62.13278598136728
    ],
    [
      26.332529999999636,
      50.75139652211307
    ],
    [
      30.148598999999777,
      49.256194251109285
    ],
    [
      35.8096057903139,
      69.02752086755608
    ],
    [
      35.701885123808836,
      55.18621527479079
    ],
    [
      41.057581189908134,
      61.99112505500065
    ],
    [
      39.229832009999384,
      57.71476613835181
    ],
    [
      43.15324799999988,
      49.80644729813726
    ],
    [
      37.52987700000009,
      53.68122940266476
    ],
    [
      38.33438834999996,
      58.44592514647611
    ],
    [
      39.633383609999676,
      58.71193055086302
    ],
    [
      37.56434179481704,
      65.99228961397372
    ],
    [
      42.834122999999536,
      61.13498131873914
    ],
    [
      40.8942870000001,
      63.7287142778469
    ],
    [
      36.948791999999415,
      67.37938143506399
    ],
    [
      41.97390332198082,
      63.405687949962356
    ],
    [
      42.665291999999894,
      64.17156140276876
    ],
    [
      36.67684199999985,
      69.27108846175109
    ],
    [
      45.875855999999494,
      61.971246146563196
    ],
    [
      42.231532428987144,
      67.14015513235218
    ],
    [
      37.891744377059425,
      70.10171806912226
    ],
    [
      41.399022581511126,
      69.4806678788119
    ],
    [
      38.273022000000154,
      71.34598861519042
    ],
    [
      34.88452499999944,
      72.97514525247436
    ],
    [
      52.36791299999944,
      61.25684396703845
    ]
  ],
  "y_hist": [
    -0.11282883065654499,
    -0.1376399802137754,
    0.3554578868261881,
    -0.06440397401685785,
    0.21059112897277193,
    -0.08842113235089138,
    0.6039017412048809,
    0.49852231461821545,
    0.37336315328062836,
    1.98437079035099,
    1.6943829559718961,
    0.6490115244364324,
    1.6670679853629629,
    -0.42135243899515085,
    1.322063246437335,
    0.6783487522052433,
    -0.46219959548393896,
    1.4748431798135795,
    1.469135795095412,
    0.16357483524309432,
    1.9985030838584266,
    0.7721943321343866,
    -0.10464875388651942,
    0.8037015836769549,
    0.24329482721324636,
    -0.4314604931687447,
    0.964077383717481,
    1.2040167373154,
    -0.46219959548393896,
    0.2302987254886017
  ],
  "eval_count": 30,
  "evals_to_f_best": 21,
  "total_time": 0.8003455829748418,
  "deviation_from_optimum": 0.0,
  "optimum": 1.9985030838584266,
  "optimum_x": [
    41.97390332198082,
    63.405687949962356
  ],
  "success": true
}