{
  "identifier": "Preprocessed-NO2-2015-280",
  "best_x": [
    41.057581189908134,
    61.99112505500065
  ],
  "best_y": 1.541690902948854,
  "best_so_far": [
    -0.5148730832433084,
    -0.5148730832433084,
    -0.3428487789324037,
    0.1220687703558549,
    0.1220687703558549,
    1.2142163713903342,
    1.2142163713903342,
    1.2142163713903342,
    1.2142163713903342,
    1.2142163713903342,
    1.2142163713903342,
    1.2142163713903342,
    1.2142163713903342,
    1.2142163713903342,
    1.2142163713903342,
    1.2142163713903342,
    1.2142163713903342,
    1.2142163713903342,
    1.2142163713903342,
    1.2142163713903342,
    1.2142163713903342,
    1.2142163713903342,
    1.2142163713903342,
    1.2142163713903342,
    1.2142163713903342,
    1.525255990161288,
    1.541690902948854,
    1.541690902948854,
    1.541690902948854,
    1.541690902948854
  ],
  "x_hist": [
    [
      37.5287639642604,
      26.91773629614788
    ],
    [
      47.829233999999445,
      82.35014112354563
    ],
    [
      24.43649077494007,
      62.13278598136728
    ],
    [
      35.48393890674565,
      94.94361745496738
    ],
    [
      16.28216201918641,
      83.86135661828055
    ],
    [
      32.13036654481498,
      89.6343673225596
    ],
    [
      41.744879999999405,
      100.4720072707649
    ],
    [
      35.8096057903139,
      69.02752086755608
    ],
    [
      33.36529397954962,
      85.15777905758739
    ],
    [
      37.36426499999942,
      87.78778327994611
    ],
    [
      32.476458372216044,
      74.63865922449735
    ],
    [
      45.64222666408809,
      111.9064932186795
    ],
    [
      34.87819799999964,
      76.08489822384199
    ],
    [
      42.03630598607403,
      84.26997486831613
    ],
    [
      38.28112499999941,
      76.69191621993401
    ],
    [
      34.88452499999944,
      72.97514525247436
    ],
    [
      38.273022000000154,
      71.34598861519042
    ],
    [
      37.891744377059425,
      70.10171806912226
    ],
    [
      36.67684199999985,
      69.27108846175109
    ],
    [
      43.90227600000007,
      69.88064291018797
    ],
    [
      37.56434179481704,
      65.99228961397372
    ],
    [
      48.23260800000003,
      72.10088596806122
    ],
    [
      42.231532428987144,
      67.14015513235218
    ],
    [
      40.8942870000001,
      63.7287142778469
    ],
    [
      42.665291999999894,
      64.17156140276876
    ],
    [
      41.97390332198082,
      63.405687949962356
    ],
    [
      41.057581189908134,
      61.99112505500065
    ],
    [
      37.44668562154183,
      60.29897548252391
    ],
    [
      42.834122999999536,
      61.13498131873914
    ],
    [
      38.33438834999996,
      58.44592514647611
    ]
  ],
  "y_hist": [
    -0.5148730832433084,
    -0.5148730832433084,
    -0.3428487789324037,
    0.1220687703558549,
    -0.20588083913053945,
    1.2142163713903342,
    -0.3144370719240541,
    0.6734988598682657,
    -0.23229278811206575,
    0.7353571368665328,
    0.3373364549938343,
    -0.27737246352457,
    0.22375823421469399,
    0.11503812343941795,
    0.2816213443650285,
    -0.42135243899515085,
    1.0980169179228576,
    -0.025210092696396947,
    -0.00981467186537667,
    0.12906664024458164,
    -0.22343706701290258,
    -0.4416370770463908,
    0.45981931379943486,
    1.030627230206929,
    0.952020769721415,
    1.525255990161288,
    1.541690902948854,
    0.09374641364798453,
    0.6637518102134274,
    0.6341250516225128
  ],
  "eval_count": 30,
  "evals_to_f_best": 27,
  "total_time": 0.8115029579785187,
  "deviation_from_optimum": 0.0,
  "optimum": 1.541690902948854,
  "optimum_x": [
    41.057581189908134,
    61.99112505500065
  ],
  "success": true
}