{
  "identifier": "Preprocessed-NO2-2015-300",
  "best_x": [
    40.8942870000001,
    63.7287142778469
  ],
  "best_y": 1.8815339704113674,
  "best_so_far": [
    0.55213659863054,
    0.55213659863054,
    0.55213659863054,
    0.55213659863054,
    0.55213659863054,
    0.55213659863054,
    0.740011529347584,
    0.740011529347584,
    0.740011529347584,
    0.8944395583225451,
    0.9918384989260279,
    0.9918384989260279,
    0.9918384989260279,
    1.270740627560908,
    1.270740627560908,
    1.3777783570661408,
    1.7139407619405729,
    1.7139407619405729,
    1.8815339704113674,
    1.8815339704113674,
    1.8815339704113674,
    1.8815339704113674,
    1.8815339704113674,
    1.8815339704113674,
    1.8815339704113674,
    1.8815339704113674,
    1.8815339704113674,
    1.8815339704113674,
    1.8815339704113674,
    1.8815339704113674
  ],
  "x_hist": [
    [
      37.5287639642604,
      26.91773629614788
    ],
    [
      47.829233999999445,
      82.35014112354563
    ],
    [
      24.43649077494007,
      62.13278598136728
    ],
    [
      35.48393890674565,
      94.94361745496738
    ],
    [
      42.04819271644504,
      19.95986456313124
    ],
    [
      49.543184999999745,
      44.872801955437204
    ],
    [
      30.148598999999777,
      49.256194251109285
    ],
    [
      26.332529999999636,
      50.75139652211307
    ],
    [
      37.52987700000009,
      53.68122940266476
    ],
    [
      43.15324799999988,
      49.80644729813726
    ],
    [
      42.349365925427506,
      51.68134232422675
    ],
    [
      35.701885123808836,
      55.18621527479079
    ],
    [
      39.229832009999384,
      57.71476613835181
    ],
    [
      38.33438834999996,
      58.44592514647611
    ],
    [
      37.44668562154183,
      60.29897548252391
    ],
    [
      39.633383609999676,
      58.71193055086302
    ],
    [
      41.057581189908134,
      61.99112505500065
    ],
    [
      42.834122999999536,
      61.13498131873914
    ],
    [
      40.8942870000001,
      63.7287142778469
    ],
    [
      41.97390332198082,
      63.405687949962356
    ],
    [
      45.875855999999494,
      61.971246146563196
    ],
    [
      37.56434179481704,
      65.99228961397372
    ],
    [
      36.948791999999415,
      67.37938143506399
    ],
    [
      42.665291999999894,
      64.17156140276876
    ],
    [
      35.8096057903139,
      69.02752086755608
    ],
    [
      36.67684199999985,
      69.27108846175109
    ],
    [
      42.231532428987144,
      67.14015513235218
    ],
    [
      37.891744377059425,
      70.10171806912226
    ],
    [
      41.399022581511126,
      69.4806678788119
    ],
    [
      34.88452499999944,
      72.97514525247436
    ]
  ],
  "y_hist": [
    0.55213659863054,
    0.2302987254886017,
    -1.0350174544940545,
    -0.30508476520577366,
    0.4429218703790188,
    0.46540978719812554,
    0.740011529347584,
    0.5255688188289981,
    0.30042376606945126,
    0.8944395583225451,
    0.9918384989260279,
    0.32513280750974444,
    0.4930540376326917,
    1.270740627560908,
    0.2941824249672388,
    1.3777783570661408,
    1.7139407619405729,
    1.1764739393747028,
    1.8815339704113674,
    1.541690902948854,
    0.24329482721324636,
    0.7857785006138405,
    0.6341250516225128,
    0.45981931379943486,
    0.6140439444695442,
    0.10087726018212535,
    0.46540978719812554,
    -0.06440397401685785,
    0.6588544473945614,
    0.5201983645404009
  ],
  "eval_count": 30,
  "evals_to_f_best": 19,
  "total_time": 0.8135489999840502,
  "deviation_from_optimum": 0.0,
  "optimum": 1.8815339704113674,
  "optimum_x": [
    40.8942870000001,
    63.7287142778469
  ],
  "success": true
}