{
  "identifier": "Preprocessed-NO2-2015-362",
  "best_x": [
    41.057581189908134,
    61.99112505500065
  ],
  "best_y": 1.0980169179228576,
  "best_so_far": [
    -0.758820557707278,
    -0.056482898260752916,
    0.16357483524309432,
    0.16357483524309432,
    0.16357483524309432,
    0.16357483524309432,
    0.16357483524309432,
    0.16357483524309432,
    0.16357483524309432,
    0.16357483524309432,
    0.16357483524309432,
    0.16357483524309432,
    0.16357483524309432,
    0.5309201270723722,
    0.5309201270723722,
    0.6831830248941215,
    0.6831830248941215,
    0.6831830248941215,
    0.7538887348674779,
    0.7538887348674779,
    0.9560504107252771,
    0.9560504107252771,
    1.0980169179228576,
    1.0980169179228576,
    1.0980169179228576,
    1.0980169179228576,
    1.0980169179228576,
    1.0980169179228576,
    1.0980169179228576,
    1.0980169179228576
  ],
  "x_hist": [
    [
      37.5287639642604,
      26.91773629614788
    ],
    [
      47.829233999999445,
      82.35014112354563
    ],
    [
      31.884638999999517,
      58.65023680944083
    ],
    [
      35.48393890674565,
      94.94361745496738
    ],
    [
      41.744879999999405,
      100.4720072707649
    ],
    [
      33.36529397954962,
      85.15777905758739
    ],
    [
      24.43649077494007,
      62.13278598136728
    ],
    [
      37.44668562154183,
      60.29897548252391
    ],
    [
      42.04819271644504,
      19.95986456313124
    ],
    [
      37.56434179481704,
      65.99228961397372
    ],
    [
      30.148598999999777,
      49.256194251109285
    ],
    [
      26.332529999999636,
      50.75139652211307
    ],
    [
      35.701885123808836,
      55.18621527479079
    ],
    [
      38.33438834999996,
      58.44592514647611
    ],
    [
      37.52987700000009,
      53.68122940266476
    ],
    [
      39.229832009999384,
      57.71476613835181
    ],
    [
      36.948791999999415,
      67.37938143506399
    ],
    [
      32.476458372216044,
      74.63865922449735
    ],
    [
      39.633383609999676,
      58.71193055086302
    ],
    [
      42.349365925427506,
      51.68134232422675
    ],
    [
      43.15324799999988,
      49.80644729813726
    ],
    [
      45.55373399999962,
      52.16115606191214
    ],
    [
      41.057581189908134,
      61.99112505500065
    ],
    [
      42.834122999999536,
      61.13498131873914
    ],
    [
      40.8942870000001,
      63.7287142778469
    ],
    [
      41.97390332198082,
      63.405687949962356
    ],
    [
      42.665291999999894,
      64.17156140276876
    ],
    [
      49.543184999999745,
      44.872801955437204
    ],
    [
      36.67684199999985,
      69.27108846175109
    ],
    [
      45.875855999999494,
      61.971246146563196
    ]
  ],
  "y_hist": [
    -0.758820557707278,
    -0.056482898260752916,
    0.16357483524309432,
    -0.9466954884243219,
    -1.6665540434389587,
    -0.7971470748590601,
    -0.8632828983497581,
    -0.8768670668292121,
    -0.49358137345187497,
    -0.5694623853947889,
    0.14296526151086786,
    -0.16286814335125438,
    -0.28655316720482793,
    0.5309201270723722,
    -0.614609860006585,
    0.6831830248941215,
    -0.8232527828168875,
    -1.0969248003330587,
    0.7538887348674779,
    0.5626334272284822,
    0.9560504107252771,
    0.14296526151086786,
    1.0980169179228576,
    0.7767360613858838,
    1.053428281877625,
    0.0428588158939921,
    -0.28655316720482793,
    -0.4314604931687447,
    -0.9610596207417734,
    0.43155029801914585
  ],
  "eval_count": 30,
  "evals_to_f_best": 23,
  "total_time": 0.8319229999906383,
  "deviation_from_optimum": 0.0,
  "optimum": 1.0980169179228576,
  "optimum_x": [
    41.057581189908134,
    61.99112505500065
  ],
  "success": true
}