{
  "identifier": "Preprocessed-NO2-2015-365",
  "best_x": [
    35.701885123808836,
    55.18621527479079
  ],
  "best_y": 1.3747367341967036,
  "best_so_far": [
    -0.890575293358446,
    -0.1376399802137754,
    0.09374641364798453,
    0.09374641364798453,
    1.3747367341967036,
    1.3747367341967036,
    1.3747367341967036,
    1.3747367341967036,
    1.3747367341967036,
    1.3747367341967036,
    1.3747367341967036,
    1.3747367341967036,
    1.3747367341967036,
    1.3747367341967036,
    1.3747367341967036,
    1.3747367341967036,
    1.3747367341967036,
    1.3747367341967036,
    1.3747367341967036,
    1.3747367341967036,
    1.3747367341967036,
    1.3747367341967036,
    1.3747367341967036,
    1.3747367341967036,
    1.3747367341967036,
    1.3747367341967036,
    1.3747367341967036,
    1.3747367341967036,
    1.3747367341967036,
    1.3747367341967036
  ],
  "x_hist": [
    [
      37.5287639642604,
      26.91773629614788
    ],
    [
      47.829233999999445,
      82.35014112354563
    ],
    [
      31.884638999999517,
      58.65023680944083
    ],
    [
      35.48393890674565,
      94.94361745496738
    ],
    [
      35.701885123808836,
      55.18621527479079
    ],
    [
      42.349365925427506,
      51.68134232422675
    ],
    [
      42.03630598607403,
      84.26997486831613
    ],
    [
      37.44668562154183,
      60.29897548252391
    ],
    [
      30.148598999999777,
      49.256194251109285
    ],
    [
      39.633383609999676,
      58.71193055086302
    ],
    [
      43.15324799999988,
      49.80644729813726
    ],
    [
      37.52987700000009,
      53.68122940266476
    ],
    [
      41.399022581511126,
      69.4806678788119
    ],
    [
      45.55373399999962,
      52.16115606191214
    ],
    [
      26.332529999999636,
      50.75139652211307
    ],
    [
      39.229832009999384,
      57.71476613835181
    ],
    [
      38.33438834999996,
      58.44592514647611
    ],
    [
      41.057581189908134,
      61.99112505500065
    ],
    [
      42.834122999999536,
      61.13498131873914
    ],
    [
      40.8942870000001,
      63.7287142778469
    ],
    [
      37.56434179481704,
      65.99228961397372
    ],
    [
      41.97390332198082,
      63.405687949962356
    ],
    [
      42.665291999999894,
      64.17156140276876
    ],
    [
      45.875855999999494,
      61.971246146563196
    ],
    [
      36.948791999999415,
      67.37938143506399
    ],
    [
      24.43649077494007,
      62.13278598136728
    ],
    [
      49.543184999999745,
      44.872801955437204
    ],
    [
      36.67684199999985,
      69.27108846175109
    ],
    [
      38.273022000000154,
      71.34598861519042
    ],
    [
      52.36791299999944,
      61.25684396703845
    ]
  ],
  "y_hist": [
    -0.890575293358446,
    -0.1376399802137754,
    0.09374641364798453,
    -0.8632828983497581,
    1.3747367341967036,
    -0.11282883065654499,
    -0.8364778936765329,
    -1.3548789739963605,
    -0.38158745467774496,
    0.7353571368665328,
    0.7023659105392768,
    -1.4318722797081804,
    -0.1971791314425059,
    0.11503812343941795,
    -0.10464875388651942,
    0.2625804077835235,
    0.7353571368665328,
    1.057195010008471,
    0.9479802817569499,
    0.6686332466210254,
    -1.1288630344231978,
    0.10797439100389772,
    0.10797439100389772,
    0.45981931379943486,
    -0.8768670668292121,
    -1.4923250282703198,
    -0.3428487789324037,
    -1.0199314946212388,
    0.5255688188289981,
    -0.9466954884243219
  ],
  "eval_count": 30,
  "evals_to_f_best": 5,
  "total_time": 0.8403474999940954,
  "deviation_from_optimum": 0.0,
  "optimum": 1.3747367341967036,
  "optimum_x": [
    35.701885123808836,
    55.18621527479079
  ],
  "success": true
}