{
  "identifier": "Preprocessed-NO2-2015-265",
  "best_x": [
    41.97390332198082,
    63.405687949962356
  ],
  "best_y": 1.6869825776011014,
  "best_so_far": [
    -0.2501625274041636,
    0.020510407451066973,
    0.8170048350594039,
    0.8170048350594039,
    0.8170048350594039,
    0.964077383717481,
    0.964077383717481,
    0.964077383717481,
    0.964077383717481,
    0.964077383717481,
    0.9800036909235719,
    0.9800036909235719,
    1.3747367341967036,
    1.3747367341967036,
    1.3747367341967036,
    1.3747367341967036,
    1.3747367341967036,
    1.3747367341967036,
    1.3747367341967036,
    1.3747367341967036,
    1.4634066264133159,
    1.4634066264133159,
    1.4634066264133159,
    1.4634066264133159,
    1.6869825776011014,
    1.6869825776011014,
    1.6869825776011014,
    1.6869825776011014,
    1.6869825776011014,
    1.6869825776011014
  ],
  "x_hist": [
    [
      37.5287639642604,
      26.91773629614788
    ],
    [
      47.829233999999445,
      82.35014112354563
    ],
    [
      31.884638999999517,
      58.65023680944083
    ],
    [
      35.48393890674565,
      94.94361745496738
    ],
    [
      30.148598999999777,
      49.256194251109285
    ],
    [
      35.8096057903139,
      69.02752086755608
    ],
    [
      26.332529999999636,
      50.75139652211307
    ],
    [
      42.04819271644504,
      19.95986456313124
    ],
    [
      24.43649077494007,
      62.13278598136728
    ],
    [
      37.52987700000009,
      53.68122940266476
    ],
    [
      37.56434179481704,
      65.99228961397372
    ],
    [
      32.476458372216044,
      74.63865922449735
    ],
    [
      35.701885123808836,
      55.18621527479079
    ],
    [
      34.88452499999944,
      72.97514525247436
    ],
    [
      34.87819799999964,
      76.08489822384199
    ],
    [
      37.44668562154183,
      60.29897548252391
    ],
    [
      43.15324799999988,
      49.80644729813726
    ],
    [
      38.33438834999996,
      58.44592514647611
    ],
    [
      39.229832009999384,
      57.71476613835181
    ],
    [
      39.633383609999676,
      58.71193055086302
    ],
    [
      41.057581189908134,
      61.99112505500065
    ],
    [
      40.8942870000001,
      63.7287142778469
    ],
    [
      37.891744377059425,
      70.10171806912226
    ],
    [
      38.273022000000154,
      71.34598861519042
    ],
    [
      41.97390332198082,
      63.405687949962356
    ],
    [
      42.665291999999894,
      64.17156140276876
    ],
    [
      42.231532428987144,
      67.14015513235218
    ],
    [
      45.875855999999494,
      61.971246146563196
    ],
    [
      41.399022581511126,
      69.4806678788119
    ],
    [
      43.90227600000007,
      69.88064291018797
    ]
  ],
  "y_hist": [
    -0.2501625274041636,
    0.020510407451066973,
    0.8170048350594039,
    0.1567363706932789,
    0.794766793174556,
    0.964077383717481,
    0.306639263035121,
    -0.002175773076444545,
    0.07214833782375932,
    0.12906664024458164,
    0.9800036909235719,
    0.6975931231399027,
    1.3747367341967036,
    0.6341250516225128,
    1.0647002275066306,
    0.6291299043423599,
    1.1903085107861668,
    1.0229492575969463,
    0.3312470333667223,
    1.057195010008471,
    1.4634066264133159,
    1.134188315720291,
    0.37336315328062836,
    0.902801921858531,
    1.6869825776011014,
    0.6686332466210254,
    0.6831830248941215,
    0.8037015836769549,
    0.9317086820670495,
    0.3494416848948279
  ],
  "eval_count": 30,
  "evals_to_f_best": 25,
  "total_time": 0.8426544160174672,
  "deviation_from_optimum": 0.0,
  "optimum": 1.6869825776011014,
  "optimum_x": [
    41.97390332198082,
    63.405687949962356
  ],
  "success": true
}