{
  "identifier": "Preprocessed-NO2-2015-234",
  "best_x": [
    40.8942870000001,
    63.7287142778469
  ],
  "best_y": 1.8126362342066924,
  "best_so_far": [
    -0.16286814335125438,
    -0.1376399802137754,
    0.16357483524309432,
    0.16357483524309432,
    0.18390526394342624,
    0.18390526394342624,
    0.18390526394342624,
    0.18390526394342624,
    0.18390526394342624,
    0.4200919189235251,
    0.4200919189235251,
    1.3093961639020655,
    1.3093961639020655,
    1.3093961639020655,
    1.3093961639020655,
    1.6186842086606732,
    1.6186842086606732,
    1.6186842086606732,
    1.6186842086606732,
    1.8126362342066924,
    1.8126362342066924,
    1.8126362342066924,
    1.8126362342066924,
    1.8126362342066924,
    1.8126362342066924,
    1.8126362342066924,
    1.8126362342066924,
    1.8126362342066924,
    1.8126362342066924,
    1.8126362342066924
  ],
  "x_hist": [
    [
      37.5287639642604,
      26.91773629614788
    ],
    [
      47.829233999999445,
      82.35014112354563
    ],
    [
      37.44668562154183,
      60.29897548252391
    ],
    [
      35.48393890674565,
      94.94361745496738
    ],
    [
      30.148598999999777,
      49.256194251109285
    ],
    [
      24.43649077494007,
      62.13278598136728
    ],
    [
      41.744879999999405,
      100.4720072707649
    ],
    [
      37.52987700000009,
      53.68122940266476
    ],
    [
      42.04819271644504,
      19.95986456313124
    ],
    [
      35.701885123808836,
      55.18621527479079
    ],
    [
      37.56434179481704,
      65.99228961397372
    ],
    [
      38.33438834999996,
      58.44592514647611
    ],
    [
      43.15324799999988,
      49.80644729813726
    ],
    [
      39.229832009999384,
      57.71476613835181
    ],
    [
      39.633383609999676,
      58.71193055086302
    ],
    [
      41.057581189908134,
      61.99112505500065
    ],
    [
      45.875855999999494,
      61.971246146563196
    ],
    [
      26.332529999999636,
      50.75139652211307
    ],
    [
      41.97390332198082,
      63.405687949962356
    ],
    [
      40.8942870000001,
      63.7287142778469
    ],
    [
      52.36791299999944,
      61.25684396703845
    ],
    [
      42.665291999999894,
      64.17156140276876
    ],
    [
      42.231532428987144,
      67.14015513235218
    ],
    [
      36.948791999999415,
      67.37938143506399
    ],
    [
      50.751419999999946,
      65.22174826892642
    ],
    [
      41.399022581511126,
      69.4806678788119
    ],
    [
      35.8096057903139,
      69.02752086755608
    ],
    [
      43.90227600000007,
      69.88064291018797
    ],
    [
      36.67684199999985,
      69.27108846175109
    ],
    [
      37.891744377059425,
      70.10171806912226
    ]
  ],
  "y_hist": [
    -0.16286814335125438,
    -0.1376399802137754,
    0.16357483524309432,
    -0.8498205626184295,
    0.18390526394342624,
    -0.7462594771050677,
    -0.7338026390371855,
    0.08658152953127377,
    -0.10464875388651942,
    0.4200919189235251,
    0.3128291290126751,
    1.3093961639020655,
    1.1971782727655853,
    0.794766793174556,
    1.2576310213277253,
    1.6186842086606732,
    0.6190894630771556,
    0.14296526151086786,
    1.057195010008471,
    1.8126362342066924,
    -0.11282883065654499,
    0.8519143241045386,
    0.17038228624168394,
    0.17715900372254825,
    0.1360320373023964,
    0.4820573556842821,
    0.5678544424834099,
    -0.17992560386818662,
    -0.01749264447536001,
    -0.2957903678786178
  ],
  "eval_count": 30,
  "evals_to_f_best": 20,
  "total_time": 0.8364252499886788,
  "deviation_from_optimum": 0.0,
  "optimum": 1.8126362342066924,
  "optimum_x": [
    40.8942870000001,
    63.7287142778469
  ],
  "success": true
}