{
  "identifier": "Preprocessed-NO2-2015-161",
  "best_x": [
    39.633383609999676,
    58.71193055086302
  ],
  "best_y": 1.7546738062032468,
  "best_so_far": [
    -0.25917781199646434,
    -0.25917781199646434,
    0.902801921858531,
    0.902801921858531,
    0.902801921858531,
    0.902801921858531,
    0.902801921858531,
    0.902801921858531,
    0.902801921858531,
    0.902801921858531,
    0.902801921858531,
    0.902801921858531,
    0.902801921858531,
    0.902801921858531,
    0.902801921858531,
    0.902801921858531,
    0.902801921858531,
    1.7546738062032468,
    1.7546738062032468,
    1.7546738062032468,
    1.7546738062032468,
    1.7546738062032468,
    1.7546738062032468,
    1.7546738062032468,
    1.7546738062032468,
    1.7546738062032468,
    1.7546738062032468,
    1.7546738062032468,
    1.7546738062032468,
    1.7546738062032468
  ],
  "x_hist": [
    [
      37.5287639642604,
      26.91773629614788
    ],
    [
      47.829233999999445,
      82.35014112354563
    ],
    [
      31.884638999999517,
      58.65023680944083
    ],
    [
      35.48393890674565,
      94.94361745496738
    ],
    [
      37.44668562154183,
      60.29897548252391
    ],
    [
      35.8096057903139,
      69.02752086755608
    ],
    [
      35.701885123808836,
      55.18621527479079
    ],
    [
      37.56434179481704,
      65.99228961397372
    ],
    [
      36.948791999999415,
      67.37938143506399
    ],
    [
      33.36529397954962,
      85.15777905758739
    ],
    [
      30.148598999999777,
      49.256194251109285
    ],
    [
      32.476458372216044,
      74.63865922449735
    ],
    [
      34.88452499999944,
      72.97514525247436
    ],
    [
      34.87819799999964,
      76.08489822384199
    ],
    [
      37.52987700000009,
      53.68122940266476
    ],
    [
      36.67684199999985,
      69.27108846175109
    ],
    [
      38.33438834999996,
      58.44592514647611
    ],
    [
      39.633383609999676,
      58.71193055086302
    ],
    [
      37.891744377059425,
      70.10171806912226
    ],
    [
      24.43649077494007,
      62.13278598136728
    ],
    [
      39.229832009999384,
      57.71476613835181
    ],
    [
      26.332529999999636,
      50.75139652211307
    ],
    [
      41.057581189908134,
      61.99112505500065
    ],
    [
      40.8942870000001,
      63.7287142778469
    ],
    [
      41.97390332198082,
      63.405687949962356
    ],
    [
      42.834122999999536,
      61.13498131873914
    ],
    [
      42.665291999999894,
      64.17156140276876
    ],
    [
      42.231532428987144,
      67.14015513235218
    ],
    [
      38.273022000000154,
      71.34598861519042
    ],
    [
      41.399022581511126,
      69.4806678788119
    ]
  ],
  "y_hist": [
    -0.25917781199646434,
    -1.0199314946212388,
    0.902801921858531,
    -2.1532508757362105,
    0.2302987254886017,
    0.6241180787431883,
    0.4485755131171788,
    0.40273865776075346,
    0.24329482721324636,
    0.07214833782375932,
    -0.603195049313041,
    0.5039707430047735,
    0.4875657669025717,
    -0.056482898260752916,
    -0.7338026390371855,
    0.2561793730408118,
    0.6831830248941215,
    1.7546738062032468,
    -0.21463328592559464,
    -1.944851766842216,
    0.8647988699321041,
    -0.20588083913053945,
    1.5579478167922376,
    1.3777783570661408,
    1.2740002170556248,
    1.7404233158870197,
    0.3494416848948279,
    0.4429218703790188,
    -0.7462594771050677,
    -0.5256332753602087
  ],
  "eval_count": 30,
  "evals_to_f_best": 18,
  "total_time": 0.8044337080209516,
  "deviation_from_optimum": 0.0,
  "optimum": 1.7546738062032468,
  "optimum_x": [
    39.633383609999676,
    58.71193055086302
  ],
  "success": true
}