{
  "identifier": "Preprocessed-NO2-2015-318",
  "best_x": [
    35.701885123808836,
    55.18621527479079
  ],
  "best_y": 1.4946498434584867,
  "best_so_far": [
    -0.5148730832433084,
    -0.056482898260752916,
    1.169508542316888,
    1.169508542316888,
    1.169508542316888,
    1.4946498434584867,
    1.4946498434584867,
    1.4946498434584867,
    1.4946498434584867,
    1.4946498434584867,
    1.4946498434584867,
    1.4946498434584867,
    1.4946498434584867,
    1.4946498434584867,
    1.4946498434584867,
    1.4946498434584867,
    1.4946498434584867,
    1.4946498434584867,
    1.4946498434584867,
    1.4946498434584867,
    1.4946498434584867,
    1.4946498434584867,
    1.4946498434584867,
    1.4946498434584867,
    1.4946498434584867,
    1.4946498434584867,
    1.4946498434584867,
    1.4946498434584867,
    1.4946498434584867,
    1.4946498434584867
  ],
  "x_hist": [
    [
      37.5287639642604,
      26.91773629614788
    ],
    [
      47.829233999999445,
      82.35014112354563
    ],
    [
      31.884638999999517,
      58.65023680944083
    ],
    [
      16.28216201918641,
      83.86135661828055
    ],
    [
      24.43649077494007,
      62.13278598136728
    ],
    [
      35.701885123808836,
      55.18621527479079
    ],
    [
      30.148598999999777,
      49.256194251109285
    ],
    [
      43.15324799999988,
      49.80644729813726
    ],
    [
      37.52987700000009,
      53.68122940266476
    ],
    [
      49.543184999999745,
      44.872801955437204
    ],
    [
      35.8096057903139,
      69.02752086755608
    ],
    [
      25.737688052718163,
      63.56346858408983
    ],
    [
      26.332529999999636,
      50.75139652211307
    ],
    [
      37.56434179481704,
      65.99228961397372
    ],
    [
      37.44668562154183,
      60.29897548252391
    ],
    [
      38.33438834999996,
      58.44592514647611
    ],
    [
      39.229832009999384,
      57.71476613835181
    ],
    [
      39.633383609999676,
      58.71193055086302
    ],
    [
      42.349365925427506,
      51.68134232422675
    ],
    [
      36.948791999999415,
      67.37938143506399
    ],
    [
      41.057581189908134,
      61.99112505500065
    ],
    [
      40.8942870000001,
      63.7287142778469
    ],
    [
      42.834122999999536,
      61.13498131873914
    ],
    [
      41.97390332198082,
      63.405687949962356
    ],
    [
      36.67684199999985,
      69.27108846175109
    ],
    [
      42.665291999999894,
      64.17156140276876
    ],
    [
      37.891744377059425,
      70.10171806912226
    ],
    [
      42.231532428987144,
      67.14015513235218
    ],
    [
      45.875855999999494,
      61.971246146563196
    ],
    [
      38.273022000000154,
      71.34598861519042
    ]
  ],
  "y_hist": [
    -0.5148730832433084,
    -0.056482898260752916,
    1.169508542316888,
    -0.37180865545128106,
    -1.0812069564801887,
    1.4946498434584867,
    0.035446255780935305,
    1.1729952811029338,
    -0.7462594771050677,
    0.17038228624168394,
    -0.37180865545128106,
    -0.1713726441320268,
    0.2753011650384508,
    -0.8101431765837047,
    -0.6261121413666523,
    1.0684388106907279,
    0.6341250516225128,
    0.8944395583225451,
    0.3851824298783897,
    -0.26824756993791987,
    1.322063246437335,
    1.130610148656517,
    1.2772527435123175,
    0.7721943321343866,
    -0.5918663889551277,
    0.6686332466210254,
    -1.0049956462913712,
    -0.3524401238504811,
    0.8125835052870658,
    0.6783487522052433
  ],
  "eval_count": 30,
  "evals_to_f_best": 6,
  "total_time": 0.8092741250002291,
  "deviation_from_optimum": 0.0,
  "optimum": 1.4946498434584867,
  "optimum_x": [
    35.701885123808836,
    55.18621527479079
  ],
  "success": true
}