{
  "identifier": "Preprocessed-NO2-2015-226",
  "best_x": [
    41.057581189908134,
    61.99112505500065
  ],
  "best_y": 1.4776887548315718,
  "best_so_far": [
    -0.3524401238504811,
    0.2302987254886017,
    0.8170048350594039,
    0.8170048350594039,
    0.8170048350594039,
    0.8170048350594039,
    0.8170048350594039,
    1.4197263268281255,
    1.4197263268281255,
    1.4197263268281255,
    1.4197263268281255,
    1.4776887548315718,
    1.4776887548315718,
    1.4776887548315718,
    1.4776887548315718,
    1.4776887548315718,
    1.4776887548315718,
    1.4776887548315718,
    1.4776887548315718,
    1.4776887548315718,
    1.4776887548315718,
    1.4776887548315718,
    1.4776887548315718,
    1.4776887548315718,
    1.4776887548315718,
    1.4776887548315718,
    1.4776887548315718,
    1.4776887548315718,
    1.4776887548315718,
    1.4776887548315718
  ],
  "x_hist": [
    [
      37.5287639642604,
      26.91773629614788
    ],
    [
      47.829233999999445,
      82.35014112354563
    ],
    [
      31.884638999999517,
      58.65023680944083
    ],
    [
      35.48393890674565,
      94.94361745496738
    ],
    [
      34.87819799999964,
      76.08489822384199
    ],
    [
      42.04819271644504,
      19.95986456313124
    ],
    [
      24.43649077494007,
      62.13278598136728
    ],
    [
      35.701885123808836,
      55.18621527479079
    ],
    [
      43.15324799999988,
      49.80644729813726
    ],
    [
      37.52987700000009,
      53.68122940266476
    ],
    [
      43.90227600000007,
      69.88064291018797
    ],
    [
      41.057581189908134,
      61.99112505500065
    ],
    [
      48.23260800000003,
      72.10088596806122
    ],
    [
      40.8942870000001,
      63.7287142778469
    ],
    [
      32.13036654481498,
      89.6343673225596
    ],
    [
      32.476458372216044,
      74.63865922449735
    ],
    [
      38.28112499999941,
      76.69191621993401
    ],
    [
      39.229832009999384,
      57.71476613835181
    ],
    [
      42.231532428987144,
      67.14015513235218
    ],
    [
      39.633383609999676,
      58.71193055086302
    ],
    [
      38.33438834999996,
      58.44592514647611
    ],
    [
      41.97390332198082,
      63.405687949962356
    ],
    [
      37.56434179481704,
      65.99228961397372
    ],
    [
      45.875855999999494,
      61.971246146563196
    ],
    [
      42.665291999999894,
      64.17156140276876
    ],
    [
      36.948791999999415,
      67.37938143506399
    ],
    [
      41.399022581511126,
      69.4806678788119
    ],
    [
      36.67684199999985,
      69.27108846175109
    ],
    [
      35.8096057903139,
      69.02752086755608
    ],
    [
      37.891744377059425,
      70.10171806912226
    ]
  ],
  "y_hist": [
    -0.3524401238504811,
    0.2302987254886017,
    0.8170048350594039,
    -0.25917781199646434,
    0.1567363706932789,
    -0.1544115555051119,
    -0.08037263922087588,
    1.4197263268281255,
    1.4108356372283628,
    -0.11282883065654499,
    0.07938228133053304,
    1.4776887548315718,
    0.21059112897277193,
    1.270740627560908,
    0.5988048250259156,
    0.3910573507731312,
    -0.20588083913053945,
    0.43724685275926545,
    0.1906213394538769,
    0.6686332466210254,
    1.0152318093759094,
    1.2674739442858538,
    0.1220687703558549,
    0.6341250516225128,
    0.7260048301482523,
    -0.1713726441320268,
    0.877573758721052,
    -0.032967424547850586,
    0.2625804077835235,
    -0.41131199772994653
  ],
  "eval_count": 30,
  "evals_to_f_best": 12,
  "total_time": 0.8394858750107232,
  "deviation_from_optimum": 0.0,
  "optimum": 1.4776887548315718,
  "optimum_x": [
    41.057581189908134,
    61.99112505500065
  ],
  "success": true
}