{
  "identifier": "Preprocessed-NO2-2015-70",
  "best_x": [
    40.8942870000001,
    63.7287142778469
  ],
  "best_y": 2.3322444238577202,
  "best_so_far": [
    0.6975931231399027,
    0.6975931231399027,
    0.6975931231399027,
    0.6975931231399027,
    1.0943513718461966,
    1.0943513718461966,
    1.0943513718461966,
    1.6820286444825485,
    1.6820286444825485,
    1.6820286444825485,
    1.6820286444825485,
    1.6820286444825485,
    1.6820286444825485,
    1.6820286444825485,
    1.8352086952468618,
    1.8352086952468618,
    1.8352086952468618,
    1.8352086952468618,
    1.8352086952468618,
    1.8352086952468618,
    2.3322444238577202,
    2.3322444238577202,
    2.3322444238577202,
    2.3322444238577202,
    2.3322444238577202,
    2.3322444238577202,
    2.3322444238577202,
    2.3322444238577202,
    2.3322444238577202,
    2.3322444238577202
  ],
  "x_hist": [
    [
      37.5287639642604,
      26.91773629614788
    ],
    [
      42.03630598607403,
      84.26997486831613
    ],
    [
      24.43649077494007,
      62.13278598136728
    ],
    [
      35.48393890674565,
      94.94361745496738
    ],
    [
      39.633383609999676,
      58.71193055086302
    ],
    [
      38.28112499999941,
      76.69191621993401
    ],
    [
      42.04819271644504,
      19.95986456313124
    ],
    [
      43.15324799999988,
      49.80644729813726
    ],
    [
      30.148598999999777,
      49.256194251109285
    ],
    [
      42.349365925427506,
      51.68134232422675
    ],
    [
      37.52987700000009,
      53.68122940266476
    ],
    [
      35.701885123808836,
      55.18621527479079
    ],
    [
      38.33438834999996,
      58.44592514647611
    ],
    [
      38.273022000000154,
      71.34598861519042
    ],
    [
      42.834122999999536,
      61.13498131873914
    ],
    [
      37.44668562154183,
      60.29897548252391
    ],
    [
      45.875855999999494,
      61.971246146563196
    ],
    [
      52.36791299999944,
      61.25684396703845
    ],
    [
      42.665291999999894,
      64.17156140276876
    ],
    [
      41.97390332198082,
      63.405687949962356
    ],
    [
      40.8942870000001,
      63.7287142778469
    ],
    [
      50.751419999999946,
      65.22174826892642
    ],
    [
      42.231532428987144,
      67.14015513235218
    ],
    [
      52.47880277699992,
      66.40439581530941
    ],
    [
      36.948791999999415,
      67.37938143506399
    ],
    [
      41.399022581511126,
      69.4806678788119
    ],
    [
      35.8096057903139,
      69.02752086755608
    ],
    [
      36.67684199999985,
      69.27108846175109
    ],
    [
      37.891744377059425,
      70.10171806912226
    ],
    [
      48.23260800000003,
      72.10088596806122
    ]
  ],
  "y_hist": [
    0.6975931231399027,
    0.5362524252996946,
    0.2625804077835235,
    0.027996908618421364,
    1.0943513718461966,
    0.47652865561276964,
    0.5730573605954337,
    1.6820286444825485,
    1.090676852575575,
    1.2040167373154,
    0.40273865776075346,
    1.166013685388973,
    1.4890174151894846,
    1.270740627560908,
    1.8352086952468618,
    0.4143297607056542,
    1.237749401233652,
    0.6975931231399027,
    0.9839590038115535,
    1.5925785007028463,
    2.3322444238577202,
    0.6975931231399027,
    0.6341250516225128,
    0.952020769721415,
    1.2543356514587063,
    0.9760379280554485,
    0.6140439444695442,
    0.4485755131171788,
    0.1220687703558549,
    0.877573758721052
  ],
  "eval_count": 30,
  "evals_to_f_best": 21,
  "total_time": 0.8141695419908501,
  "deviation_from_optimum": 0.0,
  "optimum": 2.3322444238577202,
  "optimum_x": [
    40.8942870000001,
    63.7287142778469
  ],
  "success": true
}