{
  "identifier": "Preprocessed-NO2-2015-282",
  "best_x": [
    40.8942870000001,
    63.7287142778469
  ],
  "best_y": 2.202952574500467,
  "best_so_far": [
    0.7812640900758421,
    0.7812640900758421,
    0.7812640900758421,
    0.7812640900758421,
    1.2176009057948547,
    1.2837367292855522,
    1.726036237320246,
    1.726036237320246,
    1.726036237320246,
    1.726036237320246,
    1.726036237320246,
    1.726036237320246,
    1.726036237320246,
    1.726036237320246,
    1.726036237320246,
    1.726036237320246,
    1.726036237320246,
    1.726036237320246,
    1.7546738062032468,
    1.7546738062032468,
    1.7546738062032468,
    2.07489344102932,
    2.07489344102932,
    2.07489344102932,
    2.07489344102932,
    2.07489344102932,
    2.202952574500467,
    2.202952574500467,
    2.202952574500467,
    2.202952574500467
  ],
  "x_hist": [
    [
      37.5287639642604,
      26.91773629614788
    ],
    [
      47.829233999999445,
      82.35014112354563
    ],
    [
      24.43649077494007,
      62.13278598136728
    ],
    [
      35.48393890674565,
      94.94361745496738
    ],
    [
      35.701885123808836,
      55.18621527479079
    ],
    [
      45.875855999999494,
      61.971246146563196
    ],
    [
      43.15324799999988,
      49.80644729813726
    ],
    [
      42.349365925427506,
      51.68134232422675
    ],
    [
      41.744879999999405,
      100.4720072707649
    ],
    [
      37.52987700000009,
      53.68122940266476
    ],
    [
      42.04819271644504,
      19.95986456313124
    ],
    [
      34.87819799999964,
      76.08489822384199
    ],
    [
      34.88452499999944,
      72.97514525247436
    ],
    [
      50.751419999999946,
      65.22174826892642
    ],
    [
      30.148598999999777,
      49.256194251109285
    ],
    [
      42.834122999999536,
      61.13498131873914
    ],
    [
      26.332529999999636,
      50.75139652211307
    ],
    [
      39.229832009999384,
      57.71476613835181
    ],
    [
      39.633383609999676,
      58.71193055086302
    ],
    [
      38.33438834999996,
      58.44592514647611
    ],
    [
      52.36791299999944,
      61.25684396703845
    ],
    [
      41.057581189908134,
      61.99112505500065
    ],
    [
      42.665291999999894,
      64.17156140276876
    ],
    [
      43.90227600000007,
      69.88064291018797
    ],
    [
      41.97390332198082,
      63.405687949962356
    ],
    [
      37.44668562154183,
      60.29897548252391
    ],
    [
      40.8942870000001,
      63.7287142778469
    ],
    [
      42.231532428987144,
      67.14015513235218
    ],
    [
      37.56434179481704,
      65.99228961397372
    ],
    [
      48.23260800000003,
      72.10088596806122
    ]
  ],
  "y_hist": [
    0.7812640900758421,
    0.6291299043423599,
    -0.27737246352457,
    0.24329482721324636,
    1.2176009057948547,
    1.2837367292855522,
    1.726036237320246,
    1.4285646666273453,
    -0.3620931498670632,
    0.6539410538995897,
    0.8519143241045386,
    1.328356925982428,
    1.2277089599684485,
    0.4429218703790188,
    1.4314992528454376,
    1.6264282002433512,
    0.9152587599264133,
    1.130610148656517,
    1.7546738062032468,
    1.6745669536948198,
    1.1903085107861668,
    2.07489344102932,
    1.3747367341967036,
    0.9152587599264133,
    1.905240772004411,
    0.902801921858531,
    2.202952574500467,
    1.0980169179228576,
    1.3655747095820503,
    0.740011529347584
  ],
  "eval_count": 30,
  "evals_to_f_best": 27,
  "total_time": 0.8466521659865975,
  "deviation_from_optimum": 0.0,
  "optimum": 2.202952574500467,
  "optimum_x": [
    40.8942870000001,
    63.7287142778469
  ],
  "success": true
}