{
  "identifier": "Preprocessed-NO2-2015-294",
  "best_x": [
    41.057581189908134,
    61.99112505500065
  ],
  "best_y": 1.8945113455311937,
  "best_so_far": [
    -0.025210092696396947,
    0.7260048301482523,
    0.902801921858531,
    0.902801921858531,
    1.8750029650140727,
    1.8750029650140727,
    1.8750029650140727,
    1.8750029650140727,
    1.8750029650140727,
    1.8750029650140727,
    1.8750029650140727,
    1.8750029650140727,
    1.8750029650140727,
    1.8750029650140727,
    1.8750029650140727,
    1.8750029650140727,
    1.8750029650140727,
    1.8750029650140727,
    1.8945113455311937,
    1.8945113455311937,
    1.8945113455311937,
    1.8945113455311937,
    1.8945113455311937,
    1.8945113455311937,
    1.8945113455311937,
    1.8945113455311937,
    1.8945113455311937,
    1.8945113455311937,
    1.8945113455311937,
    1.8945113455311937
  ],
  "x_hist": [
    [
      37.5287639642604,
      26.91773629614788
    ],
    [
      47.829233999999445,
      82.35014112354563
    ],
    [
      31.884638999999517,
      58.65023680944083
    ],
    [
      35.48393890674565,
      94.94361745496738
    ],
    [
      35.701885123808836,
      55.18621527479079
    ],
    [
      42.03630598607403,
      84.26997486831613
    ],
    [
      26.332529999999636,
      50.75139652211307
    ],
    [
      30.148598999999777,
      49.256194251109285
    ],
    [
      32.476458372216044,
      74.63865922449735
    ],
    [
      24.43649077494007,
      62.13278598136728
    ],
    [
      37.52987700000009,
      53.68122940266476
    ],
    [
      42.349365925427506,
      51.68134232422675
    ],
    [
      37.44668562154183,
      60.29897548252391
    ],
    [
      38.33438834999996,
      58.44592514647611
    ],
    [
      39.229832009999384,
      57.71476613835181
    ],
    [
      39.633383609999676,
      58.71193055086302
    ],
    [
      43.15324799999988,
      49.80644729813726
    ],
    [
      37.56434179481704,
      65.99228961397372
    ],
    [
      41.057581189908134,
      61.99112505500065
    ],
    [
      36.948791999999415,
      67.37938143506399
    ],
    [
      35.8096057903139,
      69.02752086755608
    ],
    [
      40.8942870000001,
      63.7287142778469
    ],
    [
      36.67684199999985,
      69.27108846175109
    ],
    [
      42.834122999999536,
      61.13498131873914
    ],
    [
      41.97390332198082,
      63.405687949962356
    ],
    [
      42.665291999999894,
      64.17156140276876
    ],
    [
      37.891744377059425,
      70.10171806912226
    ],
    [
      42.231532428987144,
      67.14015513235218
    ],
    [
      45.875855999999494,
      61.971246146563196
    ],
    [
      38.273022000000154,
      71.34598861519042
    ]
  ],
  "y_hist": [
    -0.025210092696396947,
    0.7260048301482523,
    0.902801921858531,
    0.2941824249672388,
    1.8750029650140727,
    0.396909367434709,
    0.5468605286204314,
    0.6880017782218253,
    0.3373364549938343,
    -0.391430377635874,
    -0.11282883065654499,
    1.0496520776911848,
    0.09374641364798453,
    1.3093961639020655,
    0.6783487522052433,
    0.964077383717481,
    1.6341324449021406,
    -0.11282883065654499,
    1.8945113455311937,
    0.306639263035121,
    0.43155029801914585,
    1.4748431798135795,
    0.17715900372254825,
    1.4719922000914523,
    1.425624331950696,
    0.7538887348674779,
    -0.025210092696396947,
    0.4143297607056542,
    0.8475947804834877,
    1.237749401233652
  ],
  "eval_count": 30,
  "evals_to_f_best": 19,
  "total_time": 0.8396041660162155,
  "deviation_from_optimum": 0.0,
  "optimum": 1.8945113455311937,
  "optimum_x": [
    41.057581189908134,
    61.99112505500065
  ],
  "success": true
}