{
  "identifier": "Preprocessed-NO2-2015-239",
  "best_x": [
    41.057581189908134,
    61.99112505500065
  ],
  "best_y": 1.782775226735792,
  "best_so_far": [
    -0.3144370719240541,
    0.16357483524309432,
    0.5782423065883675,
    0.5782423065883675,
    0.5782423065883675,
    0.5782423065883675,
    0.5782423065883675,
    0.5782423065883675,
    0.5782423065883675,
    1.6417973485657291,
    1.6417973485657291,
    1.6417973485657291,
    1.6417973485657291,
    1.6417973485657291,
    1.6417973485657291,
    1.6417973485657291,
    1.6417973485657291,
    1.782775226735792,
    1.782775226735792,
    1.782775226735792,
    1.782775226735792,
    1.782775226735792,
    1.782775226735792,
    1.782775226735792,
    1.782775226735792,
    1.782775226735792,
    1.782775226735792,
    1.782775226735792,
    1.782775226735792,
    1.782775226735792
  ],
  "x_hist": [
    [
      37.5287639642604,
      26.91773629614788
    ],
    [
      47.829233999999445,
      82.35014112354563
    ],
    [
      31.884638999999517,
      58.65023680944083
    ],
    [
      35.48393890674565,
      94.94361745496738
    ],
    [
      42.03630598607403,
      84.26997486831613
    ],
    [
      32.476458372216044,
      74.63865922449735
    ],
    [
      30.148598999999777,
      49.256194251109285
    ],
    [
      35.8096057903139,
      69.02752086755608
    ],
    [
      26.332529999999636,
      50.75139652211307
    ],
    [
      35.701885123808836,
      55.18621527479079
    ],
    [
      37.52987700000009,
      53.68122940266476
    ],
    [
      43.15324799999988,
      49.80644729813726
    ],
    [
      24.43649077494007,
      62.13278598136728
    ],
    [
      38.33438834999996,
      58.44592514647611
    ],
    [
      39.229832009999384,
      57.71476613835181
    ],
    [
      39.633383609999676,
      58.71193055086302
    ],
    [
      37.56434179481704,
      65.99228961397372
    ],
    [
      41.057581189908134,
      61.99112505500065
    ],
    [
      40.8942870000001,
      63.7287142778469
    ],
    [
      41.97390332198082,
      63.405687949962356
    ],
    [
      36.948791999999415,
      67.37938143506399
    ],
    [
      42.665291999999894,
      64.17156140276876
    ],
    [
      36.67684199999985,
      69.27108846175109
    ],
    [
      45.875855999999494,
      61.971246146563196
    ],
    [
      42.231532428987144,
      67.14015513235218
    ],
    [
      37.891744377059425,
      70.10171806912226
    ],
    [
      41.399022581511126,
      69.4806678788119
    ],
    [
      38.273022000000154,
      71.34598861519042
    ],
    [
      43.90227600000007,
      69.88064291018797
    ],
    [
      34.88452499999944,
      72.97514525247436
    ]
  ],
  "y_hist": [
    -0.3144370719240541,
    0.16357483524309432,
    0.5782423065883675,
    -0.7842625290314946,
    -0.1544115555051119,
    -0.3333183318528421,
    0.21059112897277193,
    0.08658152953127377,
    0.40273865776075346,
    1.6417973485657291,
    -0.5583845463880237,
    1.2477231281108612,
    -0.3428487789324037,
    1.0267931530969379,
    0.43155029801914585,
    0.6190894630771556,
    -0.42135243899515085,
    1.782775226735792,
    1.1162115694509624,
    1.299825204552487,
    -0.614609860006585,
    0.740011529347584,
    -0.08037263922087588,
    0.5362524252996946,
    -0.23229278811206575,
    -1.0350174544940545,
    0.8170048350594039,
    1.0980169179228576,
    0.07214833782375932,
    -0.06440397401685785
  ],
  "eval_count": 30,
  "evals_to_f_best": 18,
  "total_time": 0.8050216669798829,
  "deviation_from_optimum": 0.0,
  "optimum": 1.782775226735792,
  "optimum_x": [
    41.057581189908134,
    61.99112505500065
  ],
  "success": true
}