{
  "identifier": "Preprocessed-NO2-2015-138",
  "best_x": [
    35.701885123808836,
    55.18621527479079
  ],
  "best_y": 1.2837367292855522,
  "best_so_far": [
    -0.6261121413666523,
    -0.41131199772994653,
    -0.41131199772994653,
    -0.41131199772994653,
    -0.41131199772994653,
    -0.3428487789324037,
    -0.3428487789324037,
    0.4085453975843075,
    1.1377579734607814,
    1.1377579734607814,
    1.1377579734607814,
    1.1377579734607814,
    1.1377579734607814,
    1.1377579734607814,
    1.1377579734607814,
    1.2477231281108612,
    1.2477231281108612,
    1.2477231281108612,
    1.2477231281108612,
    1.2477231281108612,
    1.2477231281108612,
    1.2837367292855522,
    1.2837367292855522,
    1.2837367292855522,
    1.2837367292855522,
    1.2837367292855522,
    1.2837367292855522,
    1.2837367292855522,
    1.2837367292855522,
    1.2837367292855522
  ],
  "x_hist": [
    [
      37.5287639642604,
      26.91773629614788
    ],
    [
      47.829233999999445,
      82.35014112354563
    ],
    [
      37.44668562154183,
      60.29897548252391
    ],
    [
      35.48393890674565,
      94.94361745496738
    ],
    [
      41.744879999999405,
      100.4720072707649
    ],
    [
      52.36791299999944,
      61.25684396703845
    ],
    [
      45.64222666408809,
      111.9064932186795
    ],
    [
      39.229832009999384,
      57.71476613835181
    ],
    [
      43.15324799999988,
      49.80644729813726
    ],
    [
      48.23260800000003,
      72.10088596806122
    ],
    [
      42.349365925427506,
      51.68134232422675
    ],
    [
      37.52987700000009,
      53.68122940266476
    ],
    [
      42.04819271644504,
      19.95986456313124
    ],
    [
      30.148598999999777,
      49.256194251109285
    ],
    [
      45.875855999999494,
      61.971246146563196
    ],
    [
      42.834122999999536,
      61.13498131873914
    ],
    [
      42.231532428987144,
      67.14015513235218
    ],
    [
      50.751419999999946,
      65.22174826892642
    ],
    [
      43.90227600000007,
      69.88064291018797
    ],
    [
      39.633383609999676,
      58.71193055086302
    ],
    [
      38.33438834999996,
      58.44592514647611
    ],
    [
      35.701885123808836,
      55.18621527479079
    ],
    [
      41.97390332198082,
      63.405687949962356
    ],
    [
      42.665291999999894,
      64.17156140276876
    ],
    [
      26.332529999999636,
      50.75139652211307
    ],
    [
      40.8942870000001,
      63.7287142778469
    ],
    [
      37.56434179481704,
      65.99228961397372
    ],
    [
      36.948791999999415,
      67.37938143506399
    ],
    [
      41.399022581511126,
      69.4806678788119
    ],
    [
      36.67684199999985,
      69.27108846175109
    ]
  ],
  "y_hist": [
    -0.6261121413666523,
    -0.41131199772994653,
    -0.6261121413666523,
    -0.47258745958889653,
    -1.5130293616612027,
    -0.3428487789324037,
    -1.3548789739963605,
    0.4085453975843075,
    1.1377579734607814,
    -0.3144370719240541,
    0.5201983645404009,
    -0.9610596207417734,
    -0.2957903678786178,
    -0.17992560386818662,
    0.6783487522052433,
    1.2477231281108612,
    -0.08842113235089138,
    -0.391430377635874,
    -0.5148730832433084,
    -0.032967424547850586,
    0.8818080079955526,
    1.2837367292855522,
    1.0684388106907279,
    0.6440657526722275,
    0.1567363706932789,
    1.1971782727655853,
    -1.2118145462043333,
    -0.40133827085273743,
    0.5039707430047735,
    -0.3144370719240541
  ],
  "eval_count": 30,
  "evals_to_f_best": 22,
  "total_time": 0.810115375003079,
  "deviation_from_optimum": 0.0,
  "optimum": 1.2837367292855522,
  "optimum_x": [
    35.701885123808836,
    55.18621527479079
  ],
  "success": true
}