{
  "identifier": "Preprocessed-NO2-2015-248",
  "best_x": [
    35.701885123808836,
    55.18621527479079
  ],
  "best_y": 1.7163676668709535,
  "best_so_far": [
    -0.26824756993791987,
    -0.056482898260752916,
    0.7721943321343866,
    0.7721943321343866,
    1.1016735345239845,
    1.1016735345239845,
    1.1016735345239845,
    1.1016735345239845,
    1.1016735345239845,
    1.7163676668709535,
    1.7163676668709535,
    1.7163676668709535,
    1.7163676668709535,
    1.7163676668709535,
    1.7163676668709535,
    1.7163676668709535,
    1.7163676668709535,
    1.7163676668709535,
    1.7163676668709535,
    1.7163676668709535,
    1.7163676668709535,
    1.7163676668709535,
    1.7163676668709535,
    1.7163676668709535,
    1.7163676668709535,
    1.7163676668709535,
    1.7163676668709535,
    1.7163676668709535,
    1.7163676668709535,
    1.7163676668709535
  ],
  "x_hist": [
    [
      37.5287639642604,
      26.91773629614788
    ],
    [
      47.829233999999445,
      82.35014112354563
    ],
    [
      31.884638999999517,
      58.65023680944083
    ],
    [
      35.48393890674565,
      94.94361745496738
    ],
    [
      43.15324799999988,
      49.80644729813726
    ],
    [
      39.229832009999384,
      57.71476613835181
    ],
    [
      41.744879999999405,
      100.4720072707649
    ],
    [
      42.04819271644504,
      19.95986456313124
    ],
    [
      37.52987700000009,
      53.68122940266476
    ],
    [
      35.701885123808836,
      55.18621527479079
    ],
    [
      30.148598999999777,
      49.256194251109285
    ],
    [
      39.633383609999676,
      58.71193055086302
    ],
    [
      38.33438834999996,
      58.44592514647611
    ],
    [
      26.332529999999636,
      50.75139652211307
    ],
    [
      52.36791299999944,
      61.25684396703845
    ],
    [
      45.875855999999494,
      61.971246146563196
    ],
    [
      37.44668562154183,
      60.29897548252391
    ],
    [
      41.057581189908134,
      61.99112505500065
    ],
    [
      41.97390332198082,
      63.405687949962356
    ],
    [
      42.665291999999894,
      64.17156140276876
    ],
    [
      50.751419999999946,
      65.22174826892642
    ],
    [
      40.8942870000001,
      63.7287142778469
    ],
    [
      42.231532428987144,
      67.14015513235218
    ],
    [
      37.56434179481704,
      65.99228961397372
    ],
    [
      36.948791999999415,
      67.37938143506399
    ],
    [
      43.90227600000007,
      69.88064291018797
    ],
    [
      41.399022581511126,
      69.4806678788119
    ],
    [
      36.67684199999985,
      69.27108846175109
    ],
    [
      35.8096057903139,
      69.02752086755608
    ],
    [
      37.891744377059425,
      70.10171806912226
    ]
  ],
  "y_hist": [
    -0.26824756993791987,
    -0.056482898260752916,
    0.7721943321343866,
    -0.3333183318528421,
    1.1016735345239845,
    0.306639263035121,
    -0.6611574773164867,
    -0.10464875388651942,
    0.050234950503268566,
    1.7163676668709535,
    0.6539410538995897,
    1.3716889354390287,
    0.6291299043423599,
    0.23681084144001122,
    0.1906213394538769,
    0.4485755131171788,
    -0.056482898260752916,
    0.9957627897166645,
    0.9439288882786829,
    0.5309201270723722,
    -0.1293239457993056,
    0.7992408363451698,
    0.5782423065883675,
    0.9760379280554485,
    0.30042376606945126,
    0.4429218703790188,
    0.7538887348674779,
    0.035446255780935305,
    0.8389182223798947,
    0.2039640083957735
  ],
  "eval_count": 30,
  "evals_to_f_best": 10,
  "total_time": 0.848799625004176,
  "deviation_from_optimum": 0.0,
  "optimum": 1.7163676668709535,
  "optimum_x": [
    35.701885123808836,
    55.18621527479079
  ],
  "success": true
}