{
  "identifier": "Preprocessed-NO2-2015-142",
  "best_x": [
    41.97390332198082,
    63.405687949962356
  ],
  "best_y": 1.6992963494668674,
  "best_so_far": [
    -0.25917781199646434,
    0.2497509247894571,
    0.3554578868261881,
    0.3554578868261881,
    0.3554578868261881,
    0.6880017782218253,
    0.6880017782218253,
    0.6880017782218253,
    1.6695718064146656,
    1.6695718064146656,
    1.6695718064146656,
    1.6695718064146656,
    1.6695718064146656,
    1.6695718064146656,
    1.6695718064146656,
    1.6695718064146656,
    1.6695718064146656,
    1.6695718064146656,
    1.6695718064146656,
    1.6992963494668674,
    1.6992963494668674,
    1.6992963494668674,
    1.6992963494668674,
    1.6992963494668674,
    1.6992963494668674,
    1.6992963494668674,
    1.6992963494668674,
    1.6992963494668674,
    1.6992963494668674,
    1.6992963494668674
  ],
  "x_hist": [
    [
      37.5287639642604,
      26.91773629614788
    ],
    [
      42.03630598607403,
      84.26997486831613
    ],
    [
      37.44668562154183,
      60.29897548252391
    ],
    [
      35.48393890674565,
      94.94361745496738
    ],
    [
      37.56434179481704,
      65.99228961397372
    ],
    [
      26.332529999999636,
      50.75139652211307
    ],
    [
      42.04819271644504,
      19.95986456313124
    ],
    [
      30.148598999999777,
      49.256194251109285
    ],
    [
      35.701885123808836,
      55.18621527479079
    ],
    [
      35.8096057903139,
      69.02752086755608
    ],
    [
      38.33438834999996,
      58.44592514647611
    ],
    [
      36.948791999999415,
      67.37938143506399
    ],
    [
      37.52987700000009,
      53.68122940266476
    ],
    [
      39.229832009999384,
      57.71476613835181
    ],
    [
      39.633383609999676,
      58.71193055086302
    ],
    [
      43.15324799999988,
      49.80644729813726
    ],
    [
      42.349365925427506,
      51.68134232422675
    ],
    [
      40.8942870000001,
      63.7287142778469
    ],
    [
      42.834122999999536,
      61.13498131873914
    ],
    [
      41.97390332198082,
      63.405687949962356
    ],
    [
      45.875855999999494,
      61.971246146563196
    ],
    [
      36.67684199999985,
      69.27108846175109
    ],
    [
      42.665291999999894,
      64.17156140276876
    ],
    [
      42.231532428987144,
      67.14015513235218
    ],
    [
      37.891744377059425,
      70.10171806912226
    ],
    [
      38.273022000000154,
      71.34598861519042
    ],
    [
      41.399022581511126,
      69.4806678788119
    ],
    [
      34.88452499999944,
      72.97514525247436
    ],
    [
      32.476458372216044,
      74.63865922449735
    ],
    [
      43.90227600000007,
      69.88064291018797
    ]
  ],
  "y_hist": [
    -0.25917781199646434,
    0.2497509247894571,
    0.3554578868261881,
    0.3373364549938343,
    0.08658152953127377,
    0.6880017782218253,
    0.0428588158939921,
    0.6686332466210254,
    1.6695718064146656,
    0.7118661977745061,
    1.1234281236033907,
    0.5885587758742924,
    -0.28655316720482793,
    0.6140439444695442,
    0.583409404194896,
    1.4946498434584867,
    1.1764739393747028,
    1.2674739442858538,
    1.4167686108515336,
    1.6992963494668674,
    1.0980169179228576,
    0.2302987254886017,
    1.0458663496505578,
    0.71659388789519,
    0.1906213394538769,
    1.3030223098558293,
    0.9479802817569499,
    -0.3620931498670632,
    0.5626334272284822,
    0.3910573507731312
  ],
  "eval_count": 30,
  "evals_to_f_best": 20,
  "total_time": 0.8122672910103574,
  "deviation_from_optimum": 0.0,
  "optimum": 1.6992963494668674,
  "optimum_x": [
    41.97390332198082,
    63.405687949962356
  ],
  "success": true
}