{
  "identifier": "Preprocessed-NO2-2015-281",
  "best_x": [
    41.97390332198082,
    63.405687949962356
  ],
  "best_y": 2.0691533178871246,
  "best_so_far": [
    0.3554578868261881,
    0.4143297607056542,
    0.4200919189235251,
    0.71659388789519,
    0.71659388789519,
    0.71659388789519,
    1.2006013993858593,
    1.2243471660157326,
    1.2243471660157326,
    1.2243471660157326,
    1.2243471660157326,
    1.9985030838584266,
    1.9985030838584266,
    1.9985030838584266,
    1.9985030838584266,
    1.9985030838584266,
    1.9985030838584266,
    1.9985030838584266,
    1.9985030838584266,
    1.9985030838584266,
    1.9985030838584266,
    1.9985030838584266,
    1.9985030838584266,
    1.9985030838584266,
    1.9985030838584266,
    1.9985030838584266,
    1.9985030838584266,
    2.0691533178871246,
    2.0691533178871246,
    2.0691533178871246
  ],
  "x_hist": [
    [
      37.5287639642604,
      26.91773629614788
    ],
    [
      47.829233999999445,
      82.35014112354563
    ],
    [
      24.43649077494007,
      62.13278598136728
    ],
    [
      35.48393890674565,
      94.94361745496738
    ],
    [
      41.744879999999405,
      100.4720072707649
    ],
    [
      45.64222666408809,
      111.9064932186795
    ],
    [
      35.8096057903139,
      69.02752086755608
    ],
    [
      30.148598999999777,
      49.256194251109285
    ],
    [
      26.332529999999636,
      50.75139652211307
    ],
    [
      16.28216201918641,
      83.86135661828055
    ],
    [
      42.04819271644504,
      19.95986456313124
    ],
    [
      35.701885123808836,
      55.18621527479079
    ],
    [
      37.52987700000009,
      53.68122940266476
    ],
    [
      43.15324799999988,
      49.80644729813726
    ],
    [
      32.476458372216044,
      74.63865922449735
    ],
    [
      33.36529397954962,
      85.15777905758739
    ],
    [
      42.349365925427506,
      51.68134232422675
    ],
    [
      38.33438834999996,
      58.44592514647611
    ],
    [
      34.88452499999944,
      72.97514525247436
    ],
    [
      37.44668562154183,
      60.29897548252391
    ],
    [
      39.229832009999384,
      57.71476613835181
    ],
    [
      39.633383609999676,
      58.71193055086302
    ],
    [
      37.56434179481704,
      65.99228961397372
    ],
    [
      41.057581189908134,
      61.99112505500065
    ],
    [
      36.948791999999415,
      67.37938143506399
    ],
    [
      40.8942870000001,
      63.7287142778469
    ],
    [
      42.834122999999536,
      61.13498131873914
    ],
    [
      41.97390332198082,
      63.405687949962356
    ],
    [
      36.67684199999985,
      69.27108846175109
    ],
    [
      42.665291999999894,
      64.17156140276876
    ]
  ],
  "y_hist": [
    0.3554578868261881,
    0.4143297607056542,
    0.4200919189235251,
    0.71659388789519,
    0.3128291290126751,
    0.5148086267120978,
    1.2006013993858593,
    1.2243471660157326,
    1.0267931530969379,
    0.4258320420657214,
    0.396909367434709,
    1.9985030838584266,
    0.2561793730408118,
    1.9823409856164544,
    1.0609523095233735,
    0.43155029801914585,
    1.3314938975995092,
    1.3532710310849816,
    0.9439288882786829,
    0.6783487522052433,
    0.8081491139602407,
    1.030627230206929,
    0.5415658480955721,
    1.9536316880357945,
    0.4930540376326917,
    1.7804534314198897,
    1.2040167373154,
    2.0691533178871246,
    0.47652865561276964,
    1.2609191724179765
  ],
  "eval_count": 30,
  "evals_to_f_best": 28,
  "total_time": 0.8499721659754869,
  "deviation_from_optimum": 0.0,
  "optimum": 2.0691533178871246,
  "optimum_x": [
    41.97390332198082,
    63.405687949962356
  ],
  "success": true
}