{
  "identifier": "Preprocessed-NO2-2015-361",
  "best_x": [
    40.8942870000001,
    63.7287142778469
  ],
  "best_y": 0.5468605286204314,
  "best_so_far": [
    -0.8768670668292121,
    -0.22343706701290258,
    -0.22343706701290258,
    -0.22343706701290258,
    -0.22343706701290258,
    -0.22343706701290258,
    -0.22343706701290258,
    -0.22343706701290258,
    -0.22343706701290258,
    -0.22343706701290258,
    -0.22343706701290258,
    -0.22343706701290258,
    -0.22343706701290258,
    -0.22343706701290258,
    -0.1376399802137754,
    -0.1376399802137754,
    -0.1376399802137754,
    -0.1376399802137754,
    -0.1376399802137754,
    0.2941824249672388,
    0.2941824249672388,
    0.2941824249672388,
    0.2941824249672388,
    0.2941824249672388,
    0.2941824249672388,
    0.2941824249672388,
    0.2941824249672388,
    0.5468605286204314,
    0.5468605286204314,
    0.5468605286204314
  ],
  "x_hist": [
    [
      37.5287639642604,
      26.91773629614788
    ],
    [
      47.829233999999445,
      82.35014112354563
    ],
    [
      31.884638999999517,
      58.65023680944083
    ],
    [
      35.48393890674565,
      94.94361745496738
    ],
    [
      37.44668562154183,
      60.29897548252391
    ],
    [
      37.36426499999942,
      87.78778327994611
    ],
    [
      48.23260800000003,
      72.10088596806122
    ],
    [
      45.64222666408809,
      111.9064932186795
    ],
    [
      50.751419999999946,
      65.22174826892642
    ],
    [
      42.03630598607403,
      84.26997486831613
    ],
    [
      41.744879999999405,
      100.4720072707649
    ],
    [
      38.28112499999941,
      76.69191621993401
    ],
    [
      38.67794999999997,
      75.22449383515101
    ],
    [
      33.36529397954962,
      85.15777905758739
    ],
    [
      32.13036654481498,
      89.6343673225596
    ],
    [
      34.87819799999964,
      76.08489822384199
    ],
    [
      43.90227600000007,
      69.88064291018797
    ],
    [
      52.47880277699992,
      66.40439581530941
    ],
    [
      32.476458372216044,
      74.63865922449735
    ],
    [
      38.273022000000154,
      71.34598861519042
    ],
    [
      41.399022581511126,
      69.4806678788119
    ],
    [
      34.88452499999944,
      72.97514525247436
    ],
    [
      36.67684199999985,
      69.27108846175109
    ],
    [
      36.948791999999415,
      67.37938143506399
    ],
    [
      42.665291999999894,
      64.17156140276876
    ],
    [
      37.56434179481704,
      65.99228961397372
    ],
    [
      41.97390332198082,
      63.405687949962356
    ],
    [
      40.8942870000001,
      63.7287142778469
    ],
    [
      45.875855999999494,
      61.971246146563196
    ],
    [
      52.36791299999944,
      61.25684396703845
    ]
  ],
  "y_hist": [
    -0.8768670668292121,
    -0.22343706701290258,
    -0.22343706701290258,
    -1.3178143655968764,
    -1.786701379177374,
    -1.0049956462913712,
    -0.3620931498670632,
    -1.8902624646907356,
    -0.41131199772994653,
    -1.050256573937683,
    -2.6840788534576534,
    -1.4122505575235875,
    -1.5130293616612027,
    -1.4122505575235875,
    -0.1376399802137754,
    -1.786701379177374,
    -1.0199314946212388,
    -0.6849840152461176,
    -1.1780818822860812,
    0.2941824249672388,
    -0.16286814335125438,
    -0.7338026390371855,
    -1.050256573937683,
    -1.5130293616612027,
    -0.27737246352457,
    -1.392882025922787,
    -0.3333183318528421,
    0.5468605286204314,
    0.3189935745244685,
    -1.281642967799443
  ],
  "eval_count": 30,
  "evals_to_f_best": 28,
  "total_time": 0.8108582080167253,
  "deviation_from_optimum": 0.38484815344661805,
  "optimum": 0.9317086820670495,
  "optimum_x": [
    42.834122999999536,
    61.13498131873914
  ],
  "success": false
}