{
  "identifier": "Preprocessed-NO2-2015-242",
  "best_x": [
    39.633383609999676,
    58.71193055086302
  ],
  "best_y": 1.4197263268281255,
  "best_so_far": [
    -0.6611574773164867,
    -0.6261121413666523,
    0.902801921858531,
    0.902801921858531,
    0.902801921858531,
    0.902801921858531,
    0.902801921858531,
    0.902801921858531,
    0.902801921858531,
    0.902801921858531,
    0.902801921858531,
    0.902801921858531,
    0.902801921858531,
    0.902801921858531,
    0.902801921858531,
    1.4197263268281255,
    1.4197263268281255,
    1.4197263268281255,
    1.4197263268281255,
    1.4197263268281255,
    1.4197263268281255,
    1.4197263268281255,
    1.4197263268281255,
    1.4197263268281255,
    1.4197263268281255,
    1.4197263268281255,
    1.4197263268281255,
    1.4197263268281255,
    1.4197263268281255,
    1.4197263268281255
  ],
  "x_hist": [
    [
      37.5287639642604,
      26.91773629614788
    ],
    [
      47.829233999999445,
      82.35014112354563
    ],
    [
      31.884638999999517,
      58.65023680944083
    ],
    [
      35.48393890674565,
      94.94361745496738
    ],
    [
      30.148598999999777,
      49.256194251109285
    ],
    [
      35.701885123808836,
      55.18621527479079
    ],
    [
      38.33438834999996,
      58.44592514647611
    ],
    [
      42.03630598607403,
      84.26997486831613
    ],
    [
      37.52987700000009,
      53.68122940266476
    ],
    [
      26.332529999999636,
      50.75139652211307
    ],
    [
      37.44668562154183,
      60.29897548252391
    ],
    [
      32.476458372216044,
      74.63865922449735
    ],
    [
      35.8096057903139,
      69.02752086755608
    ],
    [
      39.229832009999384,
      57.71476613835181
    ],
    [
      36.948791999999415,
      67.37938143506399
    ],
    [
      39.633383609999676,
      58.71193055086302
    ],
    [
      43.15324799999988,
      49.80644729813726
    ],
    [
      37.56434179481704,
      65.99228961397372
    ],
    [
      24.43649077494007,
      62.13278598136728
    ],
    [
      41.057581189908134,
      61.99112505500065
    ],
    [
      40.8942870000001,
      63.7287142778469
    ],
    [
      41.97390332198082,
      63.405687949962356
    ],
    [
      42.665291999999894,
      64.17156140276876
    ],
    [
      45.875855999999494,
      61.971246146563196
    ],
    [
      42.231532428987144,
      67.14015513235218
    ],
    [
      36.67684199999985,
      69.27108846175109
    ],
    [
      37.891744377059425,
      70.10171806912226
    ],
    [
      41.399022581511126,
      69.4806678788119
    ],
    [
      38.273022000000154,
      71.34598861519042
    ],
    [
      43.90227600000007,
      69.88064291018797
    ]
  ],
  "y_hist": [
    -0.6611574773164867,
    -0.6261121413666523,
    0.902801921858531,
    -2.0603733966935454,
    0.050234950503268566,
    0.6686332466210254,
    0.5626334272284822,
    -2.1532508757362105,
    -0.2501625274041636,
    0.050234950503268566,
    -0.056482898260752916,
    0.2689542618297598,
    0.45981931379943486,
    0.3851824298783897,
    0.14296526151086786,
    1.4197263268281255,
    -0.08842113235089138,
    0.6588544473945614,
    -1.0199314946212388,
    0.9111179562730009,
    0.9600692628514306,
    0.6440657526722275,
    0.14296526151086786,
    -0.16286814335125438,
    0.17715900372254825,
    -0.16286814335125438,
    -0.45188312619801335,
    -0.002175773076444545,
    -0.7462594771050677,
    -0.27737246352457
  ],
  "eval_count": 30,
  "evals_to_f_best": 16,
  "total_time": 0.8075785420078319,
  "deviation_from_optimum": 0.0,
  "optimum": 1.4197263268281255,
  "optimum_x": [
    39.633383609999676,
    58.71193055086302
  ],
  "success": true
}