{
  "identifier": "Preprocessed-NO2-2015-326",
  "best_x": [
    31.884638999999517,
    58.65023680944083
  ],
  "best_y": 1.7187906542775497,
  "best_so_far": [
    0.43724685275926545,
    0.43724685275926545,
    1.7187906542775497,
    1.7187906542775497,
    1.7187906542775497,
    1.7187906542775497,
    1.7187906542775497,
    1.7187906542775497,
    1.7187906542775497,
    1.7187906542775497,
    1.7187906542775497,
    1.7187906542775497,
    1.7187906542775497,
    1.7187906542775497,
    1.7187906542775497,
    1.7187906542775497,
    1.7187906542775497,
    1.7187906542775497,
    1.7187906542775497,
    1.7187906542775497,
    1.7187906542775497,
    1.7187906542775497,
    1.7187906542775497,
    1.7187906542775497,
    1.7187906542775497,
    1.7187906542775497,
    1.7187906542775497,
    1.7187906542775497,
    1.7187906542775497,
    1.7187906542775497
  ],
  "x_hist": [
    [
      37.5287639642604,
      26.91773629614788
    ],
    [
      47.829233999999445,
      82.35014112354563
    ],
    [
      31.884638999999517,
      58.65023680944083
    ],
    [
      35.48393890674565,
      94.94361745496738
    ],
    [
      26.332529999999636,
      50.75139652211307
    ],
    [
      35.8096057903139,
      69.02752086755608
    ],
    [
      41.744879999999405,
      100.4720072707649
    ],
    [
      32.13036654481498,
      89.6343673225596
    ],
    [
      16.28216201918641,
      83.86135661828055
    ],
    [
      24.43649077494007,
      62.13278598136728
    ],
    [
      36.948791999999415,
      67.37938143506399
    ],
    [
      30.148598999999777,
      49.256194251109285
    ],
    [
      37.44668562154183,
      60.29897548252391
    ],
    [
      35.701885123808836,
      55.18621527479079
    ],
    [
      37.52987700000009,
      53.68122940266476
    ],
    [
      32.476458372216044,
      74.63865922449735
    ],
    [
      38.33438834999996,
      58.44592514647611
    ],
    [
      37.56434179481704,
      65.99228961397372
    ],
    [
      39.229832009999384,
      57.71476613835181
    ],
    [
      36.67684199999985,
      69.27108846175109
    ],
    [
      39.633383609999676,
      58.71193055086302
    ],
    [
      37.891744377059425,
      70.10171806912226
    ],
    [
      41.057581189908134,
      61.99112505500065
    ],
    [
      40.8942870000001,
      63.7287142778469
    ],
    [
      34.88452499999944,
      72.97514525247436
    ],
    [
      41.97390332198082,
      63.405687949962356
    ],
    [
      38.273022000000154,
      71.34598861519042
    ],
    [
      42.834122999999536,
      61.13498131873914
    ],
    [
      42.665291999999894,
      64.17156140276876
    ],
    [
      41.399022581511126,
      69.4806678788119
    ]
  ],
  "y_hist": [
    0.43724685275926545,
    0.09374641364798453,
    1.7187906542775497,
    0.4820573556842821,
    0.8389182223798947,
    0.8944395583225451,
    -0.1544115555051119,
    0.8647988699321041,
    0.46540978719812554,
    0.740011529347584,
    0.7902793746681421,
    1.0458663496505578,
    0.6783487522052433,
    1.574030546065192,
    0.43724685275926545,
    0.5936905428298341,
    0.9996768476644234,
    0.9680748304807081,
    0.7767360613858838,
    0.6440657526722275,
    1.1377579734607814,
    0.5626334272284822,
    1.1868618034796596,
    1.0869933160707101,
    0.5626334272284822,
    0.987903921647112,
    0.9439288882786829,
    0.7857785006138405,
    0.7721943321343866,
    1.1413191622544319
  ],
  "eval_count": 30,
  "evals_to_f_best": 3,
  "total_time": 0.8106430839980021,
  "deviation_from_optimum": 0.0,
  "optimum": 1.7187906542775497,
  "optimum_x": [
    31.884638999999517,
    58.65023680944083
  ],
  "success": true
}