{
  "identifier": "Preprocessed-NO2-2015-240",
  "best_x": [
    41.057581189908134,
    61.99112505500065
  ],
  "best_y": 1.8901980081595247,
  "best_so_far": [
    -0.17992560386818662,
    0.2302987254886017,
    0.6783487522052433,
    0.6783487522052433,
    0.6783487522052433,
    0.6783487522052433,
    0.6783487522052433,
    0.6783487522052433,
    0.6783487522052433,
    0.7213067343803942,
    0.7213067343803942,
    0.7213067343803942,
    0.7213067343803942,
    1.3532710310849816,
    1.3532710310849816,
    1.6519567130497388,
    1.6519567130497388,
    1.6519567130497388,
    1.6519567130497388,
    1.8901980081595247,
    1.8901980081595247,
    1.8901980081595247,
    1.8901980081595247,
    1.8901980081595247,
    1.8901980081595247,
    1.8901980081595247,
    1.8901980081595247,
    1.8901980081595247,
    1.8901980081595247,
    1.8901980081595247
  ],
  "x_hist": [
    [
      37.5287639642604,
      26.91773629614788
    ],
    [
      47.829233999999445,
      82.35014112354563
    ],
    [
      31.884638999999517,
      58.65023680944083
    ],
    [
      35.48393890674565,
      94.94361745496738
    ],
    [
      42.03630598607403,
      84.26997486831613
    ],
    [
      30.148598999999777,
      49.256194251109285
    ],
    [
      38.67794999999997,
      75.22449383515101
    ],
    [
      37.52987700000009,
      53.68122940266476
    ],
    [
      24.43649077494007,
      62.13278598136728
    ],
    [
      39.633383609999676,
      58.71193055086302
    ],
    [
      39.229832009999384,
      57.71476613835181
    ],
    [
      45.875855999999494,
      61.971246146563196
    ],
    [
      34.88452499999944,
      72.97514525247436
    ],
    [
      43.15324799999988,
      49.80644729813726
    ],
    [
      26.332529999999636,
      50.75139652211307
    ],
    [
      35.701885123808836,
      55.18621527479079
    ],
    [
      38.33438834999996,
      58.44592514647611
    ],
    [
      42.04819271644504,
      19.95986456313124
    ],
    [
      37.44668562154183,
      60.29897548252391
    ],
    [
      41.057581189908134,
      61.99112505500065
    ],
    [
      40.8942870000001,
      63.7287142778469
    ],
    [
      41.97390332198082,
      63.405687949962356
    ],
    [
      42.665291999999894,
      64.17156140276876
    ],
    [
      37.56434179481704,
      65.99228961397372
    ],
    [
      52.36791299999944,
      61.25684396703845
    ],
    [
      36.948791999999415,
      67.37938143506399
    ],
    [
      42.231532428987144,
      67.14015513235218
    ],
    [
      50.751419999999946,
      65.22174826892642
    ],
    [
      35.8096057903139,
      69.02752086755608
    ],
    [
      36.67684199999985,
      69.27108846175109
    ]
  ],
  "y_hist": [
    -0.17992560386818662,
    0.2302987254886017,
    0.6783487522052433,
    -0.5473878644396147,
    -0.11282883065654499,
    0.16357483524309432,
    -0.975562539095333,
    -0.7214483275478379,
    -0.30508476520577366,
    0.7213067343803942,
    0.5093994663631725,
    0.5988048250259156,
    -0.1293239457993056,
    1.3532710310849816,
    0.5626334272284822,
    1.6519567130497388,
    1.1448719221909869,
    0.1360320373023964,
    -0.5148730832433084,
    1.8901980081595247,
    1.2277089599684485,
    1.1625106724281613,
    0.8389182223798947,
    -0.5806225882728716,
    -0.7091948687055835,
    -0.5256332753602087,
    -0.2501625274041636,
    0.07938228133053304,
    0.17715900372254825,
    -0.16286814335125438
  ],
  "eval_count": 30,
  "evals_to_f_best": 20,
  "total_time": 0.8118326250114478,
  "deviation_from_optimum": 0.0,
  "optimum": 1.8901980081595247,
  "optimum_x": [
    41.057581189908134,
    61.99112505500065
  ],
  "success": true
}