{
  "identifier": "Preprocessed-NO2-2015-351",
  "best_x": [
    41.057581189908134,
    61.99112505500065
  ],
  "best_y": 1.7404233158870197,
  "best_so_far": [
    0.10797439100389772,
    0.47097951667751753,
    0.6291299043423599,
    0.6291299043423599,
    1.2837367292855522,
    1.2837367292855522,
    1.2837367292855522,
    1.2837367292855522,
    1.4833637724513253,
    1.4833637724513253,
    1.4833637724513253,
    1.7139407619405729,
    1.7139407619405729,
    1.7139407619405729,
    1.7139407619405729,
    1.7139407619405729,
    1.7139407619405729,
    1.7139407619405729,
    1.7139407619405729,
    1.7139407619405729,
    1.7139407619405729,
    1.7139407619405729,
    1.7139407619405729,
    1.7139407619405729,
    1.7404233158870197,
    1.7404233158870197,
    1.7404233158870197,
    1.7404233158870197,
    1.7404233158870197,
    1.7404233158870197
  ],
  "x_hist": [
    [
      37.5287639642604,
      26.91773629614788
    ],
    [
      47.829233999999445,
      82.35014112354563
    ],
    [
      31.884638999999517,
      58.65023680944083
    ],
    [
      35.48393890674565,
      94.94361745496738
    ],
    [
      38.33438834999996,
      58.44592514647611
    ],
    [
      48.23260800000003,
      72.10088596806122
    ],
    [
      39.229832009999384,
      57.71476613835181
    ],
    [
      37.56434179481704,
      65.99228961397372
    ],
    [
      43.15324799999988,
      49.80644729813726
    ],
    [
      30.148598999999777,
      49.256194251109285
    ],
    [
      42.04819271644504,
      19.95986456313124
    ],
    [
      35.701885123808836,
      55.18621527479079
    ],
    [
      49.543184999999745,
      44.872801955437204
    ],
    [
      52.36791299999944,
      61.25684396703845
    ],
    [
      16.28216201918641,
      83.86135661828055
    ],
    [
      26.332529999999636,
      50.75139652211307
    ],
    [
      24.43649077494007,
      62.13278598136728
    ],
    [
      37.52987700000009,
      53.68122940266476
    ],
    [
      42.349365925427506,
      51.68134232422675
    ],
    [
      45.55373399999962,
      52.16115606191214
    ],
    [
      35.8096057903139,
      69.02752086755608
    ],
    [
      37.44668562154183,
      60.29897548252391
    ],
    [
      39.633383609999676,
      58.71193055086302
    ],
    [
      42.834122999999536,
      61.13498131873914
    ],
    [
      41.057581189908134,
      61.99112505500065
    ],
    [
      36.948791999999415,
      67.37938143506399
    ],
    [
      40.8942870000001,
      63.7287142778469
    ],
    [
      41.97390332198082,
      63.405687949962356
    ],
    [
      42.665291999999894,
      64.17156140276876
    ],
    [
      36.67684199999985,
      69.27108846175109
    ]
  ],
  "y_hist": [
    0.10797439100389772,
    0.47097951667751753,
    0.6291299043423599,
    -0.1713726441320268,
    1.2837367292855522,
    0.583409404194896,
    0.9111179562730009,
    -0.5256332753602087,
    1.4833637724513253,
    0.2879150239101222,
    0.1973074991613457,
    1.7139407619405729,
    0.2171891192554189,
    -0.28655316720482793,
    0.21059112897277193,
    0.3674184311641557,
    -0.37180865545128106,
    -0.4416370770463908,
    0.8214131799972699,
    0.43155029801914585,
    -0.758820557707278,
    -0.41131199772994653,
    0.8301912188876749,
    1.4833637724513253,
    1.7404233158870197,
    -0.7462594771050677,
    1.2344100441890689,
    1.2510330310450783,
    0.6039017412048809,
    0.2879150239101222
  ],
  "eval_count": 30,
  "evals_to_f_best": 25,
  "total_time": 0.8143824999860954,
  "deviation_from_optimum": 0.0,
  "optimum": 1.7404233158870197,
  "optimum_x": [
    41.057581189908134,
    61.99112505500065
  ],
  "success": true
}