{
  "identifier": "Preprocessed-NO2-2015-319",
  "best_x": [
    41.057581189908134,
    61.99112505500065
  ],
  "best_y": 0.9479802817569499,
  "best_so_far": [
    -1.8375889769313665,
    -1.786701379177374,
    0.4143297607056542,
    0.4143297607056542,
    0.6039017412048809,
    0.6039017412048809,
    0.6039017412048809,
    0.6039017412048809,
    0.6039017412048809,
    0.6039017412048809,
    0.6039017412048809,
    0.6039017412048809,
    0.6039017412048809,
    0.6039017412048809,
    0.6039017412048809,
    0.6039017412048809,
    0.6039017412048809,
    0.6039017412048809,
    0.9479802817569499,
    0.9479802817569499,
    0.9479802817569499,
    0.9479802817569499,
    0.9479802817569499,
    0.9479802817569499,
    0.9479802817569499,
    0.9479802817569499,
    0.9479802817569499,
    0.9479802817569499,
    0.9479802817569499,
    0.9479802817569499
  ],
  "x_hist": [
    [
      37.5287639642604,
      26.91773629614788
    ],
    [
      47.829233999999445,
      82.35014112354563
    ],
    [
      31.884638999999517,
      58.65023680944083
    ],
    [
      16.28216201918641,
      83.86135661828055
    ],
    [
      35.701885123808836,
      55.18621527479079
    ],
    [
      39.229832009999384,
      57.71476613835181
    ],
    [
      43.15324799999988,
      49.80644729813726
    ],
    [
      37.52987700000009,
      53.68122940266476
    ],
    [
      32.476458372216044,
      74.63865922449735
    ],
    [
      30.148598999999777,
      49.256194251109285
    ],
    [
      35.8096057903139,
      69.02752086755608
    ],
    [
      26.332529999999636,
      50.75139652211307
    ],
    [
      36.948791999999415,
      67.37938143506399
    ],
    [
      37.44668562154183,
      60.29897548252391
    ],
    [
      25.737688052718163,
      63.56346858408983
    ],
    [
      38.33438834999996,
      58.44592514647611
    ],
    [
      39.633383609999676,
      58.71193055086302
    ],
    [
      42.349365925427506,
      51.68134232422675
    ],
    [
      41.057581189908134,
      61.99112505500065
    ],
    [
      42.834122999999536,
      61.13498131873914
    ],
    [
      37.56434179481704,
      65.99228961397372
    ],
    [
      40.8942870000001,
      63.7287142778469
    ],
    [
      24.43649077494007,
      62.13278598136728
    ],
    [
      41.97390332198082,
      63.405687949962356
    ],
    [
      42.665291999999894,
      64.17156140276876
    ],
    [
      45.875855999999494,
      61.971246146563196
    ],
    [
      36.67684199999985,
      69.27108846175109
    ],
    [
      42.231532428987144,
      67.14015513235218
    ],
    [
      37.891744377059425,
      70.10171806912226
    ],
    [
      41.399022581511126,
      69.4806678788119
    ]
  ],
  "y_hist": [
    -1.8375889769313665,
    -1.786701379177374,
    0.4143297607056542,
    -1.7374825313144904,
    0.6039017412048809,
    -0.16286814335125438,
    0.05757501585055113,
    -2.286764643275152,
    -1.786701379177374,
    -0.9466954884243219,
    -1.050256573937683,
    -0.6730234709081507,
    -0.614609860006585,
    -1.5553149853156145,
    -1.5340232755241812,
    0.035446255780935305,
    -0.42135243899515085,
    -1.0199314946212388,
    0.9479802817569499,
    0.5988048250259156,
    -2.218523784358388,
    -0.1544115555051119,
    -2.25225644827664,
    -0.22343706701290258,
    -0.3333183318528421,
    -0.26824756993791987,
    -2.322084869871749,
    -1.0199314946212388,
    -2.185532558031132,
    -1.0812069564801887
  ],
  "eval_count": 30,
  "evals_to_f_best": 19,
  "total_time": 0.8231824160029646,
  "deviation_from_optimum": 0.0,
  "optimum": 0.9479802817569499,
  "optimum_x": [
    41.057581189908134,
    61.99112505500065
  ],
  "success": true
}