{
  "identifier": "Preprocessed-NO2-2015-175",
  "best_x": [
    42.834122999999536,
    61.13498131873914
  ],
  "best_y": 2.020445592995878,
  "best_so_far": [
    -0.1544115555051119,
    0.4143297607056542,
    0.7721943321343866,
    0.7721943321343866,
    1.905240772004411,
    1.905240772004411,
    1.905240772004411,
    1.905240772004411,
    1.905240772004411,
    1.905240772004411,
    1.905240772004411,
    1.905240772004411,
    1.905240772004411,
    1.905240772004411,
    1.905240772004411,
    2.016479830127755,
    2.016479830127755,
    2.016479830127755,
    2.016479830127755,
    2.020445592995878,
    2.020445592995878,
    2.020445592995878,
    2.020445592995878,
    2.020445592995878,
    2.020445592995878,
    2.020445592995878,
    2.020445592995878,
    2.020445592995878,
    2.020445592995878,
    2.020445592995878
  ],
  "x_hist": [
    [
      37.5287639642604,
      26.91773629614788
    ],
    [
      47.829233999999445,
      82.35014112354563
    ],
    [
      31.884638999999517,
      58.65023680944083
    ],
    [
      35.48393890674565,
      94.94361745496738
    ],
    [
      35.701885123808836,
      55.18621527479079
    ],
    [
      43.15324799999988,
      49.80644729813726
    ],
    [
      42.04819271644504,
      19.95986456313124
    ],
    [
      41.744879999999405,
      100.4720072707649
    ],
    [
      37.52987700000009,
      53.68122940266476
    ],
    [
      39.229832009999384,
      57.71476613835181
    ],
    [
      30.148598999999777,
      49.256194251109285
    ],
    [
      26.332529999999636,
      50.75139652211307
    ],
    [
      37.56434179481704,
      65.99228961397372
    ],
    [
      38.33438834999996,
      58.44592514647611
    ],
    [
      39.633383609999676,
      58.71193055086302
    ],
    [
      41.057581189908134,
      61.99112505500065
    ],
    [
      24.43649077494007,
      62.13278598136728
    ],
    [
      40.8942870000001,
      63.7287142778469
    ],
    [
      36.948791999999415,
      67.37938143506399
    ],
    [
      42.834122999999536,
      61.13498131873914
    ],
    [
      41.97390332198082,
      63.405687949962356
    ],
    [
      42.665291999999894,
      64.17156140276876
    ],
    [
      45.875855999999494,
      61.971246146563196
    ],
    [
      35.8096057903139,
      69.02752086755608
    ],
    [
      42.231532428987144,
      67.14015513235218
    ],
    [
      36.67684199999985,
      69.27108846175109
    ],
    [
      52.36791299999944,
      61.25684396703845
    ],
    [
      37.891744377059425,
      70.10171806912226
    ],
    [
      41.399022581511126,
      69.4806678788119
    ],
    [
      38.273022000000154,
      71.34598861519042
    ]
  ],
  "y_hist": [
    -0.1544115555051119,
    0.4143297607056542,
    0.7721943321343866,
    -0.056482898260752916,
    1.905240772004411,
    1.7943306369397842,
    0.3851824298783897,
    -0.8232527828168875,
    -0.3238480141771158,
    0.7213067343803942,
    0.5730573605954337,
    0.8037015836769549,
    -0.5148730832433084,
    1.4974581518032823,
    0.6341250516225128,
    2.016479830127755,
    -0.04076505440788234,
    1.466273944138028,
    -0.06440397401685785,
    2.020445592995878,
    1.726036237320246,
    0.935793148185787,
    0.8301912188876749,
    0.30042376606945126,
    0.17715900372254825,
    0.1360320373023964,
    0.14296526151086786,
    -0.5041894767726118,
    0.9235062552494142,
    1.270740627560908
  ],
  "eval_count": 30,
  "evals_to_f_best": 20,
  "total_time": 0.8103082079906017,
  "deviation_from_optimum": 0.0,
  "optimum": 2.020445592995878,
  "optimum_x": [
    42.834122999999536,
    61.13498131873914
  ],
  "success": true
}