{
  "identifier": "Preprocessed-NO2-2015-238",
  "best_x": [
    41.057581189908134,
    61.99112505500065
  ],
  "best_y": 1.649423310975869,
  "best_so_far": [
    -0.5256332753602087,
    -0.1376399802137754,
    0.47097951667751753,
    0.47097951667751753,
    0.47097951667751753,
    0.47097951667751753,
    0.47097951667751753,
    0.47097951667751753,
    1.3408656681417577,
    1.3408656681417577,
    1.3408656681417577,
    1.3408656681417577,
    1.3408656681417577,
    1.3408656681417577,
    1.649423310975869,
    1.649423310975869,
    1.649423310975869,
    1.649423310975869,
    1.649423310975869,
    1.649423310975869,
    1.649423310975869,
    1.649423310975869,
    1.649423310975869,
    1.649423310975869,
    1.649423310975869,
    1.649423310975869,
    1.649423310975869,
    1.649423310975869,
    1.649423310975869,
    1.649423310975869
  ],
  "x_hist": [
    [
      37.5287639642604,
      26.91773629614788
    ],
    [
      47.829233999999445,
      82.35014112354563
    ],
    [
      31.884638999999517,
      58.65023680944083
    ],
    [
      35.48393890674565,
      94.94361745496738
    ],
    [
      30.148598999999777,
      49.256194251109285
    ],
    [
      34.87819799999964,
      76.08489822384199
    ],
    [
      37.52987700000009,
      53.68122940266476
    ],
    [
      37.36426499999942,
      87.78778327994611
    ],
    [
      35.701885123808836,
      55.18621527479079
    ],
    [
      26.332529999999636,
      50.75139652211307
    ],
    [
      39.229832009999384,
      57.71476613835181
    ],
    [
      38.33438834999996,
      58.44592514647611
    ],
    [
      40.8942870000001,
      63.7287142778469
    ],
    [
      39.633383609999676,
      58.71193055086302
    ],
    [
      41.057581189908134,
      61.99112505500065
    ],
    [
      41.97390332198082,
      63.405687949962356
    ],
    [
      37.56434179481704,
      65.99228961397372
    ],
    [
      42.665291999999894,
      64.17156140276876
    ],
    [
      24.43649077494007,
      62.13278598136728
    ],
    [
      36.948791999999415,
      67.37938143506399
    ],
    [
      45.875855999999494,
      61.971246146563196
    ],
    [
      35.8096057903139,
      69.02752086755608
    ],
    [
      42.231532428987144,
      67.14015513235218
    ],
    [
      36.67684199999985,
      69.27108846175109
    ],
    [
      37.891744377059425,
      70.10171806912226
    ],
    [
      41.399022581511126,
      69.4806678788119
    ],
    [
      38.273022000000154,
      71.34598861519042
    ],
    [
      43.90227600000007,
      69.88064291018797
    ],
    [
      34.88452499999944,
      72.97514525247436
    ],
    [
      52.36791299999944,
      61.25684396703845
    ]
  ],
  "y_hist": [
    -0.5256332753602087,
    -0.1376399802137754,
    0.47097951667751753,
    -1.9173089689015186,
    -0.4416370770463908,
    -2.00150152281408,
    -0.8101431765837047,
    0.11503812343941795,
    1.3408656681417577,
    -0.10464875388651942,
    0.3128291290126751,
    0.9760379280554485,
    1.0943513718461966,
    0.40273865776075346,
    1.649423310975869,
    0.7584861056051534,
    -1.4318722797081804,
    0.396909367434709,
    -1.3548789739963605,
    -1.9173089689015186,
    0.40273865776075346,
    -0.7971470748590601,
    -1.1948534575774183,
    -0.391430377635874,
    -2.0906984760099894,
    0.5201983645404009,
    0.6291299043423599,
    -0.5694623853947889,
    -0.6849840152461176,
    -1.7618902296201444
  ],
  "eval_count": 30,
  "evals_to_f_best": 15,
  "total_time": 0.8718492499901913,
  "deviation_from_optimum": 0.0,
  "optimum": 1.649423310975869,
  "optimum_x": [
    41.057581189908134,
    61.99112505500065
  ],
  "success": true
}