{
  "identifier": "Preprocessed-NO2-2015-357",
  "best_x": [
    35.701885123808836,
    55.18621527479079
  ],
  "best_y": 1.6030753293007887,
  "best_so_far": [
    -0.2501625274041636,
    0.2302987254886017,
    0.47097951667751753,
    0.47097951667751753,
    0.5309201270723722,
    0.5309201270723722,
    0.5309201270723722,
    1.6030753293007887,
    1.6030753293007887,
    1.6030753293007887,
    1.6030753293007887,
    1.6030753293007887,
    1.6030753293007887,
    1.6030753293007887,
    1.6030753293007887,
    1.6030753293007887,
    1.6030753293007887,
    1.6030753293007887,
    1.6030753293007887,
    1.6030753293007887,
    1.6030753293007887,
    1.6030753293007887,
    1.6030753293007887,
    1.6030753293007887,
    1.6030753293007887,
    1.6030753293007887,
    1.6030753293007887,
    1.6030753293007887,
    1.6030753293007887,
    1.6030753293007887
  ],
  "x_hist": [
    [
      37.5287639642604,
      26.91773629614788
    ],
    [
      47.829233999999445,
      82.35014112354563
    ],
    [
      31.884638999999517,
      58.65023680944083
    ],
    [
      35.48393890674565,
      94.94361745496738
    ],
    [
      26.332529999999636,
      50.75139652211307
    ],
    [
      30.148598999999777,
      49.256194251109285
    ],
    [
      24.43649077494007,
      62.13278598136728
    ],
    [
      35.701885123808836,
      55.18621527479079
    ],
    [
      32.476458372216044,
      74.63865922449735
    ],
    [
      37.52987700000009,
      53.68122940266476
    ],
    [
      33.36529397954962,
      85.15777905758739
    ],
    [
      42.349365925427506,
      51.68134232422675
    ],
    [
      37.44668562154183,
      60.29897548252391
    ],
    [
      38.33438834999996,
      58.44592514647611
    ],
    [
      35.8096057903139,
      69.02752086755608
    ],
    [
      42.04819271644504,
      19.95986456313124
    ],
    [
      39.229832009999384,
      57.71476613835181
    ],
    [
      39.633383609999676,
      58.71193055086302
    ],
    [
      43.15324799999988,
      49.80644729813726
    ],
    [
      45.55373399999962,
      52.16115606191214
    ],
    [
      37.56434179481704,
      65.99228961397372
    ],
    [
      41.057581189908134,
      61.99112505500065
    ],
    [
      36.948791999999415,
      67.37938143506399
    ],
    [
      40.8942870000001,
      63.7287142778469
    ],
    [
      42.834122999999536,
      61.13498131873914
    ],
    [
      41.97390332198082,
      63.405687949962356
    ],
    [
      36.67684199999985,
      69.27108846175109
    ],
    [
      42.665291999999894,
      64.17156140276876
    ],
    [
      49.543184999999745,
      44.872801955437204
    ],
    [
      45.875855999999494,
      61.971246146563196
    ]
  ],
  "y_hist": [
    -0.2501625274041636,
    0.2302987254886017,
    0.47097951667751753,
    -0.25917781199646434,
    0.5309201270723722,
    0.1567363706932789,
    -0.5806225882728716,
    1.6030753293007887,
    -0.536471159067533,
    -0.8232527828168875,
    -0.4416370770463908,
    0.3189935745244685,
    -1.0199314946212388,
    1.038266128995862,
    -0.5583845463880237,
    0.21059112897277193,
    0.6928051115125216,
    1.1413191622544319,
    1.2006013993858593,
    0.4930540376326917,
    -0.6611574773164867,
    1.5307543126917598,
    -0.6611574773164867,
    0.869069257940279,
    1.3093961639020655,
    0.6686332466210254,
    -0.23229278811206575,
    0.4820573556842821,
    -0.08842113235089138,
    0.7902793746681421
  ],
  "eval_count": 30,
  "evals_to_f_best": 8,
  "total_time": 0.8404367920011282,
  "deviation_from_optimum": 0.0,
  "optimum": 1.6030753293007887,
  "optimum_x": [
    35.701885123808836,
    55.18621527479079
  ],
  "success": true
}