{
  "identifier": "Preprocessed-NO2-2015-139",
  "best_x": [
    35.701885123808836,
    55.18621527479079
  ],
  "best_y": 1.425624331950696,
  "best_so_far": [
    -1.0350174544940545,
    -0.7462594771050677,
    -0.1376399802137754,
    -0.056482898260752916,
    -0.056482898260752916,
    -0.056482898260752916,
    0.8301912188876749,
    0.8301912188876749,
    0.8301912188876749,
    1.425624331950696,
    1.425624331950696,
    1.425624331950696,
    1.425624331950696,
    1.425624331950696,
    1.425624331950696,
    1.425624331950696,
    1.425624331950696,
    1.425624331950696,
    1.425624331950696,
    1.425624331950696,
    1.425624331950696,
    1.425624331950696,
    1.425624331950696,
    1.425624331950696,
    1.425624331950696,
    1.425624331950696,
    1.425624331950696,
    1.425624331950696,
    1.425624331950696,
    1.425624331950696
  ],
  "x_hist": [
    [
      37.5287639642604,
      26.91773629614788
    ],
    [
      47.829233999999445,
      82.35014112354563
    ],
    [
      37.44668562154183,
      60.29897548252391
    ],
    [
      35.48393890674565,
      94.94361745496738
    ],
    [
      41.744879999999405,
      100.4720072707649
    ],
    [
      45.64222666408809,
      111.9064932186795
    ],
    [
      32.13036654481498,
      89.6343673225596
    ],
    [
      33.36529397954962,
      85.15777905758739
    ],
    [
      38.33438834999996,
      58.44592514647611
    ],
    [
      35.701885123808836,
      55.18621527479079
    ],
    [
      37.36426499999942,
      87.78778327994611
    ],
    [
      42.03630598607403,
      84.26997486831613
    ],
    [
      42.04819271644504,
      19.95986456313124
    ],
    [
      26.332529999999636,
      50.75139652211307
    ],
    [
      36.67684199999985,
      69.27108846175109
    ],
    [
      30.148598999999777,
      49.256194251109285
    ],
    [
      37.52987700000009,
      53.68122940266476
    ],
    [
      36.948791999999415,
      67.37938143506399
    ],
    [
      39.229832009999384,
      57.71476613835181
    ],
    [
      37.56434179481704,
      65.99228961397372
    ],
    [
      39.633383609999676,
      58.71193055086302
    ],
    [
      40.8942870000001,
      63.7287142778469
    ],
    [
      37.891744377059425,
      70.10171806912226
    ],
    [
      42.834122999999536,
      61.13498131873914
    ],
    [
      41.97390332198082,
      63.405687949962356
    ],
    [
      42.665291999999894,
      64.17156140276876
    ],
    [
      42.349365925427506,
      51.68134232422675
    ],
    [
      43.15324799999988,
      49.80644729813726
    ],
    [
      42.231532428987144,
      67.14015513235218
    ],
    [
      38.273022000000154,
      71.34598861519042
    ]
  ],
  "y_hist": [
    -1.0350174544940545,
    -0.7462594771050677,
    -0.1376399802137754,
    -0.056482898260752916,
    -1.1288630344231978,
    -0.90440986476991,
    0.8301912188876749,
    -0.3620931498670632,
    0.71659388789519,
    1.425624331950696,
    0.5148086267120978,
    -0.3333183318528421,
    -0.391430377635874,
    0.3373364549938343,
    -0.1210537299887212,
    0.17038228624168394,
    -1.1780818822860812,
    0.24329482721324636,
    0.43724685275926545,
    -0.637703244311553,
    0.2039640083957735,
    0.9680748304807081,
    -0.391430377635874,
    1.0943513718461966,
    1.4197263268281255,
    0.8389182223798947,
    0.6140439444695442,
    0.9996768476644234,
    0.4143297607056542,
    0.9839590038115535
  ],
  "eval_count": 30,
  "evals_to_f_best": 10,
  "total_time": 0.8445895420154557,
  "deviation_from_optimum": 0.0,
  "optimum": 1.425624331950696,
  "optimum_x": [
    35.701885123808836,
    55.18621527479079
  ],
  "success": true
}