{
  "identifier": "Preprocessed-NO2-2015-328",
  "best_x": [
    35.701885123808836,
    55.18621527479079
  ],
  "best_y": 2.044022628068453,
  "best_so_far": [
    -0.07236707159159764,
    0.2941824249672388,
    1.6695718064146656,
    1.6695718064146656,
    1.6695718064146656,
    1.6695718064146656,
    1.7236249269664272,
    1.7236249269664272,
    1.7236249269664272,
    1.7236249269664272,
    1.7236249269664272,
    1.7236249269664272,
    1.7236249269664272,
    1.7236249269664272,
    1.7236249269664272,
    2.044022628068453,
    2.044022628068453,
    2.044022628068453,
    2.044022628068453,
    2.044022628068453,
    2.044022628068453,
    2.044022628068453,
    2.044022628068453,
    2.044022628068453,
    2.044022628068453,
    2.044022628068453,
    2.044022628068453,
    2.044022628068453,
    2.044022628068453,
    2.044022628068453
  ],
  "x_hist": [
    [
      37.5287639642604,
      26.91773629614788
    ],
    [
      47.829233999999445,
      82.35014112354563
    ],
    [
      31.884638999999517,
      58.65023680944083
    ],
    [
      35.48393890674565,
      94.94361745496738
    ],
    [
      24.43649077494007,
      62.13278598136728
    ],
    [
      32.476458372216044,
      74.63865922449735
    ],
    [
      43.15324799999988,
      49.80644729813726
    ],
    [
      34.87819799999964,
      76.08489822384199
    ],
    [
      37.44668562154183,
      60.29897548252391
    ],
    [
      37.36426499999942,
      87.78778327994611
    ],
    [
      49.543184999999745,
      44.872801955437204
    ],
    [
      42.04819271644504,
      19.95986456313124
    ],
    [
      42.349365925427506,
      51.68134232422675
    ],
    [
      39.229832009999384,
      57.71476613835181
    ],
    [
      37.52987700000009,
      53.68122940266476
    ],
    [
      35.701885123808836,
      55.18621527479079
    ],
    [
      39.633383609999676,
      58.71193055086302
    ],
    [
      38.33438834999996,
      58.44592514647611
    ],
    [
      30.148598999999777,
      49.256194251109285
    ],
    [
      42.834122999999536,
      61.13498131873914
    ],
    [
      45.875855999999494,
      61.971246146563196
    ],
    [
      41.97390332198082,
      63.405687949962356
    ],
    [
      40.8942870000001,
      63.7287142778469
    ],
    [
      26.332529999999636,
      50.75139652211307
    ],
    [
      42.665291999999894,
      64.17156140276876
    ],
    [
      52.36791299999944,
      61.25684396703845
    ],
    [
      37.56434179481704,
      65.99228961397372
    ],
    [
      50.751419999999946,
      65.22174826892642
    ],
    [
      36.948791999999415,
      67.37938143506399
    ],
    [
      41.399022581511126,
      69.4806678788119
    ]
  ],
  "y_hist": [
    -0.07236707159159764,
    0.2941824249672388,
    1.6695718064146656,
    0.5309201270723722,
    0.1360320373023964,
    0.3614500719194548,
    1.7236249269664272,
    0.3910573507731312,
    0.6783487522052433,
    1.0190954932915186,
    0.6783487522052433,
    0.2753011650384508,
    1.1903085107861668,
    0.9398665302580151,
    0.027996908618421364,
    2.044022628068453,
    0.7812640900758421,
    1.299825204552487,
    0.7260048301482523,
    1.2740002170556248,
    1.1903085107861668,
    1.5444126450770799,
    1.6212699808288942,
    0.6637518102134274,
    0.8733275313562716,
    0.6440657526722275,
    0.3851824298783897,
    0.3189935745244685,
    0.7630694385477358,
    1.0113581546520458
  ],
  "eval_count": 30,
  "evals_to_f_best": 16,
  "total_time": 0.8610283749876544,
  "deviation_from_optimum": 0.0,
  "optimum": 2.044022628068453,
  "optimum_x": [
    35.701885123808836,
    55.18621527479079
  ],
  "success": true
}