{
  "identifier": "Preprocessed-NO2-2015-214",
  "best_x": [
    43.15324799999988,
    49.80644729813726
  ],
  "best_y": 1.6160939744157488,
  "best_so_far": [
    -0.23229278811206575,
    -0.1376399802137754,
    0.902801921858531,
    0.902801921858531,
    0.902801921858531,
    0.902801921858531,
    1.148416293076204,
    1.148416293076204,
    1.148416293076204,
    1.148416293076204,
    1.148416293076204,
    1.148416293076204,
    1.148416293076204,
    1.148416293076204,
    1.533495939704998,
    1.6160939744157488,
    1.6160939744157488,
    1.6160939744157488,
    1.6160939744157488,
    1.6160939744157488,
    1.6160939744157488,
    1.6160939744157488,
    1.6160939744157488,
    1.6160939744157488,
    1.6160939744157488,
    1.6160939744157488,
    1.6160939744157488,
    1.6160939744157488,
    1.6160939744157488,
    1.6160939744157488
  ],
  "x_hist": [
    [
      37.5287639642604,
      26.91773629614788
    ],
    [
      47.829233999999445,
      82.35014112354563
    ],
    [
      31.884638999999517,
      58.65023680944083
    ],
    [
      35.48393890674565,
      94.94361745496738
    ],
    [
      37.52987700000009,
      53.68122940266476
    ],
    [
      34.87819799999964,
      76.08489822384199
    ],
    [
      38.33438834999996,
      58.44592514647611
    ],
    [
      35.701885123808836,
      55.18621527479079
    ],
    [
      37.56434179481704,
      65.99228961397372
    ],
    [
      42.04819271644504,
      19.95986456313124
    ],
    [
      26.332529999999636,
      50.75139652211307
    ],
    [
      39.633383609999676,
      58.71193055086302
    ],
    [
      36.948791999999415,
      67.37938143506399
    ],
    [
      30.148598999999777,
      49.256194251109285
    ],
    [
      41.057581189908134,
      61.99112505500065
    ],
    [
      43.15324799999988,
      49.80644729813726
    ],
    [
      39.229832009999384,
      57.71476613835181
    ],
    [
      45.875855999999494,
      61.971246146563196
    ],
    [
      41.97390332198082,
      63.405687949962356
    ],
    [
      52.36791299999944,
      61.25684396703845
    ],
    [
      40.8942870000001,
      63.7287142778469
    ],
    [
      24.43649077494007,
      62.13278598136728
    ],
    [
      42.665291999999894,
      64.17156140276876
    ],
    [
      42.231532428987144,
      67.14015513235218
    ],
    [
      35.8096057903139,
      69.02752086755608
    ],
    [
      36.67684199999985,
      69.27108846175109
    ],
    [
      41.399022581511126,
      69.4806678788119
    ],
    [
      50.751419999999946,
      65.22174826892642
    ],
    [
      37.891744377059425,
      70.10171806912226
    ],
    [
      43.90227600000007,
      69.88064291018797
    ]
  ],
  "y_hist": [
    -0.23229278811206575,
    -0.1376399802137754,
    0.902801921858531,
    -1.2118145462043333,
    -0.1210537299887212,
    -0.3238480141771158,
    1.148416293076204,
    -0.6611574773164867,
    -0.5148730832433084,
    -0.1376399802137754,
    0.24329482721324636,
    0.2689542618297598,
    -0.536471159067533,
    -0.4416370770463908,
    1.533495939704998,
    1.6160939744157488,
    0.22375823421469399,
    0.6440657526722275,
    0.5039707430047735,
    -0.41131199772994653,
    1.1971782727655853,
    -0.5148730832433084,
    0.5626334272284822,
    -0.21463328592559464,
    -0.04860340314627779,
    -0.536471159067533,
    0.09374641364798453,
    -0.10464875388651942,
    -1.0199314946212388,
    -0.5918663889551277
  ],
  "eval_count": 30,
  "evals_to_f_best": 16,
  "total_time": 0.8223912499961443,
  "deviation_from_optimum": 0.0,
  "optimum": 1.6160939744157488,
  "optimum_x": [
    43.15324799999988,
    49.80644729813726
  ],
  "success": true
}