{
  "identifier": "Preprocessed-NO2-2015-347",
  "best_x": [
    40.8942870000001,
    63.7287142778469
  ],
  "best_y": 1.7139407619405729,
  "best_so_far": [
    0.3910573507731312,
    0.3910573507731312,
    0.8605162982041191,
    0.8605162982041191,
    0.8605162982041191,
    0.8605162982041191,
    0.8605162982041191,
    0.8605162982041191,
    0.8605162982041191,
    0.8605162982041191,
    0.8605162982041191,
    0.8605162982041191,
    0.8605162982041191,
    1.1937473218490882,
    1.1937473218490882,
    1.6745669536948198,
    1.6745669536948198,
    1.6745669536948198,
    1.6745669536948198,
    1.6745669536948198,
    1.7139407619405729,
    1.7139407619405729,
    1.7139407619405729,
    1.7139407619405729,
    1.7139407619405729,
    1.7139407619405729,
    1.7139407619405729,
    1.7139407619405729,
    1.7139407619405729,
    1.7139407619405729
  ],
  "x_hist": [
    [
      37.5287639642604,
      26.91773629614788
    ],
    [
      47.829233999999445,
      82.35014112354563
    ],
    [
      31.884638999999517,
      58.65023680944083
    ],
    [
      35.48393890674565,
      94.94361745496738
    ],
    [
      26.332529999999636,
      50.75139652211307
    ],
    [
      24.43649077494007,
      62.13278598136728
    ],
    [
      41.744879999999405,
      100.4720072707649
    ],
    [
      30.148598999999777,
      49.256194251109285
    ],
    [
      37.52987700000009,
      53.68122940266476
    ],
    [
      43.15324799999988,
      49.80644729813726
    ],
    [
      35.701885123808836,
      55.18621527479079
    ],
    [
      33.36529397954962,
      85.15777905758739
    ],
    [
      37.44668562154183,
      60.29897548252391
    ],
    [
      38.33438834999996,
      58.44592514647611
    ],
    [
      39.229832009999384,
      57.71476613835181
    ],
    [
      39.633383609999676,
      58.71193055086302
    ],
    [
      41.057581189908134,
      61.99112505500065
    ],
    [
      37.56434179481704,
      65.99228961397372
    ],
    [
      35.8096057903139,
      69.02752086755608
    ],
    [
      36.948791999999415,
      67.37938143506399
    ],
    [
      40.8942870000001,
      63.7287142778469
    ],
    [
      42.834122999999536,
      61.13498131873914
    ],
    [
      36.67684199999985,
      69.27108846175109
    ],
    [
      42.349365925427506,
      51.68134232422675
    ],
    [
      41.97390332198082,
      63.405687949962356
    ],
    [
      42.665291999999894,
      64.17156140276876
    ],
    [
      34.88452499999944,
      72.97514525247436
    ],
    [
      38.273022000000154,
      71.34598861519042
    ],
    [
      41.399022581511126,
      69.4806678788119
    ],
    [
      45.875855999999494,
      61.971246146563196
    ]
  ],
  "y_hist": [
    0.3910573507731312,
    0.020510407451066973,
    0.8605162982041191,
    -0.536471159067533,
    0.45420794138618037,
    -0.5918663889551277,
    -0.9610596207417734,
    0.7213067343803942,
    0.21059112897277193,
    0.7071235702194644,
    0.6975931231399027,
    0.020510407451066973,
    0.2302987254886017,
    1.1937473218490882,
    0.7676388191614539,
    1.6745669536948198,
    1.2901928268617635,
    0.740011529347584,
    0.5148086267120978,
    0.30042376606945126,
    1.7139407619405729,
    1.151952314434525,
    0.2753011650384508,
    0.8605162982041191,
    0.7118661977745061,
    0.22375823421469399,
    0.5255688188289981,
    0.47097951667751753,
    0.4085453975843075,
    0.6140439444695442
  ],
  "eval_count": 30,
  "evals_to_f_best": 21,
  "total_time": 0.8426316250115633,
  "deviation_from_optimum": 0.0,
  "optimum": 1.7139407619405729,
  "optimum_x": [
    40.8942870000001,
    63.7287142778469
  ],
  "success": true
}