{
  "identifier": "Preprocessed-NO2-2015-254",
  "best_x": [
    40.8942870000001,
    63.7287142778469
  ],
  "best_y": 2.579406118762828,
  "best_so_far": [
    0.7676388191614539,
    0.7676388191614539,
    1.3958997888984945,
    1.3958997888984945,
    1.3958997888984945,
    1.3958997888984945,
    1.3958997888984945,
    1.3958997888984945,
    1.3958997888984945,
    1.3958997888984945,
    1.3958997888984945,
    1.3958997888984945,
    1.657010725812456,
    1.657010725812456,
    1.657010725812456,
    2.044022628068453,
    2.044022628068453,
    2.579406118762828,
    2.579406118762828,
    2.579406118762828,
    2.579406118762828,
    2.579406118762828,
    2.579406118762828,
    2.579406118762828,
    2.579406118762828,
    2.579406118762828,
    2.579406118762828,
    2.579406118762828,
    2.579406118762828,
    2.579406118762828
  ],
  "x_hist": [
    [
      37.5287639642604,
      26.91773629614788
    ],
    [
      47.829233999999445,
      82.35014112354563
    ],
    [
      31.884638999999517,
      58.65023680944083
    ],
    [
      35.48393890674565,
      94.94361745496738
    ],
    [
      26.332529999999636,
      50.75139652211307
    ],
    [
      36.948791999999415,
      67.37938143506399
    ],
    [
      24.43649077494007,
      62.13278598136728
    ],
    [
      30.148598999999777,
      49.256194251109285
    ],
    [
      35.701885123808836,
      55.18621527479079
    ],
    [
      37.44668562154183,
      60.29897548252391
    ],
    [
      32.476458372216044,
      74.63865922449735
    ],
    [
      37.52987700000009,
      53.68122940266476
    ],
    [
      38.33438834999996,
      58.44592514647611
    ],
    [
      39.633383609999676,
      58.71193055086302
    ],
    [
      43.15324799999988,
      49.80644729813726
    ],
    [
      41.057581189908134,
      61.99112505500065
    ],
    [
      42.834122999999536,
      61.13498131873914
    ],
    [
      40.8942870000001,
      63.7287142778469
    ],
    [
      41.97390332198082,
      63.405687949962356
    ],
    [
      42.04819271644504,
      19.95986456313124
    ],
    [
      37.56434179481704,
      65.99228961397372
    ],
    [
      42.665291999999894,
      64.17156140276876
    ],
    [
      35.8096057903139,
      69.02752086755608
    ],
    [
      42.231532428987144,
      67.14015513235218
    ],
    [
      36.67684199999985,
      69.27108846175109
    ],
    [
      52.36791299999944,
      61.25684396703845
    ],
    [
      37.891744377059425,
      70.10171806912226
    ],
    [
      41.399022581511126,
      69.4806678788119
    ],
    [
      38.273022000000154,
      71.34598861519042
    ],
    [
      50.751419999999946,
      65.22174826892642
    ]
  ],
  "y_hist": [
    0.7676388191614539,
    0.09374641364798453,
    1.3958997888984945,
    -0.14600234374976137,
    0.4930540376326917,
    0.8258086161467119,
    -0.5148730832433084,
    0.6831830248941215,
    0.3851824298783897,
    0.47097951667751753,
    0.834561062941767,
    0.4258320420657214,
    1.657010725812456,
    1.4108356372283628,
    1.1162115694509624,
    2.044022628068453,
    1.4197263268281255,
    2.579406118762828,
    1.8284725266982087,
    0.5039707430047735,
    1.0684388106907279,
    1.090676852575575,
    1.0035807259961464,
    0.6039017412048809,
    0.6140439444695442,
    0.7538887348674779,
    0.32513280750974444,
    0.6831830248941215,
    0.6291299043423599,
    0.2625804077835235
  ],
  "eval_count": 30,
  "evals_to_f_best": 18,
  "total_time": 0.8087907920125872,
  "deviation_from_optimum": 0.0,
  "optimum": 2.579406118762828,
  "optimum_x": [
    40.8942870000001,
    63.7287142778469
  ],
  "success": true
}