{
  "identifier": "Preprocessed-NO2-2015-189",
  "best_x": [
    35.701885123808836,
    55.18621527479079
  ],
  "best_y": 1.6869825776011014,
  "best_so_far": [
    -0.9324675110684087,
    -0.9324675110684087,
    -0.3144370719240541,
    -0.3144370719240541,
    0.2302987254886017,
    0.2302987254886017,
    0.6783487522052433,
    0.6783487522052433,
    0.6783487522052433,
    0.6783487522052433,
    0.6783487522052433,
    0.6783487522052433,
    0.6783487522052433,
    0.6783487522052433,
    0.6783487522052433,
    0.6783487522052433,
    0.6783487522052433,
    0.8037015836769549,
    1.6869825776011014,
    1.6869825776011014,
    1.6869825776011014,
    1.6869825776011014,
    1.6869825776011014,
    1.6869825776011014,
    1.6869825776011014,
    1.6869825776011014,
    1.6869825776011014,
    1.6869825776011014,
    1.6869825776011014,
    1.6869825776011014
  ],
  "x_hist": [
    [
      37.5287639642604,
      26.91773629614788
    ],
    [
      47.829233999999445,
      82.35014112354563
    ],
    [
      31.884638999999517,
      58.65023680944083
    ],
    [
      35.48393890674565,
      94.94361745496738
    ],
    [
      30.148598999999777,
      49.256194251109285
    ],
    [
      42.04819271644504,
      19.95986456313124
    ],
    [
      38.273022000000154,
      71.34598861519042
    ],
    [
      41.744879999999405,
      100.4720072707649
    ],
    [
      38.67794999999997,
      75.22449383515101
    ],
    [
      42.665291999999894,
      64.17156140276876
    ],
    [
      32.13036654481498,
      89.6343673225596
    ],
    [
      34.87819799999964,
      76.08489822384199
    ],
    [
      35.8096057903139,
      69.02752086755608
    ],
    [
      43.90227600000007,
      69.88064291018797
    ],
    [
      34.88452499999944,
      72.97514525247436
    ],
    [
      36.948791999999415,
      67.37938143506399
    ],
    [
      32.476458372216044,
      74.63865922449735
    ],
    [
      40.8942870000001,
      63.7287142778469
    ],
    [
      35.701885123808836,
      55.18621527479079
    ],
    [
      37.52987700000009,
      53.68122940266476
    ],
    [
      39.229832009999384,
      57.71476613835181
    ],
    [
      38.33438834999996,
      58.44592514647611
    ],
    [
      39.633383609999676,
      58.71193055086302
    ],
    [
      41.057581189908134,
      61.99112505500065
    ],
    [
      43.15324799999988,
      49.80644729813726
    ],
    [
      41.97390332198082,
      63.405687949962356
    ],
    [
      37.56434179481704,
      65.99228961397372
    ],
    [
      45.875855999999494,
      61.971246146563196
    ],
    [
      26.332529999999636,
      50.75139652211307
    ],
    [
      42.231532428987144,
      67.14015513235218
    ]
  ],
  "y_hist": [
    -0.9324675110684087,
    -1.5553149853156145,
    -0.3144370719240541,
    -0.5918663889551277,
    0.2302987254886017,
    -0.48304771357462556,
    0.6783487522052433,
    -1.0656519947687033,
    -0.5148730832433084,
    0.5678544424834099,
    0.4143297607056542,
    -0.17992560386818662,
    0.30042376606945126,
    -0.5806225882728716,
    -1.6210644903451776,
    -0.23229278811206575,
    -0.614609860006585,
    0.8037015836769549,
    1.6869825776011014,
    -1.2289694800400743,
    0.14986660871386046,
    0.2879150239101222,
    -0.08037263922087588,
    1.322063246437335,
    1.2477231281108612,
    1.538964216690522,
    -0.09651301379362355,
    0.583409404194896,
    -0.04860340314627779,
    0.396909367434709
  ],
  "eval_count": 30,
  "evals_to_f_best": 19,
  "total_time": 0.8074717500130646,
  "deviation_from_optimum": 0.0,
  "optimum": 1.6869825776011014,
  "optimum_x": [
    35.701885123808836,
    55.18621527479079
  ],
  "success": true
}