{
  "identifier": "Preprocessed-NO2-2015-91",
  "best_x": [
    40.8942870000001,
    63.7287142778469
  ],
  "best_y": 1.0980169179228576,
  "best_so_far": [
    -0.7842625290314946,
    -0.7842625290314946,
    -0.6849840152461176,
    -0.3144370719240541,
    0.5988048250259156,
    0.5988048250259156,
    0.5988048250259156,
    0.5988048250259156,
    0.5988048250259156,
    0.5988048250259156,
    0.7767360613858838,
    0.7767360613858838,
    0.7767360613858838,
    0.7767360613858838,
    0.7767360613858838,
    0.7767360613858838,
    0.902801921858531,
    0.902801921858531,
    0.902801921858531,
    0.902801921858531,
    0.902801921858531,
    0.902801921858531,
    0.902801921858531,
    0.902801921858531,
    0.902801921858531,
    1.0980169179228576,
    1.0980169179228576,
    1.0980169179228576,
    1.0980169179228576,
    1.0980169179228576
  ],
  "x_hist": [
    [
      37.5287639642604,
      26.91773629614788
    ],
    [
      47.829233999999445,
      82.35014112354563
    ],
    [
      24.43649077494007,
      62.13278598136728
    ],
    [
      35.48393890674565,
      94.94361745496738
    ],
    [
      32.13036654481498,
      89.6343673225596
    ],
    [
      41.744879999999405,
      100.4720072707649
    ],
    [
      33.36529397954962,
      85.15777905758739
    ],
    [
      32.476458372216044,
      74.63865922449735
    ],
    [
      16.28216201918641,
      83.86135661828055
    ],
    [
      45.64222666408809,
      111.9064932186795
    ],
    [
      37.36426499999942,
      87.78778327994611
    ],
    [
      34.87819799999964,
      76.08489822384199
    ],
    [
      42.03630598607403,
      84.26997486831613
    ],
    [
      34.88452499999944,
      72.97514525247436
    ],
    [
      38.28112499999941,
      76.69191621993401
    ],
    [
      38.67794999999997,
      75.22449383515101
    ],
    [
      38.273022000000154,
      71.34598861519042
    ],
    [
      35.8096057903139,
      69.02752086755608
    ],
    [
      37.891744377059425,
      70.10171806912226
    ],
    [
      36.67684199999985,
      69.27108846175109
    ],
    [
      36.948791999999415,
      67.37938143506399
    ],
    [
      41.399022581511126,
      69.4806678788119
    ],
    [
      43.90227600000007,
      69.88064291018797
    ],
    [
      48.23260800000003,
      72.10088596806122
    ],
    [
      42.231532428987144,
      67.14015513235218
    ],
    [
      40.8942870000001,
      63.7287142778469
    ],
    [
      42.665291999999894,
      64.17156140276876
    ],
    [
      41.97390332198082,
      63.405687949962356
    ],
    [
      37.44668562154183,
      60.29897548252391
    ],
    [
      42.834122999999536,
      61.13498131873914
    ]
  ],
  "y_hist": [
    -0.7842625290314946,
    -1.3548789739963605,
    -0.6849840152461176,
    -0.3144370719240541,
    0.5988048250259156,
    -0.7214483275478379,
    -0.7091948687055835,
    -0.49358137345187497,
    -0.614609860006585,
    -1.3178143655968764,
    0.7767360613858838,
    -0.08037263922087588,
    -0.3238480141771158,
    -1.3178143655968764,
    -0.637703244311553,
    -0.4314604931687447,
    0.902801921858531,
    0.17715900372254825,
    -0.3620931498670632,
    -0.49358137345187497,
    0.3910573507731312,
    0.4485755131171788,
    -0.49358137345187497,
    -0.8498205626184295,
    0.37928442475581914,
    1.0980169179228576,
    0.7812640900758421,
    0.4820573556842821,
    -0.22343706701290258,
    0.9560504107252771
  ],
  "eval_count": 30,
  "evals_to_f_best": 26,
  "total_time": 0.8467131250072271,
  "deviation_from_optimum": 0.449112543049659,
  "optimum": 1.5471294609725166,
  "optimum_x": [
    35.701885123808836,
    55.18621527479079
  ],
  "success": false
}