{
  "identifier": "Preprocessed-NO2-2015-278",
  "best_x": [
    41.057581189908134,
    61.99112505500065
  ],
  "best_y": 1.8662505182190183,
  "best_so_far": [
    0.10087726018212535,
    0.16357483524309432,
    0.16357483524309432,
    0.16357483524309432,
    0.16357483524309432,
    1.5030590552138379,
    1.5030590552138379,
    1.5030590552138379,
    1.5030590552138379,
    1.5030590552138379,
    1.5030590552138379,
    1.5030590552138379,
    1.5030590552138379,
    1.5030590552138379,
    1.5030590552138379,
    1.5030590552138379,
    1.5030590552138379,
    1.8662505182190183,
    1.8662505182190183,
    1.8662505182190183,
    1.8662505182190183,
    1.8662505182190183,
    1.8662505182190183,
    1.8662505182190183,
    1.8662505182190183,
    1.8662505182190183,
    1.8662505182190183,
    1.8662505182190183,
    1.8662505182190183,
    1.8662505182190183
  ],
  "x_hist": [
    [
      37.5287639642604,
      26.91773629614788
    ],
    [
      47.829233999999445,
      82.35014112354563
    ],
    [
      24.43649077494007,
      62.13278598136728
    ],
    [
      35.48393890674565,
      94.94361745496738
    ],
    [
      42.04819271644504,
      19.95986456313124
    ],
    [
      43.15324799999988,
      49.80644729813726
    ],
    [
      48.23260800000003,
      72.10088596806122
    ],
    [
      45.875855999999494,
      61.971246146563196
    ],
    [
      42.349365925427506,
      51.68134232422675
    ],
    [
      30.148598999999777,
      49.256194251109285
    ],
    [
      37.52987700000009,
      53.68122940266476
    ],
    [
      52.36791299999944,
      61.25684396703845
    ],
    [
      39.229832009999384,
      57.71476613835181
    ],
    [
      39.633383609999676,
      58.71193055086302
    ],
    [
      38.33438834999996,
      58.44592514647611
    ],
    [
      42.834122999999536,
      61.13498131873914
    ],
    [
      37.44668562154183,
      60.29897548252391
    ],
    [
      41.057581189908134,
      61.99112505500065
    ],
    [
      41.97390332198082,
      63.405687949962356
    ],
    [
      42.665291999999894,
      64.17156140276876
    ],
    [
      50.751419999999946,
      65.22174826892642
    ],
    [
      40.8942870000001,
      63.7287142778469
    ],
    [
      26.332529999999636,
      50.75139652211307
    ],
    [
      42.231532428987144,
      67.14015513235218
    ],
    [
      37.56434179481704,
      65.99228961397372
    ],
    [
      43.90227600000007,
      69.88064291018797
    ],
    [
      36.67684199999985,
      69.27108846175109
    ],
    [
      35.8096057903139,
      69.02752086755608
    ],
    [
      37.891744377059425,
      70.10171806912226
    ],
    [
      38.273022000000154,
      71.34598861519042
    ]
  ],
  "y_hist": [
    0.10087726018212535,
    0.16357483524309432,
    -0.46219959548393896,
    -0.7338026390371855,
    -0.1210537299887212,
    1.5030590552138379,
    0.2497509247894571,
    0.972061659842954,
    0.9439288882786829,
    0.7213067343803942,
    -0.01749264447536001,
    -0.21463328592559464,
    0.8986265634710048,
    0.869069257940279,
    1.2142163713903342,
    1.1053212650492799,
    -0.41131199772994653,
    1.8662505182190183,
    1.0647002275066306,
    0.4258320420657214,
    0.035446255780935305,
    1.6720714579039873,
    0.2497509247894571,
    -0.3144370719240541,
    -0.7338026390371855,
    -0.2957903678786178,
    -0.3620931498670632,
    -0.002175773076444545,
    -1.1450906559588259,
    0.6783487522052433
  ],
  "eval_count": 30,
  "evals_to_f_best": 18,
  "total_time": 0.8120538750081323,
  "deviation_from_optimum": 0.0,
  "optimum": 1.8662505182190183,
  "optimum_x": [
    41.057581189908134,
    61.99112505500065
  ],
  "success": true
}