{
  "identifier": "Preprocessed-NO2-2015-246",
  "best_x": [
    41.97390332198082,
    63.405687949962356
  ],
  "best_y": 1.7115099267980611,
  "best_so_far": [
    -0.49358137345187497,
    -0.49358137345187497,
    0.3554578868261881,
    0.3554578868261881,
    0.3554578868261881,
    0.3554578868261881,
    0.6588544473945614,
    1.2410813457148842,
    1.2410813457148842,
    1.2410813457148842,
    1.2410813457148842,
    1.2410813457148842,
    1.2410813457148842,
    1.2410813457148842,
    1.2410813457148842,
    1.2410813457148842,
    1.2410813457148842,
    1.2410813457148842,
    1.2410813457148842,
    1.2410813457148842,
    1.2410813457148842,
    1.2410813457148842,
    1.2410813457148842,
    1.2410813457148842,
    1.2410813457148842,
    1.2410813457148842,
    1.2410813457148842,
    1.2410813457148842,
    1.2410813457148842,
    1.7115099267980611
  ],
  "x_hist": [
    [
      37.5287639642604,
      26.91773629614788
    ],
    [
      47.829233999999445,
      82.35014112354563
    ],
    [
      31.884638999999517,
      58.65023680944083
    ],
    [
      35.48393890674565,
      94.94361745496738
    ],
    [
      42.04819271644504,
      19.95986456313124
    ],
    [
      33.36529397954962,
      85.15777905758739
    ],
    [
      37.56434179481704,
      65.99228961397372
    ],
    [
      32.13036654481498,
      89.6343673225596
    ],
    [
      32.476458372216044,
      74.63865922449735
    ],
    [
      24.43649077494007,
      62.13278598136728
    ],
    [
      37.36426499999942,
      87.78778327994611
    ],
    [
      45.64222666408809,
      111.9064932186795
    ],
    [
      41.744879999999405,
      100.4720072707649
    ],
    [
      34.87819799999964,
      76.08489822384199
    ],
    [
      36.948791999999415,
      67.37938143506399
    ],
    [
      38.28112499999941,
      76.69191621993401
    ],
    [
      42.03630598607403,
      84.26997486831613
    ],
    [
      34.88452499999944,
      72.97514525247436
    ],
    [
      38.67794999999997,
      75.22449383515101
    ],
    [
      35.8096057903139,
      69.02752086755608
    ],
    [
      38.273022000000154,
      71.34598861519042
    ],
    [
      36.67684199999985,
      69.27108846175109
    ],
    [
      37.891744377059425,
      70.10171806912226
    ],
    [
      41.399022581511126,
      69.4806678788119
    ],
    [
      43.90227600000007,
      69.88064291018797
    ],
    [
      42.231532428987144,
      67.14015513235218
    ],
    [
      48.23260800000003,
      72.10088596806122
    ],
    [
      40.8942870000001,
      63.7287142778469
    ],
    [
      42.665291999999894,
      64.17156140276876
    ],
    [
      41.97390332198082,
      63.405687949962356
    ]
  ],
  "y_hist": [
    -0.49358137345187497,
    -0.5148730832433084,
    0.3554578868261881,
    0.2302987254886017,
    0.1567363706932789,
    0.1973074991613457,
    0.6588544473945614,
    1.2410813457148842,
    0.583409404194896,
    0.2625804077835235,
    1.0496520776911848,
    -0.1971791314425059,
    -0.04076505440788234,
    0.7023659105392768,
    0.6734988598682657,
    0.1567363706932789,
    -0.1210537299887212,
    0.0428588158939921,
    0.3128291290126751,
    0.8902408412563207,
    1.0980169179228576,
    0.3189935745244685,
    0.23681084144001122,
    1.2209778259423156,
    0.2941824249672388,
    0.7721943321343866,
    -0.391430377635874,
    1.0721681054598298,
    0.8944395583225451,
    1.7115099267980611
  ],
  "eval_count": 30,
  "evals_to_f_best": 30,
  "total_time": 0.8327765410067514,
  "deviation_from_optimum": 0.17219474590404582,
  "optimum": 1.883704672702107,
  "optimum_x": [
    35.701885123808836,
    55.18621527479079
  ],
  "success": false
}