{
  "identifier": "Preprocessed-NO2-2015-293",
  "best_x": [
    32.13036654481498,
    89.6343673225596
  ],
  "best_y": 1.6745669536948198,
  "best_so_far": [
    0.4820573556842821,
    0.4820573556842821,
    1.2040167373154,
    1.2040167373154,
    1.2040167373154,
    1.2740002170556248,
    1.2740002170556248,
    1.2740002170556248,
    1.2740002170556248,
    1.6745669536948198,
    1.6745669536948198,
    1.6745669536948198,
    1.6745669536948198,
    1.6745669536948198,
    1.6745669536948198,
    1.6745669536948198,
    1.6745669536948198,
    1.6745669536948198,
    1.6745669536948198,
    1.6745669536948198,
    1.6745669536948198,
    1.6745669536948198,
    1.6745669536948198,
    1.6745669536948198,
    1.6745669536948198,
    1.6745669536948198,
    1.6745669536948198,
    1.6745669536948198,
    1.6745669536948198,
    1.6745669536948198
  ],
  "x_hist": [
    [
      37.5287639642604,
      26.91773629614788
    ],
    [
      47.829233999999445,
      82.35014112354563
    ],
    [
      31.884638999999517,
      58.65023680944083
    ],
    [
      35.48393890674565,
      94.94361745496738
    ],
    [
      37.44668562154183,
      60.29897548252391
    ],
    [
      34.87819799999964,
      76.08489822384199
    ],
    [
      41.744879999999405,
      100.4720072707649
    ],
    [
      37.36426499999942,
      87.78778327994611
    ],
    [
      42.03630598607403,
      84.26997486831613
    ],
    [
      32.13036654481498,
      89.6343673225596
    ],
    [
      45.64222666408809,
      111.9064932186795
    ],
    [
      33.36529397954962,
      85.15777905758739
    ],
    [
      16.28216201918641,
      83.86135661828055
    ],
    [
      38.28112499999941,
      76.69191621993401
    ],
    [
      32.476458372216044,
      74.63865922449735
    ],
    [
      38.67794999999997,
      75.22449383515101
    ],
    [
      34.88452499999944,
      72.97514525247436
    ],
    [
      38.273022000000154,
      71.34598861519042
    ],
    [
      37.891744377059425,
      70.10171806912226
    ],
    [
      35.8096057903139,
      69.02752086755608
    ],
    [
      36.67684199999985,
      69.27108846175109
    ],
    [
      36.948791999999415,
      67.37938143506399
    ],
    [
      41.399022581511126,
      69.4806678788119
    ],
    [
      43.90227600000007,
      69.88064291018797
    ],
    [
      37.56434179481704,
      65.99228961397372
    ],
    [
      48.23260800000003,
      72.10088596806122
    ],
    [
      42.231532428987144,
      67.14015513235218
    ],
    [
      24.43649077494007,
      62.13278598136728
    ],
    [
      40.8942870000001,
      63.7287142778469
    ],
    [
      42.665291999999894,
      64.17156140276876
    ]
  ],
  "y_hist": [
    0.4820573556842821,
    0.47097951667751753,
    1.2040167373154,
    0.6391036312195684,
    0.5782423065883675,
    1.2740002170556248,
    0.2171891192554189,
    1.2740002170556248,
    0.3851824298783897,
    1.6745669536948198,
    0.6734988598682657,
    0.7071235702194644,
    0.7767360613858838,
    0.8125835052870658,
    1.030627230206929,
    0.8125835052870658,
    0.952020769721415,
    1.425624331950696,
    0.6440657526722275,
    1.4518822675210927,
    0.7492772400807753,
    0.9276130714157608,
    1.6519567130497388,
    0.952020769721415,
    1.1413191622544319,
    0.4200919189235251,
    1.1125902398960656,
    0.45420794138618037,
    1.4890174151894846,
    0.7721943321343866
  ],
  "eval_count": 30,
  "evals_to_f_best": 10,
  "total_time": 0.8119964169745799,
  "deviation_from_optimum": 0.39458636419230486,
  "optimum": 2.0691533178871246,
  "optimum_x": [
    35.701885123808836,
    55.18621527479079
  ],
  "success": false
}