{
  "identifier": "Preprocessed-NO2-2015-299",
  "best_x": [
    32.13036654481498,
    89.6343673225596
  ],
  "best_y": 1.1125902398960656,
  "best_so_far": [
    0.3373364549938343,
    0.3373364549938343,
    0.3373364549938343,
    0.3373364549938343,
    0.3434012728301221,
    0.37336315328062836,
    0.4429218703790188,
    0.4429218703790188,
    0.8214131799972699,
    0.8214131799972699,
    0.8214131799972699,
    1.1125902398960656,
    1.1125902398960656,
    1.1125902398960656,
    1.1125902398960656,
    1.1125902398960656,
    1.1125902398960656,
    1.1125902398960656,
    1.1125902398960656,
    1.1125902398960656,
    1.1125902398960656,
    1.1125902398960656,
    1.1125902398960656,
    1.1125902398960656,
    1.1125902398960656,
    1.1125902398960656,
    1.1125902398960656,
    1.1125902398960656,
    1.1125902398960656,
    1.1125902398960656
  ],
  "x_hist": [
    [
      37.5287639642604,
      26.91773629614788
    ],
    [
      47.829233999999445,
      82.35014112354563
    ],
    [
      24.43649077494007,
      62.13278598136728
    ],
    [
      35.48393890674565,
      94.94361745496738
    ],
    [
      42.04819271644504,
      19.95986456313124
    ],
    [
      49.543184999999745,
      44.872801955437204
    ],
    [
      30.148598999999777,
      49.256194251109285
    ],
    [
      26.332529999999636,
      50.75139652211307
    ],
    [
      43.15324799999988,
      49.80644729813726
    ],
    [
      35.701885123808836,
      55.18621527479079
    ],
    [
      37.52987700000009,
      53.68122940266476
    ],
    [
      32.13036654481498,
      89.6343673225596
    ],
    [
      33.36529397954962,
      85.15777905758739
    ],
    [
      16.28216201918641,
      83.86135661828055
    ],
    [
      41.399022581511126,
      69.4806678788119
    ],
    [
      41.744879999999405,
      100.4720072707649
    ],
    [
      45.64222666408809,
      111.9064932186795
    ],
    [
      38.28112499999941,
      76.69191621993401
    ],
    [
      37.36426499999942,
      87.78778327994611
    ],
    [
      39.229832009999384,
      57.71476613835181
    ],
    [
      42.03630598607403,
      84.26997486831613
    ],
    [
      34.87819799999964,
      76.08489822384199
    ],
    [
      38.67794999999997,
      75.22449383515101
    ],
    [
      32.476458372216044,
      74.63865922449735
    ],
    [
      34.88452499999944,
      72.97514525247436
    ],
    [
      38.273022000000154,
      71.34598861519042
    ],
    [
      37.891744377059425,
      70.10171806912226
    ],
    [
      36.67684199999985,
      69.27108846175109
    ],
    [
      35.8096057903139,
      69.02752086755608
    ],
    [
      36.948791999999415,
      67.37938143506399
    ]
  ],
  "y_hist": [
    0.3373364549938343,
    0.09374641364798453,
    -1.1288630344231978,
    -0.26824756993791987,
    0.3434012728301221,
    0.37336315328062836,
    0.4429218703790188,
    0.3128291290126751,
    0.8214131799972699,
    0.0428588158939921,
    0.1973074991613457,
    1.1125902398960656,
    0.1220687703558549,
    -0.40133827085273743,
    0.6783487522052433,
    -0.6730234709081507,
    0.10087726018212535,
    0.40273865776075346,
    0.7213067343803942,
    0.43724685275926545,
    -0.08842113235089138,
    0.8301912188876749,
    0.2625804077835235,
    0.306639263035121,
    0.5468605286204314,
    0.4143297607056542,
    0.020510407451066973,
    0.10087726018212535,
    0.3851824298783897,
    0.4875657669025717
  ],
  "eval_count": 30,
  "evals_to_f_best": 12,
  "total_time": 0.8304167919850443,
  "deviation_from_optimum": 0.637348419249659,
  "optimum": 1.7499386591457247,
  "optimum_x": [
    40.8942870000001,
    63.7287142778469
  ],
  "success": false
}