{
  "identifier": "Preprocessed-NO2-2015-344",
  "best_x": [
    35.701885123808836,
    55.18621527479079
  ],
  "best_y": 1.8618550820695763,
  "best_so_far": [
    -0.27737246352457,
    0.09374641364798453,
    0.7260048301482523,
    0.7260048301482523,
    0.7260048301482523,
    0.7260048301482523,
    0.7260048301482523,
    0.7260048301482523,
    0.7260048301482523,
    0.7260048301482523,
    1.8618550820695763,
    1.8618550820695763,
    1.8618550820695763,
    1.8618550820695763,
    1.8618550820695763,
    1.8618550820695763,
    1.8618550820695763,
    1.8618550820695763,
    1.8618550820695763,
    1.8618550820695763,
    1.8618550820695763,
    1.8618550820695763,
    1.8618550820695763,
    1.8618550820695763,
    1.8618550820695763,
    1.8618550820695763,
    1.8618550820695763,
    1.8618550820695763,
    1.8618550820695763,
    1.8618550820695763
  ],
  "x_hist": [
    [
      37.5287639642604,
      26.91773629614788
    ],
    [
      47.829233999999445,
      82.35014112354563
    ],
    [
      31.884638999999517,
      58.65023680944083
    ],
    [
      35.48393890674565,
      94.94361745496738
    ],
    [
      24.43649077494007,
      62.13278598136728
    ],
    [
      35.8096057903139,
      69.02752086755608
    ],
    [
      33.36529397954962,
      85.15777905758739
    ],
    [
      37.56434179481704,
      65.99228961397372
    ],
    [
      26.332529999999636,
      50.75139652211307
    ],
    [
      30.148598999999777,
      49.256194251109285
    ],
    [
      35.701885123808836,
      55.18621527479079
    ],
    [
      37.52987700000009,
      53.68122940266476
    ],
    [
      38.33438834999996,
      58.44592514647611
    ],
    [
      34.88452499999944,
      72.97514525247436
    ],
    [
      32.476458372216044,
      74.63865922449735
    ],
    [
      37.44668562154183,
      60.29897548252391
    ],
    [
      39.229832009999384,
      57.71476613835181
    ],
    [
      39.633383609999676,
      58.71193055086302
    ],
    [
      36.948791999999415,
      67.37938143506399
    ],
    [
      42.349365925427506,
      51.68134232422675
    ],
    [
      36.67684199999985,
      69.27108846175109
    ],
    [
      41.057581189908134,
      61.99112505500065
    ],
    [
      40.8942870000001,
      63.7287142778469
    ],
    [
      41.97390332198082,
      63.405687949962356
    ],
    [
      42.834122999999536,
      61.13498131873914
    ],
    [
      42.665291999999894,
      64.17156140276876
    ],
    [
      38.273022000000154,
      71.34598861519042
    ],
    [
      41.399022581511126,
      69.4806678788119
    ],
    [
      43.15324799999988,
      49.80644729813726
    ],
    [
      45.875855999999494,
      61.971246146563196
    ]
  ],
  "y_hist": [
    -0.27737246352457,
    0.09374641364798453,
    0.7260048301482523,
    -0.6970406292421844,
    -0.8364778936765329,
    -0.536471159067533,
    -0.6611574773164867,
    -0.758820557707278,
    0.5362524252996946,
    0.24329482721324636,
    1.8618550820695763,
    -0.890575293358446,
    1.2074243219172078,
    -0.11282883065654499,
    -0.5473878644396147,
    -0.3144370719240541,
    0.9276130714157608,
    0.8214131799972699,
    -0.6849840152461176,
    0.7721943321343866,
    0.050234950503268566,
    1.8171779634581895,
    1.7041937122857331,
    1.3030223098558293,
    1.5579478167922376,
    0.7630694385477358,
    0.9439288882786829,
    0.740011529347584,
    1.3125729701089148,
    1.0647002275066306
  ],
  "eval_count": 30,
  "evals_to_f_best": 11,
  "total_time": 0.8467484170105308,
  "deviation_from_optimum": 0.0,
  "optimum": 1.8618550820695763,
  "optimum_x": [
    35.701885123808836,
    55.18621527479079
  ],
  "success": true
}