{
  "identifier": "Preprocessed-NO2-2015-223",
  "best_x": [
    43.15324799999988,
    49.80644729813726
  ],
  "best_y": 1.6670679853629629,
  "best_so_far": [
    0.2561793730408118,
    0.2561793730408118,
    1.0980169179228576,
    1.0980169179228576,
    1.0980169179228576,
    1.1834071635831742,
    1.1834071635831742,
    1.2040167373154,
    1.2040167373154,
    1.2040167373154,
    1.2040167373154,
    1.5307543126917598,
    1.5307543126917598,
    1.5307543126917598,
    1.5307543126917598,
    1.6264282002433512,
    1.6670679853629629,
    1.6670679853629629,
    1.6670679853629629,
    1.6670679853629629,
    1.6670679853629629,
    1.6670679853629629,
    1.6670679853629629,
    1.6670679853629629,
    1.6670679853629629,
    1.6670679853629629,
    1.6670679853629629,
    1.6670679853629629,
    1.6670679853629629,
    1.6670679853629629
  ],
  "x_hist": [
    [
      37.5287639642604,
      26.91773629614788
    ],
    [
      47.829233999999445,
      82.35014112354563
    ],
    [
      31.884638999999517,
      58.65023680944083
    ],
    [
      35.48393890674565,
      94.94361745496738
    ],
    [
      36.948791999999415,
      67.37938143506399
    ],
    [
      38.33438834999996,
      58.44592514647611
    ],
    [
      24.43649077494007,
      62.13278598136728
    ],
    [
      35.701885123808836,
      55.18621527479079
    ],
    [
      30.148598999999777,
      49.256194251109285
    ],
    [
      42.03630598607403,
      84.26997486831613
    ],
    [
      33.36529397954962,
      85.15777905758739
    ],
    [
      39.633383609999676,
      58.71193055086302
    ],
    [
      37.52987700000009,
      53.68122940266476
    ],
    [
      38.28112499999941,
      76.69191621993401
    ],
    [
      26.332529999999636,
      50.75139652211307
    ],
    [
      41.057581189908134,
      61.99112505500065
    ],
    [
      43.15324799999988,
      49.80644729813726
    ],
    [
      42.04819271644504,
      19.95986456313124
    ],
    [
      35.8096057903139,
      69.02752086755608
    ],
    [
      37.56434179481704,
      65.99228961397372
    ],
    [
      40.8942870000001,
      63.7287142778469
    ],
    [
      41.97390332198082,
      63.405687949962356
    ],
    [
      45.875855999999494,
      61.971246146563196
    ],
    [
      42.665291999999894,
      64.17156140276876
    ],
    [
      42.231532428987144,
      67.14015513235218
    ],
    [
      36.67684199999985,
      69.27108846175109
    ],
    [
      37.891744377059425,
      70.10171806912226
    ],
    [
      34.88452499999944,
      72.97514525247436
    ],
    [
      38.273022000000154,
      71.34598861519042
    ],
    [
      41.399022581511126,
      69.4806678788119
    ]
  ],
  "y_hist": [
    0.2561793730408118,
    -0.1376399802137754,
    1.0980169179228576,
    -0.1713726441320268,
    0.3189935745244685,
    1.1834071635831742,
    -0.002175773076444545,
    1.2040167373154,
    0.9111179562730009,
    -0.46219959548393896,
    0.30042376606945126,
    1.5307543126917598,
    0.1973074991613457,
    -0.25917781199646434,
    0.6588544473945614,
    1.6264282002433512,
    1.6670679853629629,
    0.2561793730408118,
    0.9800036909235719,
    0.8519143241045386,
    1.5686887597427235,
    1.536232568307053,
    0.6241180787431883,
    0.794766793174556,
    0.45420794138618037,
    0.012986379805319194,
    0.027996908618421364,
    0.7213067343803942,
    0.6291299043423599,
    0.4200919189235251
  ],
  "eval_count": 30,
  "evals_to_f_best": 17,
  "total_time": 0.8057645839871839,
  "deviation_from_optimum": 0.0,
  "optimum": 1.6670679853629629,
  "optimum_x": [
    43.15324799999988,
    49.80644729813726
  ],
  "success": true
}