{
  "identifier": "Preprocessed-NO2-2015-193",
  "best_x": [
    41.057581189908134,
    61.99112505500065
  ],
  "best_y": 1.1377579734607814,
  "best_so_far": [
    -1.1614956320610277,
    -1.0199314946212388,
    -0.22343706701290258,
    -0.22343706701290258,
    -0.22343706701290258,
    -0.22343706701290258,
    -0.22343706701290258,
    -0.22343706701290258,
    -0.22343706701290258,
    -0.22343706701290258,
    -0.22343706701290258,
    1.0833007179662986,
    1.0833007179662986,
    1.0833007179662986,
    1.0833007179662986,
    1.0833007179662986,
    1.1377579734607814,
    1.1377579734607814,
    1.1377579734607814,
    1.1377579734607814,
    1.1377579734607814,
    1.1377579734607814,
    1.1377579734607814,
    1.1377579734607814,
    1.1377579734607814,
    1.1377579734607814,
    1.1377579734607814,
    1.1377579734607814,
    1.1377579734607814,
    1.1377579734607814
  ],
  "x_hist": [
    [
      37.5287639642604,
      26.91773629614788
    ],
    [
      47.829233999999445,
      82.35014112354563
    ],
    [
      31.884638999999517,
      58.65023680944083
    ],
    [
      35.48393890674565,
      94.94361745496738
    ],
    [
      24.43649077494007,
      62.13278598136728
    ],
    [
      30.148598999999777,
      49.256194251109285
    ],
    [
      41.744879999999405,
      100.4720072707649
    ],
    [
      42.04819271644504,
      19.95986456313124
    ],
    [
      26.332529999999636,
      50.75139652211307
    ],
    [
      37.56434179481704,
      65.99228961397372
    ],
    [
      37.52987700000009,
      53.68122940266476
    ],
    [
      35.701885123808836,
      55.18621527479079
    ],
    [
      43.15324799999988,
      49.80644729813726
    ],
    [
      38.33438834999996,
      58.44592514647611
    ],
    [
      39.229832009999384,
      57.71476613835181
    ],
    [
      39.633383609999676,
      58.71193055086302
    ],
    [
      41.057581189908134,
      61.99112505500065
    ],
    [
      40.8942870000001,
      63.7287142778469
    ],
    [
      41.97390332198082,
      63.405687949962356
    ],
    [
      42.665291999999894,
      64.17156140276876
    ],
    [
      45.875855999999494,
      61.971246146563196
    ],
    [
      36.948791999999415,
      67.37938143506399
    ],
    [
      42.231532428987144,
      67.14015513235218
    ],
    [
      35.8096057903139,
      69.02752086755608
    ],
    [
      36.67684199999985,
      69.27108846175109
    ],
    [
      37.891744377059425,
      70.10171806912226
    ],
    [
      41.399022581511126,
      69.4806678788119
    ],
    [
      38.273022000000154,
      71.34598861519042
    ],
    [
      52.36791299999944,
      61.25684396703845
    ],
    [
      43.90227600000007,
      69.88064291018797
    ]
  ],
  "y_hist": [
    -1.1614956320610277,
    -1.0199314946212388,
    -0.22343706701290258,
    -1.392882025922787,
    -1.6898264533714813,
    -0.38158745467774496,
    -2.6392683505326366,
    -0.9324675110684087,
    -0.5473878644396147,
    -2.00150152281408,
    -1.5553149853156145,
    1.0833007179662986,
    0.9918384989260279,
    0.47652865561276964,
    -0.37180865545128106,
    -0.22343706701290258,
    1.1377579734607814,
    0.3189935745244685,
    -0.08037263922087588,
    -0.01749264447536001,
    -0.10464875388651942,
    -1.392882025922787,
    -0.637703244311553,
    -0.3524401238504811,
    -1.4719023952410504,
    -1.9729094131407152,
    -0.26824756993791987,
    0.2302987254886017,
    -1.112808973663904,
    -0.9324675110684087
  ],
  "eval_count": 30,
  "evals_to_f_best": 17,
  "total_time": 0.8210033749928698,
  "deviation_from_optimum": 0.0,
  "optimum": 1.1377579734607814,
  "optimum_x": [
    41.057581189908134,
    61.99112505500065
  ],
  "success": true
}