{
  "identifier": "Preprocessed-NO2-2015-156",
  "best_x": [
    41.057581189908134,
    61.99112505500065
  ],
  "best_y": 2.016479830127755,
  "best_so_far": [
    0.32513280750974444,
    0.32513280750974444,
    0.4143297607056542,
    0.4143297607056542,
    0.6140439444695442,
    0.6140439444695442,
    0.6140439444695442,
    1.0190954932915186,
    1.2108241883139903,
    1.2108241883139903,
    1.2108241883139903,
    1.2108241883139903,
    1.2108241883139903,
    1.2108241883139903,
    1.2108241883139903,
    1.4518822675210927,
    1.4518822675210927,
    1.4518822675210927,
    1.4518822675210927,
    1.4518822675210927,
    1.9348814603948514,
    1.9348814603948514,
    1.9348814603948514,
    1.9348814603948514,
    1.9348814603948514,
    2.016479830127755,
    2.016479830127755,
    2.016479830127755,
    2.016479830127755,
    2.016479830127755
  ],
  "x_hist": [
    [
      37.5287639642604,
      26.91773629614788
    ],
    [
      47.829233999999445,
      82.35014112354563
    ],
    [
      37.44668562154183,
      60.29897548252391
    ],
    [
      35.48393890674565,
      94.94361745496738
    ],
    [
      36.948791999999415,
      67.37938143506399
    ],
    [
      38.67794999999997,
      75.22449383515101
    ],
    [
      41.744879999999405,
      100.4720072707649
    ],
    [
      45.875855999999494,
      61.971246146563196
    ],
    [
      42.665291999999894,
      64.17156140276876
    ],
    [
      48.23260800000003,
      72.10088596806122
    ],
    [
      50.751419999999946,
      65.22174826892642
    ],
    [
      37.36426499999942,
      87.78778327994611
    ],
    [
      45.64222666408809,
      111.9064932186795
    ],
    [
      43.90227600000007,
      69.88064291018797
    ],
    [
      42.03630598607403,
      84.26997486831613
    ],
    [
      43.15324799999988,
      49.80644729813726
    ],
    [
      42.04819271644504,
      19.95986456313124
    ],
    [
      39.229832009999384,
      57.71476613835181
    ],
    [
      37.52987700000009,
      53.68122940266476
    ],
    [
      39.633383609999676,
      58.71193055086302
    ],
    [
      42.834122999999536,
      61.13498131873914
    ],
    [
      42.231532428987144,
      67.14015513235218
    ],
    [
      35.701885123808836,
      55.18621527479079
    ],
    [
      38.33438834999996,
      58.44592514647611
    ],
    [
      30.148598999999777,
      49.256194251109285
    ],
    [
      41.057581189908134,
      61.99112505500065
    ],
    [
      52.36791299999944,
      61.25684396703845
    ],
    [
      37.56434179481704,
      65.99228961397372
    ],
    [
      41.399022581511126,
      69.4806678788119
    ],
    [
      36.67684199999985,
      69.27108846175109
    ]
  ],
  "y_hist": [
    0.32513280750974444,
    0.16357483524309432,
    0.4143297607056542,
    -0.2412010657271366,
    0.6140439444695442,
    0.17038228624168394,
    -0.38158745467774496,
    1.0190954932915186,
    1.2108241883139903,
    0.6190894630771556,
    0.2689542618297598,
    0.7721943321343866,
    -0.49358137345187497,
    0.3189935745244685,
    0.05757501585055113,
    1.4518822675210927,
    0.3910573507731312,
    1.007474477524456,
    0.09374641364798453,
    0.9069656980997336,
    1.9348814603948514,
    0.6880017782218253,
    1.6264282002433512,
    1.3189064831866746,
    0.6539410538995897,
    2.016479830127755,
    0.6490115244364324,
    0.2497509247894571,
    1.0152318093759094,
    0.2816213443650285
  ],
  "eval_count": 30,
  "evals_to_f_best": 26,
  "total_time": 0.8082515840069391,
  "deviation_from_optimum": 0.0,
  "optimum": 2.016479830127755,
  "optimum_x": [
    41.057581189908134,
    61.99112505500065
  ],
  "success": true
}