{
  "identifier": "Preprocessed-NO2-2015-241",
  "best_x": [
    43.15324799999988,
    49.80644729813726
  ],
  "best_y": 1.7943306369397842,
  "best_so_far": [
    0.2561793730408118,
    0.3554578868261881,
    1.0609523095233735,
    1.0609523095233735,
    1.0609523095233735,
    1.7943306369397842,
    1.7943306369397842,
    1.7943306369397842,
    1.7943306369397842,
    1.7943306369397842,
    1.7943306369397842,
    1.7943306369397842,
    1.7943306369397842,
    1.7943306369397842,
    1.7943306369397842,
    1.7943306369397842,
    1.7943306369397842,
    1.7943306369397842,
    1.7943306369397842,
    1.7943306369397842,
    1.7943306369397842,
    1.7943306369397842,
    1.7943306369397842,
    1.7943306369397842,
    1.7943306369397842,
    1.7943306369397842,
    1.7943306369397842,
    1.7943306369397842,
    1.7943306369397842,
    1.7943306369397842
  ],
  "x_hist": [
    [
      37.5287639642604,
      26.91773629614788
    ],
    [
      47.829233999999445,
      82.35014112354563
    ],
    [
      31.884638999999517,
      58.65023680944083
    ],
    [
      35.48393890674565,
      94.94361745496738
    ],
    [
      26.332529999999636,
      50.75139652211307
    ],
    [
      43.15324799999988,
      49.80644729813726
    ],
    [
      52.36791299999944,
      61.25684396703845
    ],
    [
      37.52987700000009,
      53.68122940266476
    ],
    [
      50.751419999999946,
      65.22174826892642
    ],
    [
      39.633383609999676,
      58.71193055086302
    ],
    [
      39.229832009999384,
      57.71476613835181
    ],
    [
      45.875855999999494,
      61.971246146563196
    ],
    [
      30.148598999999777,
      49.256194251109285
    ],
    [
      42.665291999999894,
      64.17156140276876
    ],
    [
      41.057581189908134,
      61.99112505500065
    ],
    [
      41.97390332198082,
      63.405687949962356
    ],
    [
      38.33438834999996,
      58.44592514647611
    ],
    [
      42.231532428987144,
      67.14015513235218
    ],
    [
      40.8942870000001,
      63.7287142778469
    ],
    [
      37.44668562154183,
      60.29897548252391
    ],
    [
      35.701885123808836,
      55.18621527479079
    ],
    [
      37.56434179481704,
      65.99228961397372
    ],
    [
      43.90227600000007,
      69.88064291018797
    ],
    [
      41.399022581511126,
      69.4806678788119
    ],
    [
      36.948791999999415,
      67.37938143506399
    ],
    [
      48.23260800000003,
      72.10088596806122
    ],
    [
      37.891744377059425,
      70.10171806912226
    ],
    [
      36.67684199999985,
      69.27108846175109
    ],
    [
      35.8096057903139,
      69.02752086755608
    ],
    [
      38.273022000000154,
      71.34598861519042
    ]
  ],
  "y_hist": [
    0.2561793730408118,
    0.3554578868261881,
    1.0609523095233735,
    -0.5806225882728716,
    0.6241180787431883,
    1.7943306369397842,
    -0.3144370719240541,
    0.10087726018212535,
    0.6341250516225128,
    1.486193255612345,
    0.7538887348674779,
    0.9152587599264133,
    0.8081491139602407,
    0.8170048350594039,
    1.7090751486933318,
    0.972061659842954,
    1.3655747095820503,
    0.14296526151086786,
    1.516970557685076,
    -0.3144370719240541,
    1.3777783570661408,
    0.32513280750974444,
    0.2171891192554189,
    1.0721681054598298,
    -0.14600234374976137,
    0.7306882672471479,
    -0.45188312619801335,
    0.2302987254886017,
    0.5415658480955721,
    1.270740627560908
  ],
  "eval_count": 30,
  "evals_to_f_best": 6,
  "total_time": 0.8366078330145683,
  "deviation_from_optimum": 0.0,
  "optimum": 1.7943306369397842,
  "optimum_x": [
    43.15324799999988,
    49.80644729813726
  ],
  "success": true
}