{
  "identifier": "Preprocessed-NO2-2015-288",
  "best_x": [
    41.97390332198082,
    63.405687949962356
  ],
  "best_y": 1.6943829559718961,
  "best_so_far": [
    -0.16286814335125438,
    -0.16286814335125438,
    0.8170048350594039,
    0.8170048350594039,
    0.8170048350594039,
    0.8170048350594039,
    0.877573758721052,
    0.877573758721052,
    0.877573758721052,
    0.877573758721052,
    1.3716889354390287,
    1.3716889354390287,
    1.3716889354390287,
    1.3716889354390287,
    1.3716889354390287,
    1.3716889354390287,
    1.3716889354390287,
    1.3716889354390287,
    1.3716889354390287,
    1.3716889354390287,
    1.3716889354390287,
    1.3716889354390287,
    1.3716889354390287,
    1.3716889354390287,
    1.3716889354390287,
    1.3716889354390287,
    1.3716889354390287,
    1.3716889354390287,
    1.6943829559718961,
    1.6943829559718961
  ],
  "x_hist": [
    [
      37.5287639642604,
      26.91773629614788
    ],
    [
      47.829233999999445,
      82.35014112354563
    ],
    [
      31.884638999999517,
      58.65023680944083
    ],
    [
      35.48393890674565,
      94.94361745496738
    ],
    [
      37.52987700000009,
      53.68122940266476
    ],
    [
      24.43649077494007,
      62.13278598136728
    ],
    [
      35.8096057903139,
      69.02752086755608
    ],
    [
      41.744879999999405,
      100.4720072707649
    ],
    [
      42.04819271644504,
      19.95986456313124
    ],
    [
      32.13036654481498,
      89.6343673225596
    ],
    [
      35.701885123808836,
      55.18621527479079
    ],
    [
      37.36426499999942,
      87.78778327994611
    ],
    [
      34.88452499999944,
      72.97514525247436
    ],
    [
      30.148598999999777,
      49.256194251109285
    ],
    [
      38.67794999999997,
      75.22449383515101
    ],
    [
      38.33438834999996,
      58.44592514647611
    ],
    [
      43.15324799999988,
      49.80644729813726
    ],
    [
      26.332529999999636,
      50.75139652211307
    ],
    [
      32.476458372216044,
      74.63865922449735
    ],
    [
      39.229832009999384,
      57.71476613835181
    ],
    [
      39.633383609999676,
      58.71193055086302
    ],
    [
      36.948791999999415,
      67.37938143506399
    ],
    [
      37.56434179481704,
      65.99228961397372
    ],
    [
      42.349365925427506,
      51.68134232422675
    ],
    [
      41.057581189908134,
      61.99112505500065
    ],
    [
      40.8942870000001,
      63.7287142778469
    ],
    [
      36.67684199999985,
      69.27108846175109
    ],
    [
      42.834122999999536,
      61.13498131873914
    ],
    [
      41.97390332198082,
      63.405687949962356
    ],
    [
      42.665291999999894,
      64.17156140276876
    ]
  ],
  "y_hist": [
    -0.16286814335125438,
    -0.41131199772994653,
    0.8170048350594039,
    -0.6493845512991753,
    -0.1210537299887212,
    -0.42135243899515085,
    0.877573758721052,
    -0.6970406292421844,
    0.1906213394538769,
    0.32513280750974444,
    1.3716889354390287,
    0.6039017412048809,
    0.18390526394342624,
    0.583409404194896,
    0.16357483524309432,
    0.46540978719812554,
    0.43155029801914585,
    -0.1293239457993056,
    0.1973074991613457,
    0.3674184311641557,
    1.237749401233652,
    0.22375823421469399,
    1.1589994652775206,
    0.2039640083957735,
    1.0943513718461966,
    0.9111179562730009,
    0.035446255780935305,
    0.6291299043423599,
    1.6943829559718961,
    -0.01749264447536001
  ],
  "eval_count": 30,
  "evals_to_f_best": 29,
  "total_time": 0.8114305839990266,
  "deviation_from_optimum": 0.0,
  "optimum": 1.6943829559718961,
  "optimum_x": [
    41.97390332198082,
    63.405687949962356
  ],
  "success": true
}