{
  "identifier": "Preprocessed-NO2-2015-221",
  "best_x": [
    41.057581189908134,
    61.99112505500065
  ],
  "best_y": 1.5978360905699867,
  "best_so_far": [
    -0.45188312619801335,
    0.020510407451066973,
    0.2941824249672388,
    0.2941824249672388,
    0.2941824249672388,
    0.2941824249672388,
    1.541690902948854,
    1.541690902948854,
    1.541690902948854,
    1.541690902948854,
    1.541690902948854,
    1.541690902948854,
    1.541690902948854,
    1.541690902948854,
    1.5978360905699867,
    1.5978360905699867,
    1.5978360905699867,
    1.5978360905699867,
    1.5978360905699867,
    1.5978360905699867,
    1.5978360905699867,
    1.5978360905699867,
    1.5978360905699867,
    1.5978360905699867,
    1.5978360905699867,
    1.5978360905699867,
    1.5978360905699867,
    1.5978360905699867,
    1.5978360905699867,
    1.5978360905699867
  ],
  "x_hist": [
    [
      37.5287639642604,
      26.91773629614788
    ],
    [
      47.829233999999445,
      82.35014112354563
    ],
    [
      31.884638999999517,
      58.65023680944083
    ],
    [
      35.48393890674565,
      94.94361745496738
    ],
    [
      33.36529397954962,
      85.15777905758739
    ],
    [
      38.67794999999997,
      75.22449383515101
    ],
    [
      43.15324799999988,
      49.80644729813726
    ],
    [
      37.52987700000009,
      53.68122940266476
    ],
    [
      39.229832009999384,
      57.71476613835181
    ],
    [
      42.04819271644504,
      19.95986456313124
    ],
    [
      30.148598999999777,
      49.256194251109285
    ],
    [
      39.633383609999676,
      58.71193055086302
    ],
    [
      35.701885123808836,
      55.18621527479079
    ],
    [
      38.33438834999996,
      58.44592514647611
    ],
    [
      41.057581189908134,
      61.99112505500065
    ],
    [
      45.875855999999494,
      61.971246146563196
    ],
    [
      41.97390332198082,
      63.405687949962356
    ],
    [
      26.332529999999636,
      50.75139652211307
    ],
    [
      40.8942870000001,
      63.7287142778469
    ],
    [
      42.665291999999894,
      64.17156140276876
    ],
    [
      52.36791299999944,
      61.25684396703845
    ],
    [
      37.56434179481704,
      65.99228961397372
    ],
    [
      42.231532428987144,
      67.14015513235218
    ],
    [
      50.751419999999946,
      65.22174826892642
    ],
    [
      36.948791999999415,
      67.37938143506399
    ],
    [
      41.399022581511126,
      69.4806678788119
    ],
    [
      35.8096057903139,
      69.02752086755608
    ],
    [
      36.67684199999985,
      69.27108846175109
    ],
    [
      43.90227600000007,
      69.88064291018797
    ],
    [
      37.891744377059425,
      70.10171806912226
    ]
  ],
  "y_hist": [
    -0.45188312619801335,
    0.020510407451066973,
    0.2941824249672388,
    -0.1293239457993056,
    -0.7338026390371855,
    -1.0969248003330587,
    1.541690902948854,
    -0.9610596207417734,
    0.2561793730408118,
    -0.391430377635874,
    0.027996908618421364,
    0.5468605286204314,
    1.2740002170556248,
    0.9235062552494142,
    1.5978360905699867,
    0.8037015836769549,
    0.6686332466210254,
    0.3373364549938343,
    0.9152587599264133,
    0.7071235702194644,
    -0.37180865545128106,
    -0.975562539095333,
    -0.04860340314627779,
    -0.04860340314627779,
    -0.42135243899515085,
    0.43724685275926545,
    0.45981931379943486,
    -0.890575293358446,
    -0.056482898260752916,
    -0.9183731317164515
  ],
  "eval_count": 30,
  "evals_to_f_best": 15,
  "total_time": 0.8064713749918155,
  "deviation_from_optimum": 0.0,
  "optimum": 1.5978360905699867,
  "optimum_x": [
    41.057581189908134,
    61.99112505500065
  ],
  "success": true
}