{
  "identifier": "Preprocessed-NO2-2015-339",
  "best_x": [
    41.057581189908134,
    61.99112505500065
  ],
  "best_y": 1.4402687444244011,
  "best_so_far": [
    -1.4923250282703198,
    -1.0199314946212388,
    0.16357483524309432,
    0.16357483524309432,
    1.237749401233652,
    1.237749401233652,
    1.237749401233652,
    1.237749401233652,
    1.237749401233652,
    1.237749401233652,
    1.237749401233652,
    1.237749401233652,
    1.237749401233652,
    1.237749401233652,
    1.237749401233652,
    1.237749401233652,
    1.237749401233652,
    1.237749401233652,
    1.4402687444244011,
    1.4402687444244011,
    1.4402687444244011,
    1.4402687444244011,
    1.4402687444244011,
    1.4402687444244011,
    1.4402687444244011,
    1.4402687444244011,
    1.4402687444244011,
    1.4402687444244011,
    1.4402687444244011,
    1.4402687444244011
  ],
  "x_hist": [
    [
      37.5287639642604,
      26.91773629614788
    ],
    [
      47.829233999999445,
      82.35014112354563
    ],
    [
      31.884638999999517,
      58.65023680944083
    ],
    [
      35.48393890674565,
      94.94361745496738
    ],
    [
      35.701885123808836,
      55.18621527479079
    ],
    [
      42.04819271644504,
      19.95986456313124
    ],
    [
      26.332529999999636,
      50.75139652211307
    ],
    [
      16.28216201918641,
      83.86135661828055
    ],
    [
      32.13036654481498,
      89.6343673225596
    ],
    [
      30.148598999999777,
      49.256194251109285
    ],
    [
      37.52987700000009,
      53.68122940266476
    ],
    [
      34.87819799999964,
      76.08489822384199
    ],
    [
      32.476458372216044,
      74.63865922449735
    ],
    [
      38.33438834999996,
      58.44592514647611
    ],
    [
      24.43649077494007,
      62.13278598136728
    ],
    [
      39.229832009999384,
      57.71476613835181
    ],
    [
      39.633383609999676,
      58.71193055086302
    ],
    [
      37.56434179481704,
      65.99228961397372
    ],
    [
      41.057581189908134,
      61.99112505500065
    ],
    [
      42.349365925427506,
      51.68134232422675
    ],
    [
      36.948791999999415,
      67.37938143506399
    ],
    [
      40.8942870000001,
      63.7287142778469
    ],
    [
      43.15324799999988,
      49.80644729813726
    ],
    [
      35.8096057903139,
      69.02752086755608
    ],
    [
      41.97390332198082,
      63.405687949962356
    ],
    [
      42.834122999999536,
      61.13498131873914
    ],
    [
      36.67684199999985,
      69.27108846175109
    ],
    [
      42.665291999999894,
      64.17156140276876
    ],
    [
      45.875855999999494,
      61.971246146563196
    ],
    [
      41.399022581511126,
      69.4806678788119
    ]
  ],
  "y_hist": [
    -1.4923250282703198,
    -1.0199314946212388,
    0.16357483524309432,
    -0.9183731317164515,
    1.237749401233652,
    -0.8768670668292121,
    -0.614609860006585,
    -1.1614956320610277,
    -0.6970406292421844,
    -0.90440986476991,
    -2.0603733966935454,
    -2.878030879003673,
    -1.6436369513853475,
    0.5988048250259156,
    -2.0906984760099894,
    0.2039640083957735,
    0.12906664024458164,
    -2.00150152281408,
    1.4402687444244011,
    -0.614609860006585,
    -1.6436369513853475,
    1.1625106724281613,
    0.17038228624168394,
    -1.6436369513853475,
    0.12906664024458164,
    1.1089601525828112,
    -1.392882025922787,
    0.07938228133053304,
    0.2753011650384508,
    -0.49358137345187497
  ],
  "eval_count": 30,
  "evals_to_f_best": 19,
  "total_time": 0.813096208992647,
  "deviation_from_optimum": 0.0,
  "optimum": 1.4402687444244011,
  "optimum_x": [
    41.057581189908134,
    61.99112505500065
  ],
  "success": true
}