{
  "identifier": "Preprocessed-NO2-2015-311",
  "best_x": [
    35.701885123808836,
    55.18621527479079
  ],
  "best_y": 1.4373512695070154,
  "best_so_far": [
    -0.6730234709081507,
    -0.3144370719240541,
    0.47097951667751753,
    0.47097951667751753,
    0.47097951667751753,
    0.47097951667751753,
    0.47097951667751753,
    0.47097951667751753,
    1.4373512695070154,
    1.4373512695070154,
    1.4373512695070154,
    1.4373512695070154,
    1.4373512695070154,
    1.4373512695070154,
    1.4373512695070154,
    1.4373512695070154,
    1.4373512695070154,
    1.4373512695070154,
    1.4373512695070154,
    1.4373512695070154,
    1.4373512695070154,
    1.4373512695070154,
    1.4373512695070154,
    1.4373512695070154,
    1.4373512695070154,
    1.4373512695070154,
    1.4373512695070154,
    1.4373512695070154,
    1.4373512695070154,
    1.4373512695070154
  ],
  "x_hist": [
    [
      37.5287639642604,
      26.91773629614788
    ],
    [
      47.829233999999445,
      82.35014112354563
    ],
    [
      31.884638999999517,
      58.65023680944083
    ],
    [
      16.28216201918641,
      83.86135661828055
    ],
    [
      26.332529999999636,
      50.75139652211307
    ],
    [
      37.52987700000009,
      53.68122940266476
    ],
    [
      30.148598999999777,
      49.256194251109285
    ],
    [
      42.04819271644504,
      19.95986456313124
    ],
    [
      35.701885123808836,
      55.18621527479079
    ],
    [
      24.43649077494007,
      62.13278598136728
    ],
    [
      38.33438834999996,
      58.44592514647611
    ],
    [
      42.349365925427506,
      51.68134232422675
    ],
    [
      43.15324799999988,
      49.80644729813726
    ],
    [
      39.229832009999384,
      57.71476613835181
    ],
    [
      49.543184999999745,
      44.872801955437204
    ],
    [
      39.633383609999676,
      58.71193055086302
    ],
    [
      37.44668562154183,
      60.29897548252391
    ],
    [
      41.057581189908134,
      61.99112505500065
    ],
    [
      42.834122999999536,
      61.13498131873914
    ],
    [
      40.8942870000001,
      63.7287142778469
    ],
    [
      37.56434179481704,
      65.99228961397372
    ],
    [
      41.97390332198082,
      63.405687949962356
    ],
    [
      36.948791999999415,
      67.37938143506399
    ],
    [
      42.665291999999894,
      64.17156140276876
    ],
    [
      45.875855999999494,
      61.971246146563196
    ],
    [
      35.8096057903139,
      69.02752086755608
    ],
    [
      36.67684199999985,
      69.27108846175109
    ],
    [
      42.231532428987144,
      67.14015513235218
    ],
    [
      37.891744377059425,
      70.10171806912226
    ],
    [
      41.399022581511126,
      69.4806678788119
    ]
  ],
  "y_hist": [
    -0.6730234709081507,
    -0.3144370719240541,
    0.47097951667751753,
    -0.8101431765837047,
    0.10797439100389772,
    -0.8498205626184295,
    0.0648793629769735,
    -0.4416370770463908,
    1.4373512695070154,
    -1.7374825313144904,
    0.964077383717481,
    0.4429218703790188,
    1.2074243219172078,
    0.4820573556842821,
    0.05757501585055113,
    0.18390526394342624,
    -1.0199314946212388,
    1.1868618034796596,
    1.0496520776911848,
    1.007474477524456,
    -1.263878969085209,
    0.5093994663631725,
    -0.1713726441320268,
    0.3373364549938343,
    0.3189935745244685,
    -0.5806225882728716,
    -0.7971470748590601,
    -0.37180865545128106,
    -1.0969248003330587,
    0.3128291290126751
  ],
  "eval_count": 30,
  "evals_to_f_best": 9,
  "total_time": 0.817622417001985,
  "deviation_from_optimum": 0.0,
  "optimum": 1.4373512695070154,
  "optimum_x": [
    35.701885123808836,
    55.18621527479079
  ],
  "success": true
}