{
  "identifier": "Preprocessed-NO2-2015-286",
  "best_x": [
    41.97390332198082,
    63.405687949962356
  ],
  "best_y": 1.4833637724513253,
  "best_so_far": [
    -0.10464875388651942,
    -0.10464875388651942,
    -0.10464875388651942,
    -0.10464875388651942,
    0.08658152953127377,
    0.7023659105392768,
    0.7023659105392768,
    0.7023659105392768,
    0.7023659105392768,
    0.7023659105392768,
    0.7023659105392768,
    0.7023659105392768,
    0.7023659105392768,
    0.7023659105392768,
    1.4833637724513253,
    1.4833637724513253,
    1.4833637724513253,
    1.4833637724513253,
    1.4833637724513253,
    1.4833637724513253,
    1.4833637724513253,
    1.4833637724513253,
    1.4833637724513253,
    1.4833637724513253,
    1.4833637724513253,
    1.4833637724513253,
    1.4833637724513253,
    1.4833637724513253,
    1.4833637724513253,
    1.4833637724513253
  ],
  "x_hist": [
    [
      37.5287639642604,
      26.91773629614788
    ],
    [
      47.829233999999445,
      82.35014112354563
    ],
    [
      24.43649077494007,
      62.13278598136728
    ],
    [
      35.48393890674565,
      94.94361745496738
    ],
    [
      42.665291999999894,
      64.17156140276876
    ],
    [
      42.231532428987144,
      67.14015513235218
    ],
    [
      48.23260800000003,
      72.10088596806122
    ],
    [
      32.476458372216044,
      74.63865922449735
    ],
    [
      43.15324799999988,
      49.80644729813726
    ],
    [
      42.349365925427506,
      51.68134232422675
    ],
    [
      45.875855999999494,
      61.971246146563196
    ],
    [
      42.834122999999536,
      61.13498131873914
    ],
    [
      37.52987700000009,
      53.68122940266476
    ],
    [
      50.751419999999946,
      65.22174826892642
    ],
    [
      41.97390332198082,
      63.405687949962356
    ],
    [
      39.633383609999676,
      58.71193055086302
    ],
    [
      43.90227600000007,
      69.88064291018797
    ],
    [
      39.229832009999384,
      57.71476613835181
    ],
    [
      38.33438834999996,
      58.44592514647611
    ],
    [
      40.8942870000001,
      63.7287142778469
    ],
    [
      41.057581189908134,
      61.99112505500065
    ],
    [
      41.399022581511126,
      69.4806678788119
    ],
    [
      37.56434179481704,
      65.99228961397372
    ],
    [
      52.36791299999944,
      61.25684396703845
    ],
    [
      37.44668562154183,
      60.29897548252391
    ],
    [
      36.948791999999415,
      67.37938143506399
    ],
    [
      37.891744377059425,
      70.10171806912226
    ],
    [
      36.67684199999985,
      69.27108846175109
    ],
    [
      38.273022000000154,
      71.34598861519042
    ],
    [
      35.8096057903139,
      69.02752086755608
    ]
  ],
  "y_hist": [
    -0.10464875388651942,
    -0.22343706701290258,
    -0.5041894767726118,
    -0.7842625290314946,
    0.08658152953127377,
    0.7023659105392768,
    -1.2996197140687709,
    0.14296526151086786,
    0.4085453975843075,
    0.22375823421469399,
    0.3434012728301221,
    0.6831830248941215,
    0.050234950503268566,
    0.05757501585055113,
    1.4833637724513253,
    1.3125729701089148,
    0.2497509247894571,
    0.3312470333667223,
    0.5309201270723722,
    1.0190954932915186,
    1.299825204552487,
    0.7767360613858838,
    1.0833007179662986,
    -0.1885275779677678,
    0.2941824249672388,
    0.2561793730408118,
    0.07938228133053304,
    0.027996908618421364,
    -0.056482898260752916,
    0.8389182223798947
  ],
  "eval_count": 30,
  "evals_to_f_best": 15,
  "total_time": 0.8420161250105593,
  "deviation_from_optimum": 0.0,
  "optimum": 1.4833637724513253,
  "optimum_x": [
    41.97390332198082,
    63.405687949962356
  ],
  "success": true
}