{
  "identifier": "Preprocessed-NO2-2015-252",
  "best_x": [
    41.97390332198082,
    63.405687949962356
  ],
  "best_y": 1.9306827433286278,
  "best_so_far": [
    0.43724685275926545,
    0.43724685275926545,
    1.169508542316888,
    1.169508542316888,
    1.169508542316888,
    1.169508542316888,
    1.169508542316888,
    1.169508542316888,
    1.169508542316888,
    1.169508542316888,
    1.169508542316888,
    1.169508542316888,
    1.169508542316888,
    1.169508542316888,
    1.169508542316888,
    1.169508542316888,
    1.169508542316888,
    1.169508542316888,
    1.1937473218490882,
    1.1937473218490882,
    1.5552505287844036,
    1.8284725266982087,
    1.9306827433286278,
    1.9306827433286278,
    1.9306827433286278,
    1.9306827433286278,
    1.9306827433286278,
    1.9306827433286278,
    1.9306827433286278,
    1.9306827433286278
  ],
  "x_hist": [
    [
      37.5287639642604,
      26.91773629614788
    ],
    [
      47.829233999999445,
      82.35014112354563
    ],
    [
      31.884638999999517,
      58.65023680944083
    ],
    [
      35.48393890674565,
      94.94361745496738
    ],
    [
      30.148598999999777,
      49.256194251109285
    ],
    [
      32.13036654481498,
      89.6343673225596
    ],
    [
      35.8096057903139,
      69.02752086755608
    ],
    [
      43.15324799999988,
      49.80644729813726
    ],
    [
      32.476458372216044,
      74.63865922449735
    ],
    [
      26.332529999999636,
      50.75139652211307
    ],
    [
      37.44668562154183,
      60.29897548252391
    ],
    [
      36.948791999999415,
      67.37938143506399
    ],
    [
      37.56434179481704,
      65.99228961397372
    ],
    [
      34.88452499999944,
      72.97514525247436
    ],
    [
      36.67684199999985,
      69.27108846175109
    ],
    [
      34.87819799999964,
      76.08489822384199
    ],
    [
      35.701885123808836,
      55.18621527479079
    ],
    [
      37.891744377059425,
      70.10171806912226
    ],
    [
      38.33438834999996,
      58.44592514647611
    ],
    [
      37.52987700000009,
      53.68122940266476
    ],
    [
      39.633383609999676,
      58.71193055086302
    ],
    [
      41.057581189908134,
      61.99112505500065
    ],
    [
      41.97390332198082,
      63.405687949962356
    ],
    [
      38.273022000000154,
      71.34598861519042
    ],
    [
      42.665291999999894,
      64.17156140276876
    ],
    [
      42.231532428987144,
      67.14015513235218
    ],
    [
      45.875855999999494,
      61.971246146563196
    ],
    [
      41.399022581511126,
      69.4806678788119
    ],
    [
      43.90227600000007,
      69.88064291018797
    ],
    [
      38.67794999999997,
      75.22449383515101
    ]
  ],
  "y_hist": [
    0.43724685275926545,
    -0.3144370719240541,
    1.169508542316888,
    -0.7091948687055835,
    0.07214833782375932,
    -0.032967424547850586,
    1.057195010008471,
    0.2816213443650285,
    0.9760379280554485,
    0.16357483524309432,
    0.6291299043423599,
    0.8860303465671945,
    0.9918384989260279,
    0.9193881720835853,
    0.4820573556842821,
    0.9235062552494142,
    0.6089814089035618,
    0.2171891192554189,
    1.1937473218490882,
    -0.04860340314627779,
    1.5552505287844036,
    1.8284725266982087,
    1.9306827433286278,
    0.09374641364798453,
    0.7071235702194644,
    0.4085453975843075,
    0.4085453975843075,
    0.2497509247894571,
    -0.3524401238504811,
    0.5255688188289981
  ],
  "eval_count": 30,
  "evals_to_f_best": 23,
  "total_time": 0.8140755839995109,
  "deviation_from_optimum": 0.0,
  "optimum": 1.9306827433286278,
  "optimum_x": [
    41.97390332198082,
    63.405687949962356
  ],
  "success": true
}