{
  "identifier": "Preprocessed-NO2-2015-342",
  "best_x": [
    41.057581189908134,
    61.99112505500065
  ],
  "best_y": 1.883704672702107,
  "best_so_far": [
    -0.1293239457993056,
    0.16357483524309432,
    0.6783487522052433,
    0.6783487522052433,
    0.6783487522052433,
    0.6783487522052433,
    0.6783487522052433,
    0.6783487522052433,
    0.6783487522052433,
    1.4634066264133159,
    1.4634066264133159,
    1.4634066264133159,
    1.4634066264133159,
    1.4634066264133159,
    1.4634066264133159,
    1.803511340620043,
    1.803511340620043,
    1.803511340620043,
    1.883704672702107,
    1.883704672702107,
    1.883704672702107,
    1.883704672702107,
    1.883704672702107,
    1.883704672702107,
    1.883704672702107,
    1.883704672702107,
    1.883704672702107,
    1.883704672702107,
    1.883704672702107,
    1.883704672702107
  ],
  "x_hist": [
    [
      37.5287639642604,
      26.91773629614788
    ],
    [
      47.829233999999445,
      82.35014112354563
    ],
    [
      31.884638999999517,
      58.65023680944083
    ],
    [
      35.48393890674565,
      94.94361745496738
    ],
    [
      24.43649077494007,
      62.13278598136728
    ],
    [
      26.332529999999636,
      50.75139652211307
    ],
    [
      32.13036654481498,
      89.6343673225596
    ],
    [
      33.36529397954962,
      85.15777905758739
    ],
    [
      30.148598999999777,
      49.256194251109285
    ],
    [
      43.15324799999988,
      49.80644729813726
    ],
    [
      38.33438834999996,
      58.44592514647611
    ],
    [
      37.52987700000009,
      53.68122940266476
    ],
    [
      42.04819271644504,
      19.95986456313124
    ],
    [
      49.543184999999745,
      44.872801955437204
    ],
    [
      42.349365925427506,
      51.68134232422675
    ],
    [
      35.701885123808836,
      55.18621527479079
    ],
    [
      39.229832009999384,
      57.71476613835181
    ],
    [
      39.633383609999676,
      58.71193055086302
    ],
    [
      41.057581189908134,
      61.99112505500065
    ],
    [
      42.834122999999536,
      61.13498131873914
    ],
    [
      40.8942870000001,
      63.7287142778469
    ],
    [
      41.97390332198082,
      63.405687949962356
    ],
    [
      37.56434179481704,
      65.99228961397372
    ],
    [
      45.875855999999494,
      61.971246146563196
    ],
    [
      42.665291999999894,
      64.17156140276876
    ],
    [
      36.948791999999415,
      67.37938143506399
    ],
    [
      35.8096057903139,
      69.02752086755608
    ],
    [
      36.67684199999985,
      69.27108846175109
    ],
    [
      41.399022581511126,
      69.4806678788119
    ],
    [
      38.273022000000154,
      71.34598861519042
    ]
  ],
  "y_hist": [
    -0.1293239457993056,
    0.16357483524309432,
    0.6783487522052433,
    -0.1376399802137754,
    -0.45188312619801335,
    0.4085453975843075,
    0.4258320420657214,
    -0.391430377635874,
    0.3189935745244685,
    1.4634066264133159,
    1.1971782727655853,
    -0.7091948687055835,
    0.2302987254886017,
    0.005424447578251948,
    0.7630694385477358,
    1.803511340620043,
    0.9996768476644234,
    0.5468605286204314,
    1.883704672702107,
    1.5141985525160149,
    1.6845076547445346,
    1.2108241883139903,
    -0.7462594771050677,
    0.9839590038115535,
    0.7023659105392768,
    -0.3144370719240541,
    -0.3238480141771158,
    0.050234950503268566,
    0.7992408363451698,
    0.9439288882786829
  ],
  "eval_count": 30,
  "evals_to_f_best": 19,
  "total_time": 0.8422847080219071,
  "deviation_from_optimum": 0.0,
  "optimum": 1.883704672702107,
  "optimum_x": [
    41.057581189908134,
    61.99112505500065
  ],
  "success": true
}