{
  "identifier": "Preprocessed-NO2-2015-219",
  "best_x": [
    40.8942870000001,
    63.7287142778469
  ],
  "best_y": 1.721209736787358,
  "best_so_far": [
    0.46540978719812554,
    0.46540978719812554,
    0.8605162982041191,
    0.8605162982041191,
    1.0229492575969463,
    1.0229492575969463,
    1.0229492575969463,
    1.0229492575969463,
    1.0229492575969463,
    1.6443436432771874,
    1.6443436432771874,
    1.6443436432771874,
    1.6820286444825485,
    1.6820286444825485,
    1.6820286444825485,
    1.6820286444825485,
    1.6820286444825485,
    1.6820286444825485,
    1.6820286444825485,
    1.6820286444825485,
    1.6820286444825485,
    1.721209736787358,
    1.721209736787358,
    1.721209736787358,
    1.721209736787358,
    1.721209736787358,
    1.721209736787358,
    1.721209736787358,
    1.721209736787358,
    1.721209736787358
  ],
  "x_hist": [
    [
      37.5287639642604,
      26.91773629614788
    ],
    [
      47.829233999999445,
      82.35014112354563
    ],
    [
      31.884638999999517,
      58.65023680944083
    ],
    [
      35.48393890674565,
      94.94361745496738
    ],
    [
      38.273022000000154,
      71.34598861519042
    ],
    [
      45.64222666408809,
      111.9064932186795
    ],
    [
      33.36529397954962,
      85.15777905758739
    ],
    [
      24.43649077494007,
      62.13278598136728
    ],
    [
      36.948791999999415,
      67.37938143506399
    ],
    [
      35.701885123808836,
      55.18621527479079
    ],
    [
      37.52987700000009,
      53.68122940266476
    ],
    [
      30.148598999999777,
      49.256194251109285
    ],
    [
      43.15324799999988,
      49.80644729813726
    ],
    [
      38.33438834999996,
      58.44592514647611
    ],
    [
      42.04819271644504,
      19.95986456313124
    ],
    [
      26.332529999999636,
      50.75139652211307
    ],
    [
      39.229832009999384,
      57.71476613835181
    ],
    [
      39.633383609999676,
      58.71193055086302
    ],
    [
      41.057581189908134,
      61.99112505500065
    ],
    [
      45.875855999999494,
      61.971246146563196
    ],
    [
      41.97390332198082,
      63.405687949962356
    ],
    [
      40.8942870000001,
      63.7287142778469
    ],
    [
      42.665291999999894,
      64.17156140276876
    ],
    [
      37.56434179481704,
      65.99228961397372
    ],
    [
      52.36791299999944,
      61.25684396703845
    ],
    [
      42.231532428987144,
      67.14015513235218
    ],
    [
      50.751419999999946,
      65.22174826892642
    ],
    [
      35.8096057903139,
      69.02752086755608
    ],
    [
      36.67684199999985,
      69.27108846175109
    ],
    [
      41.399022581511126,
      69.4806678788119
    ]
  ],
  "y_hist": [
    0.46540978719812554,
    -0.22343706701290258,
    0.8605162982041191,
    -0.08037263922087588,
    1.0229492575969463,
    -0.5583845463880237,
    0.37928442475581914,
    0.32513280750974444,
    0.6734988598682657,
    1.6443436432771874,
    0.16357483524309432,
    0.8258086161467119,
    1.6820286444825485,
    1.343976633757825,
    0.4200919189235251,
    0.8389182223798947,
    0.8562214730353249,
    1.5498413684354788,
    1.5925785007028463,
    0.8733275313562716,
    1.6695718064146656,
    1.721209736787358,
    0.9760379280554485,
    1.0190954932915186,
    0.7118661977745061,
    0.8037015836769549,
    0.2039640083957735,
    1.1589994652775206,
    0.46540978719812554,
    0.8818080079955526
  ],
  "eval_count": 30,
  "evals_to_f_best": 22,
  "total_time": 0.8308689169934951,
  "deviation_from_optimum": 0.0,
  "optimum": 1.721209736787358,
  "optimum_x": [
    40.8942870000001,
    63.7287142778469
  ],
  "success": true
}