{
  "identifier": "Preprocessed-NO2-2015-285",
  "best_x": [
    35.701885123808836,
    55.18621527479079
  ],
  "best_y": 1.7041937122857331,
  "best_so_far": [
    0.1360320373023964,
    0.1360320373023964,
    0.2753011650384508,
    0.2753011650384508,
    0.2753011650384508,
    0.2753011650384508,
    1.7041937122857331,
    1.7041937122857331,
    1.7041937122857331,
    1.7041937122857331,
    1.7041937122857331,
    1.7041937122857331,
    1.7041937122857331,
    1.7041937122857331,
    1.7041937122857331,
    1.7041937122857331,
    1.7041937122857331,
    1.7041937122857331,
    1.7041937122857331,
    1.7041937122857331,
    1.7041937122857331,
    1.7041937122857331,
    1.7041937122857331,
    1.7041937122857331,
    1.7041937122857331,
    1.7041937122857331,
    1.7041937122857331,
    1.7041937122857331,
    1.7041937122857331,
    1.7041937122857331
  ],
  "x_hist": [
    [
      37.5287639642604,
      26.91773629614788
    ],
    [
      47.829233999999445,
      82.35014112354563
    ],
    [
      24.43649077494007,
      62.13278598136728
    ],
    [
      35.48393890674565,
      94.94361745496738
    ],
    [
      37.52987700000009,
      53.68122940266476
    ],
    [
      26.332529999999636,
      50.75139652211307
    ],
    [
      35.701885123808836,
      55.18621527479079
    ],
    [
      42.04819271644504,
      19.95986456313124
    ],
    [
      43.15324799999988,
      49.80644729813726
    ],
    [
      16.28216201918641,
      83.86135661828055
    ],
    [
      30.148598999999777,
      49.256194251109285
    ],
    [
      38.33438834999996,
      58.44592514647611
    ],
    [
      42.349365925427506,
      51.68134232422675
    ],
    [
      39.229832009999384,
      57.71476613835181
    ],
    [
      39.633383609999676,
      58.71193055086302
    ],
    [
      37.44668562154183,
      60.29897548252391
    ],
    [
      41.057581189908134,
      61.99112505500065
    ],
    [
      42.834122999999536,
      61.13498131873914
    ],
    [
      40.8942870000001,
      63.7287142778469
    ],
    [
      41.97390332198082,
      63.405687949962356
    ],
    [
      37.56434179481704,
      65.99228961397372
    ],
    [
      42.665291999999894,
      64.17156140276876
    ],
    [
      36.948791999999415,
      67.37938143506399
    ],
    [
      45.875855999999494,
      61.971246146563196
    ],
    [
      42.231532428987144,
      67.14015513235218
    ],
    [
      35.8096057903139,
      69.02752086755608
    ],
    [
      36.67684199999985,
      69.27108846175109
    ],
    [
      37.891744377059425,
      70.10171806912226
    ],
    [
      52.36791299999944,
      61.25684396703845
    ],
    [
      38.273022000000154,
      71.34598861519042
    ]
  ],
  "y_hist": [
    0.1360320373023964,
    -0.1376399802137754,
    0.2753011650384508,
    -0.3144370719240541,
    0.2625804077835235,
    0.1360320373023964,
    1.7041937122857331,
    0.2941824249672388,
    0.7213067343803942,
    0.306639263035121,
    1.0113581546520458,
    0.7071235702194644,
    0.4485755131171788,
    0.3851824298783897,
    1.328356925982428,
    0.4143297607056542,
    1.12702343160358,
    0.6440657526722275,
    0.9680748304807081,
    1.6109000579101322,
    1.2901928268617635,
    0.3614500719194548,
    0.4875657669025717,
    0.6291299043423599,
    0.7676388191614539,
    0.902801921858531,
    0.2171891192554189,
    0.3614500719194548,
    0.32513280750974444,
    0.2941824249672388
  ],
  "eval_count": 30,
  "evals_to_f_best": 7,
  "total_time": 0.8187011670088395,
  "deviation_from_optimum": 0.0,
  "optimum": 1.7041937122857331,
  "optimum_x": [
    35.701885123808836,
    55.18621527479079
  ],
  "success": true
}