{
  "identifier": "Preprocessed-NO2-2015-185",
  "best_x": [
    35.701885123808836,
    55.18621527479079
  ],
  "best_y": 1.8126362342066924,
  "best_so_far": [
    -0.3428487789324037,
    -0.22343706701290258,
    0.5782423065883675,
    0.5782423065883675,
    1.8126362342066924,
    1.8126362342066924,
    1.8126362342066924,
    1.8126362342066924,
    1.8126362342066924,
    1.8126362342066924,
    1.8126362342066924,
    1.8126362342066924,
    1.8126362342066924,
    1.8126362342066924,
    1.8126362342066924,
    1.8126362342066924,
    1.8126362342066924,
    1.8126362342066924,
    1.8126362342066924,
    1.8126362342066924,
    1.8126362342066924,
    1.8126362342066924,
    1.8126362342066924,
    1.8126362342066924,
    1.8126362342066924,
    1.8126362342066924,
    1.8126362342066924,
    1.8126362342066924,
    1.8126362342066924,
    1.8126362342066924
  ],
  "x_hist": [
    [
      37.5287639642604,
      26.91773629614788
    ],
    [
      47.829233999999445,
      82.35014112354563
    ],
    [
      31.884638999999517,
      58.65023680944083
    ],
    [
      35.48393890674565,
      94.94361745496738
    ],
    [
      35.701885123808836,
      55.18621527479079
    ],
    [
      32.13036654481498,
      89.6343673225596
    ],
    [
      34.88452499999944,
      72.97514525247436
    ],
    [
      43.15324799999988,
      49.80644729813726
    ],
    [
      32.476458372216044,
      74.63865922449735
    ],
    [
      37.52987700000009,
      53.68122940266476
    ],
    [
      30.148598999999777,
      49.256194251109285
    ],
    [
      26.332529999999636,
      50.75139652211307
    ],
    [
      38.33438834999996,
      58.44592514647611
    ],
    [
      39.229832009999384,
      57.71476613835181
    ],
    [
      39.633383609999676,
      58.71193055086302
    ],
    [
      41.057581189908134,
      61.99112505500065
    ],
    [
      24.43649077494007,
      62.13278598136728
    ],
    [
      37.56434179481704,
      65.99228961397372
    ],
    [
      40.8942870000001,
      63.7287142778469
    ],
    [
      41.97390332198082,
      63.405687949962356
    ],
    [
      42.665291999999894,
      64.17156140276876
    ],
    [
      36.948791999999415,
      67.37938143506399
    ],
    [
      45.875855999999494,
      61.971246146563196
    ],
    [
      35.8096057903139,
      69.02752086755608
    ],
    [
      36.67684199999985,
      69.27108846175109
    ],
    [
      42.231532428987144,
      67.14015513235218
    ],
    [
      37.891744377059425,
      70.10171806912226
    ],
    [
      41.399022581511126,
      69.4806678788119
    ],
    [
      38.273022000000154,
      71.34598861519042
    ],
    [
      43.90227600000007,
      69.88064291018797
    ]
  ],
  "y_hist": [
    -0.3428487789324037,
    -0.22343706701290258,
    0.5782423065883675,
    -0.6970406292421844,
    1.8126362342066924,
    0.3494416848948279,
    -0.48304771357462556,
    1.525255990161288,
    -0.27737246352457,
    -0.5148730832433084,
    0.4258320420657214,
    0.3494416848948279,
    1.1903085107861668,
    0.5988048250259156,
    0.6291299043423599,
    1.5498413684354788,
    -0.7462594771050677,
    -0.6493845512991753,
    1.2804982374738885,
    1.057195010008471,
    0.6637518102134274,
    -0.2957903678786178,
    0.4820573556842821,
    0.23681084144001122,
    -0.1971791314425059,
    0.17038228624168394,
    -0.8232527828168875,
    0.7023659105392768,
    0.9439288882786829,
    -0.28655316720482793
  ],
  "eval_count": 30,
  "evals_to_f_best": 5,
  "total_time": 0.8492240420018788,
  "deviation_from_optimum": 0.0,
  "optimum": 1.8126362342066924,
  "optimum_x": [
    35.701885123808836,
    55.18621527479079
  ],
  "success": true
}