{
  "identifier": "Preprocessed-NO2-2015-273",
  "best_x": [
    41.057581189908134,
    61.99112505500065
  ],
  "best_y": 1.6030753293007887,
  "best_so_far": [
    0.3494416848948279,
    0.3494416848948279,
    1.0980169179228576,
    1.0980169179228576,
    1.0980169179228576,
    1.0980169179228576,
    1.0980169179228576,
    1.0980169179228576,
    1.0980169179228576,
    1.0980169179228576,
    1.0980169179228576,
    1.0980169179228576,
    1.0980169179228576,
    1.0980169179228576,
    1.0980169179228576,
    1.0980169179228576,
    1.0980169179228576,
    1.0980169179228576,
    1.0980169179228576,
    1.5224992577565886,
    1.6030753293007887,
    1.6030753293007887,
    1.6030753293007887,
    1.6030753293007887,
    1.6030753293007887,
    1.6030753293007887,
    1.6030753293007887,
    1.6030753293007887,
    1.6030753293007887,
    1.6030753293007887
  ],
  "x_hist": [
    [
      37.5287639642604,
      26.91773629614788
    ],
    [
      47.829233999999445,
      82.35014112354563
    ],
    [
      31.884638999999517,
      58.65023680944083
    ],
    [
      35.48393890674565,
      94.94361745496738
    ],
    [
      26.332529999999636,
      50.75139652211307
    ],
    [
      30.148598999999777,
      49.256194251109285
    ],
    [
      34.88452499999944,
      72.97514525247436
    ],
    [
      24.43649077494007,
      62.13278598136728
    ],
    [
      32.476458372216044,
      74.63865922449735
    ],
    [
      34.87819799999964,
      76.08489822384199
    ],
    [
      35.8096057903139,
      69.02752086755608
    ],
    [
      37.44668562154183,
      60.29897548252391
    ],
    [
      36.67684199999985,
      69.27108846175109
    ],
    [
      35.701885123808836,
      55.18621527479079
    ],
    [
      37.891744377059425,
      70.10171806912226
    ],
    [
      38.33438834999996,
      58.44592514647611
    ],
    [
      37.52987700000009,
      53.68122940266476
    ],
    [
      37.56434179481704,
      65.99228961397372
    ],
    [
      39.229832009999384,
      57.71476613835181
    ],
    [
      39.633383609999676,
      58.71193055086302
    ],
    [
      41.057581189908134,
      61.99112505500065
    ],
    [
      38.273022000000154,
      71.34598861519042
    ],
    [
      40.8942870000001,
      63.7287142778469
    ],
    [
      41.97390332198082,
      63.405687949962356
    ],
    [
      42.834122999999536,
      61.13498131873914
    ],
    [
      42.665291999999894,
      64.17156140276876
    ],
    [
      42.231532428987144,
      67.14015513235218
    ],
    [
      41.399022581511126,
      69.4806678788119
    ],
    [
      42.349365925427506,
      51.68134232422675
    ],
    [
      38.67794999999997,
      75.22449383515101
    ]
  ],
  "y_hist": [
    0.3494416848948279,
    -0.41131199772994653,
    1.0980169179228576,
    -0.6493845512991753,
    0.17715900372254825,
    0.24329482721324636,
    0.869069257940279,
    -0.5256332753602087,
    0.834561062941767,
    0.6783487522052433,
    0.877573758721052,
    0.47097951667751753,
    0.5201983645404009,
    0.40273865776075346,
    0.1973074991613457,
    0.9760379280554485,
    -0.00981467186537667,
    0.7902793746681421,
    1.0609523095233735,
    1.5224992577565886,
    1.6030753293007887,
    0.09374641364798453,
    1.5444126450770799,
    1.469135795095412,
    1.2040167373154,
    0.4930540376326917,
    0.4143297607056542,
    -0.00981467186537667,
    0.2497509247894571,
    0.45420794138618037
  ],
  "eval_count": 30,
  "evals_to_f_best": 21,
  "total_time": 0.8726892080157995,
  "deviation_from_optimum": 0.0,
  "optimum": 1.6030753293007887,
  "optimum_x": [
    41.057581189908134,
    61.99112505500065
  ],
  "success": true
}