{
  "identifier": "Preprocessed-NO2-2015-295",
  "best_x": [
    35.701885123808836,
    55.18621527479079
  ],
  "best_y": 2.1923942165068313,
  "best_so_far": [
    0.07938228133053304,
    0.09374641364798453,
    0.6291299043423599,
    0.6291299043423599,
    0.6291299043423599,
    0.6291299043423599,
    1.752308099846812,
    1.752308099846812,
    1.752308099846812,
    1.752308099846812,
    1.752308099846812,
    2.1923942165068313,
    2.1923942165068313,
    2.1923942165068313,
    2.1923942165068313,
    2.1923942165068313,
    2.1923942165068313,
    2.1923942165068313,
    2.1923942165068313,
    2.1923942165068313,
    2.1923942165068313,
    2.1923942165068313,
    2.1923942165068313,
    2.1923942165068313,
    2.1923942165068313,
    2.1923942165068313,
    2.1923942165068313,
    2.1923942165068313,
    2.1923942165068313,
    2.1923942165068313
  ],
  "x_hist": [
    [
      37.5287639642604,
      26.91773629614788
    ],
    [
      47.829233999999445,
      82.35014112354563
    ],
    [
      31.884638999999517,
      58.65023680944083
    ],
    [
      35.48393890674565,
      94.94361745496738
    ],
    [
      33.36529397954962,
      85.15777905758739
    ],
    [
      37.44668562154183,
      60.29897548252391
    ],
    [
      43.15324799999988,
      49.80644729813726
    ],
    [
      42.04819271644504,
      19.95986456313124
    ],
    [
      30.148598999999777,
      49.256194251109285
    ],
    [
      42.349365925427506,
      51.68134232422675
    ],
    [
      37.52987700000009,
      53.68122940266476
    ],
    [
      35.701885123808836,
      55.18621527479079
    ],
    [
      39.229832009999384,
      57.71476613835181
    ],
    [
      52.36791299999944,
      61.25684396703845
    ],
    [
      38.33438834999996,
      58.44592514647611
    ],
    [
      39.633383609999676,
      58.71193055086302
    ],
    [
      26.332529999999636,
      50.75139652211307
    ],
    [
      42.834122999999536,
      61.13498131873914
    ],
    [
      45.875855999999494,
      61.971246146563196
    ],
    [
      41.057581189908134,
      61.99112505500065
    ],
    [
      41.97390332198082,
      63.405687949962356
    ],
    [
      40.8942870000001,
      63.7287142778469
    ],
    [
      42.665291999999894,
      64.17156140276876
    ],
    [
      50.751419999999946,
      65.22174826892642
    ],
    [
      37.56434179481704,
      65.99228961397372
    ],
    [
      24.43649077494007,
      62.13278598136728
    ],
    [
      52.47880277699992,
      66.40439581530941
    ],
    [
      36.948791999999415,
      67.37938143506399
    ],
    [
      41.399022581511126,
      69.4806678788119
    ],
    [
      35.8096057903139,
      69.02752086755608
    ]
  ],
  "y_hist": [
    0.07938228133053304,
    0.09374641364798453,
    0.6291299043423599,
    0.45420794138618037,
    0.23681084144001122,
    0.5255688188289981,
    1.752308099846812,
    0.3128291290126751,
    1.1089601525828112,
    1.2176009057948547,
    0.0428588158939921,
    2.1923942165068313,
    0.6039017412048809,
    0.8432627706298005,
    1.134188315720291,
    0.7812640900758421,
    0.7857785006138405,
    1.0420710495945855,
    0.740011529347584,
    1.745188527420644,
    1.8662505182190183,
    1.6290006779465989,
    0.8432627706298005,
    -0.00981467186537667,
    0.4875657669025717,
    0.10797439100389772,
    0.5362524252996946,
    0.8519143241045386,
    1.3625082317587707,
    0.8647988699321041
  ],
  "eval_count": 30,
  "evals_to_f_best": 12,
  "total_time": 0.8568011249881238,
  "deviation_from_optimum": 0.0,
  "optimum": 2.1923942165068313,
  "optimum_x": [
    35.701885123808836,
    55.18621527479079
  ],
  "success": true
}