{
  "identifier": "Preprocessed-NO2-2015-343",
  "best_x": [
    35.701885123808836,
    55.18621527479079
  ],
  "best_y": 2.051800056724352,
  "best_so_far": [
    0.0428588158939921,
    0.7721943321343866,
    0.9839590038115535,
    0.9839590038115535,
    0.9839590038115535,
    0.9839590038115535,
    0.9839590038115535,
    0.9839590038115535,
    0.9839590038115535,
    0.9839590038115535,
    0.9839590038115535,
    0.9839590038115535,
    2.051800056724352,
    2.051800056724352,
    2.051800056724352,
    2.051800056724352,
    2.051800056724352,
    2.051800056724352,
    2.051800056724352,
    2.051800056724352,
    2.051800056724352,
    2.051800056724352,
    2.051800056724352,
    2.051800056724352,
    2.051800056724352,
    2.051800056724352,
    2.051800056724352,
    2.051800056724352,
    2.051800056724352,
    2.051800056724352
  ],
  "x_hist": [
    [
      37.5287639642604,
      26.91773629614788
    ],
    [
      47.829233999999445,
      82.35014112354563
    ],
    [
      31.884638999999517,
      58.65023680944083
    ],
    [
      35.48393890674565,
      94.94361745496738
    ],
    [
      38.28112499999941,
      76.69191621993401
    ],
    [
      42.04819271644504,
      19.95986456313124
    ],
    [
      24.43649077494007,
      62.13278598136728
    ],
    [
      32.476458372216044,
      74.63865922449735
    ],
    [
      30.148598999999777,
      49.256194251109285
    ],
    [
      37.44668562154183,
      60.29897548252391
    ],
    [
      34.88452499999944,
      72.97514525247436
    ],
    [
      37.52987700000009,
      53.68122940266476
    ],
    [
      35.701885123808836,
      55.18621527479079
    ],
    [
      26.332529999999636,
      50.75139652211307
    ],
    [
      38.33438834999996,
      58.44592514647611
    ],
    [
      39.229832009999384,
      57.71476613835181
    ],
    [
      39.633383609999676,
      58.71193055086302
    ],
    [
      37.56434179481704,
      65.99228961397372
    ],
    [
      42.349365925427506,
      51.68134232422675
    ],
    [
      41.057581189908134,
      61.99112505500065
    ],
    [
      40.8942870000001,
      63.7287142778469
    ],
    [
      42.834122999999536,
      61.13498131873914
    ],
    [
      36.948791999999415,
      67.37938143506399
    ],
    [
      43.15324799999988,
      49.80644729813726
    ],
    [
      41.97390332198082,
      63.405687949962356
    ],
    [
      42.665291999999894,
      64.17156140276876
    ],
    [
      35.8096057903139,
      69.02752086755608
    ],
    [
      36.67684199999985,
      69.27108846175109
    ],
    [
      45.875855999999494,
      61.971246146563196
    ],
    [
      41.399022581511126,
      69.4806678788119
    ]
  ],
  "y_hist": [
    0.0428588158939921,
    0.7721943321343866,
    0.9839590038115535,
    0.012986379805319194,
    -0.47258745958889653,
    0.47097951667751753,
    -0.1713726441320268,
    -0.16286814335125438,
    0.4200919189235251,
    0.16357483524309432,
    0.2561793730408118,
    -0.46219959548393896,
    2.051800056724352,
    0.7306882672471479,
    1.422678226250372,
    1.030627230206929,
    0.902801921858531,
    -0.1971791314425059,
    1.0267931530969379,
    2.006519339879772,
    1.8396827384174756,
    1.6745669536948198,
    -0.1293239457993056,
    1.5633278955714747,
    1.3868664193734836,
    0.8944395583225451,
    0.07214833782375932,
    0.3614500719194548,
    1.1971782727655853,
    1.0190954932915186
  ],
  "eval_count": 30,
  "evals_to_f_best": 13,
  "total_time": 0.8108697500138078,
  "deviation_from_optimum": 0.0,
  "optimum": 2.051800056724352,
  "optimum_x": [
    35.701885123808836,
    55.18621527479079
  ],
  "success": true
}