{
  "identifier": "Preprocessed-NO2-2015-341",
  "best_x": [
    40.8942870000001,
    63.7287142778469
  ],
  "best_y": 1.883704672702107,
  "best_so_far": [
    -0.06440397401685785,
    0.5255688188289981,
    0.7721943321343866,
    0.7721943321343866,
    0.7721943321343866,
    0.7721943321343866,
    0.7721943321343866,
    0.7721943321343866,
    0.7721943321343866,
    0.7721943321343866,
    1.0344515389570137,
    1.0344515389570137,
    1.1125902398960656,
    1.1125902398960656,
    1.1125902398960656,
    1.1125902398960656,
    1.343976633757825,
    1.343976633757825,
    1.6620477787689178,
    1.6620477787689178,
    1.6620477787689178,
    1.6620477787689178,
    1.6992963494668674,
    1.6992963494668674,
    1.6992963494668674,
    1.883704672702107,
    1.883704672702107,
    1.883704672702107,
    1.883704672702107,
    1.883704672702107
  ],
  "x_hist": [
    [
      37.5287639642604,
      26.91773629614788
    ],
    [
      47.829233999999445,
      82.35014112354563
    ],
    [
      31.884638999999517,
      58.65023680944083
    ],
    [
      35.48393890674565,
      94.94361745496738
    ],
    [
      30.148598999999777,
      49.256194251109285
    ],
    [
      41.744879999999405,
      100.4720072707649
    ],
    [
      42.04819271644504,
      19.95986456313124
    ],
    [
      26.332529999999636,
      50.75139652211307
    ],
    [
      24.43649077494007,
      62.13278598136728
    ],
    [
      35.8096057903139,
      69.02752086755608
    ],
    [
      35.701885123808836,
      55.18621527479079
    ],
    [
      37.52987700000009,
      53.68122940266476
    ],
    [
      38.33438834999996,
      58.44592514647611
    ],
    [
      32.476458372216044,
      74.63865922449735
    ],
    [
      39.229832009999384,
      57.71476613835181
    ],
    [
      42.349365925427506,
      51.68134232422675
    ],
    [
      39.633383609999676,
      58.71193055086302
    ],
    [
      36.948791999999415,
      67.37938143506399
    ],
    [
      43.15324799999988,
      49.80644729813726
    ],
    [
      49.543184999999745,
      44.872801955437204
    ],
    [
      42.834122999999536,
      61.13498131873914
    ],
    [
      37.56434179481704,
      65.99228961397372
    ],
    [
      41.057581189908134,
      61.99112505500065
    ],
    [
      38.67794999999997,
      75.22449383515101
    ],
    [
      45.875855999999494,
      61.971246146563196
    ],
    [
      40.8942870000001,
      63.7287142778469
    ],
    [
      42.665291999999894,
      64.17156140276876
    ],
    [
      41.97390332198082,
      63.405687949962356
    ],
    [
      41.399022581511126,
      69.4806678788119
    ],
    [
      34.87819799999964,
      76.08489822384199
    ]
  ],
  "y_hist": [
    -0.06440397401685785,
    0.5255688188289981,
    0.7721943321343866,
    0.035446255780935305,
    0.6089814089035618,
    -1.3548789739963605,
    -0.00981467186537667,
    0.4258320420657214,
    -0.1210537299887212,
    -0.3524401238504811,
    1.0344515389570137,
    -0.1376399802137754,
    1.1125902398960656,
    -0.758820557707278,
    1.0152318093759094,
    0.987903921647112,
    1.343976633757825,
    -0.8632828983497581,
    1.6620477787689178,
    0.050234950503268566,
    1.3346243270395453,
    -0.5694623853947889,
    1.6992963494668674,
    -0.9466954884243219,
    1.0035807259961464,
    1.883704672702107,
    0.3312470333667223,
    1.0943513718461966,
    0.9479802817569499,
    -0.6611574773164867
  ],
  "eval_count": 30,
  "evals_to_f_best": 26,
  "total_time": 0.811518917005742,
  "deviation_from_optimum": 0.0,
  "optimum": 1.883704672702107,
  "optimum_x": [
    40.8942870000001,
    63.7287142778469
  ],
  "success": true
}