{
  "identifier": "Preprocessed-NO2-2015-169",
  "best_x": [
    41.97390332198082,
    63.405687949962356
  ],
  "best_y": 1.5633278955714747,
  "best_so_far": [
    -0.5041894767726118,
    -0.5041894767726118,
    -0.056482898260752916,
    -0.056482898260752916,
    -0.056482898260752916,
    1.4048791199973996,
    1.4048791199973996,
    1.4048791199973996,
    1.4048791199973996,
    1.4048791199973996,
    1.4048791199973996,
    1.4048791199973996,
    1.4048791199973996,
    1.4048791199973996,
    1.4048791199973996,
    1.4048791199973996,
    1.4048791199973996,
    1.4048791199973996,
    1.4048791199973996,
    1.4048791199973996,
    1.5633278955714747,
    1.5633278955714747,
    1.5633278955714747,
    1.5633278955714747,
    1.5633278955714747,
    1.5633278955714747,
    1.5633278955714747,
    1.5633278955714747,
    1.5633278955714747,
    1.5633278955714747
  ],
  "x_hist": [
    [
      37.5287639642604,
      26.91773629614788
    ],
    [
      47.829233999999445,
      82.35014112354563
    ],
    [
      31.884638999999517,
      58.65023680944083
    ],
    [
      35.48393890674565,
      94.94361745496738
    ],
    [
      37.52987700000009,
      53.68122940266476
    ],
    [
      35.701885123808836,
      55.18621527479079
    ],
    [
      24.43649077494007,
      62.13278598136728
    ],
    [
      30.148598999999777,
      49.256194251109285
    ],
    [
      38.33438834999996,
      58.44592514647611
    ],
    [
      43.15324799999988,
      49.80644729813726
    ],
    [
      37.44668562154183,
      60.29897548252391
    ],
    [
      37.56434179481704,
      65.99228961397372
    ],
    [
      39.229832009999384,
      57.71476613835181
    ],
    [
      37.891744377059425,
      70.10171806912226
    ],
    [
      35.8096057903139,
      69.02752086755608
    ],
    [
      39.633383609999676,
      58.71193055086302
    ],
    [
      36.67684199999985,
      69.27108846175109
    ],
    [
      36.948791999999415,
      67.37938143506399
    ],
    [
      41.057581189908134,
      61.99112505500065
    ],
    [
      40.8942870000001,
      63.7287142778469
    ],
    [
      41.97390332198082,
      63.405687949962356
    ],
    [
      42.834122999999536,
      61.13498131873914
    ],
    [
      42.665291999999894,
      64.17156140276876
    ],
    [
      42.349365925427506,
      51.68134232422675
    ],
    [
      42.231532428987144,
      67.14015513235218
    ],
    [
      34.88452499999944,
      72.97514525247436
    ],
    [
      38.273022000000154,
      71.34598861519042
    ],
    [
      32.476458372216044,
      74.63865922449735
    ],
    [
      41.399022581511126,
      69.4806678788119
    ],
    [
      34.87819799999964,
      76.08489822384199
    ]
  ],
  "y_hist": [
    -0.5041894767726118,
    -1.5553149853156145,
    -0.056482898260752916,
    -1.5340232755241812,
    -0.8768670668292121,
    1.4048791199973996,
    -0.1971791314425059,
    0.4820573556842821,
    0.32513280750974444,
    0.45981931379943486,
    0.020510407451066973,
    0.8562214730353249,
    -0.3524401238504811,
    -0.025210092696396947,
    0.7260048301482523,
    0.5093994663631725,
    0.10087726018212535,
    -0.002175773076444545,
    1.0869933160707101,
    0.6880017782218253,
    1.5633278955714747,
    -0.14600234374976137,
    0.1567363706932789,
    0.49852231461821545,
    0.4429218703790188,
    -0.8364778936765329,
    0.3554578868261881,
    -0.4314604931687447,
    0.9276130714157608,
    0.2689542618297598
  ],
  "eval_count": 30,
  "evals_to_f_best": 21,
  "total_time": 0.8039650839928072,
  "deviation_from_optimum": 0.0,
  "optimum": 1.5633278955714747,
  "optimum_x": [
    41.97390332198082,
    63.405687949962356
  ],
  "success": true
}