{
  "identifier": "Preprocessed-NO2-2015-350",
  "best_x": [
    35.701885123808836,
    55.18621527479079
  ],
  "best_y": 1.7017470281703426,
  "best_so_far": [
    -0.391430377635874,
    0.09374641364798453,
    0.09374641364798453,
    0.09374641364798453,
    0.5309201270723722,
    0.5309201270723722,
    0.5309201270723722,
    0.5309201270723722,
    0.5309201270723722,
    0.5309201270723722,
    0.5309201270723722,
    0.5309201270723722,
    0.6440657526722275,
    0.6686332466210254,
    0.8389182223798947,
    0.8389182223798947,
    0.8389182223798947,
    0.8389182223798947,
    1.2642001362869997,
    1.2642001362869997,
    1.2642001362869997,
    1.2642001362869997,
    1.7017470281703426,
    1.7017470281703426,
    1.7017470281703426,
    1.7017470281703426,
    1.7017470281703426,
    1.7017470281703426,
    1.7017470281703426,
    1.7017470281703426
  ],
  "x_hist": [
    [
      37.5287639642604,
      26.91773629614788
    ],
    [
      47.829233999999445,
      82.35014112354563
    ],
    [
      24.43649077494007,
      62.13278598136728
    ],
    [
      35.48393890674565,
      94.94361745496738
    ],
    [
      48.23260800000003,
      72.10088596806122
    ],
    [
      41.744879999999405,
      100.4720072707649
    ],
    [
      52.36791299999944,
      61.25684396703845
    ],
    [
      43.90227600000007,
      69.88064291018797
    ],
    [
      52.47880277699992,
      66.40439581530941
    ],
    [
      38.67794999999997,
      75.22449383515101
    ],
    [
      42.03630598607403,
      84.26997486831613
    ],
    [
      38.28112499999941,
      76.69191621993401
    ],
    [
      45.55373399999962,
      52.16115606191214
    ],
    [
      42.349365925427506,
      51.68134232422675
    ],
    [
      45.875855999999494,
      61.971246146563196
    ],
    [
      42.04819271644504,
      19.95986456313124
    ],
    [
      45.64222666408809,
      111.9064932186795
    ],
    [
      49.543184999999745,
      44.872801955437204
    ],
    [
      43.15324799999988,
      49.80644729813726
    ],
    [
      37.52987700000009,
      53.68122940266476
    ],
    [
      37.36426499999942,
      87.78778327994611
    ],
    [
      37.44668562154183,
      60.29897548252391
    ],
    [
      35.701885123808836,
      55.18621527479079
    ],
    [
      39.229832009999384,
      57.71476613835181
    ],
    [
      38.33438834999996,
      58.44592514647611
    ],
    [
      30.148598999999777,
      49.256194251109285
    ],
    [
      26.332529999999636,
      50.75139652211307
    ],
    [
      39.633383609999676,
      58.71193055086302
    ],
    [
      42.834122999999536,
      61.13498131873914
    ],
    [
      50.751419999999946,
      65.22174826892642
    ]
  ],
  "y_hist": [
    -0.391430377635874,
    0.09374641364798453,
    -0.603195049313041,
    -0.04076505440788234,
    0.5309201270723722,
    -1.3362322699509235,
    -0.2412010657271366,
    -0.1885275779677678,
    0.21059112897277193,
    -0.8768670668292121,
    -0.06440397401685785,
    -0.8232527828168875,
    0.6440657526722275,
    0.6686332466210254,
    0.8389182223798947,
    0.17715900372254825,
    -1.246322741202846,
    0.08658152953127377,
    1.2642001362869997,
    -0.9902069515690378,
    0.43724685275926545,
    -0.3144370719240541,
    1.7017470281703426,
    0.7992408363451698,
    1.2074243219172078,
    0.2689542618297598,
    0.4258320420657214,
    0.6588544473945614,
    1.5820077501678786,
    0.035446255780935305
  ],
  "eval_count": 30,
  "evals_to_f_best": 23,
  "total_time": 0.8530623340047896,
  "deviation_from_optimum": 0.2866751556589131,
  "optimum": 1.9884221838292557,
  "optimum_x": [
    41.057581189908134,
    61.99112505500065
  ],
  "success": false
}