{
  "identifier": "Preprocessed-NO2-2015-232",
  "best_x": [
    41.057581189908134,
    61.99112505500065
  ],
  "best_y": 1.5606402666127066,
  "best_so_far": [
    -0.3144370719240541,
    0.09374641364798453,
    0.47097951667751753,
    0.47097951667751753,
    0.47097951667751753,
    0.47097951667751753,
    1.2609191724179765,
    1.2609191724179765,
    1.2609191724179765,
    1.2934104923435243,
    1.2934104923435243,
    1.2934104923435243,
    1.2934104923435243,
    1.2934104923435243,
    1.2934104923435243,
    1.2934104923435243,
    1.2934104923435243,
    1.5606402666127066,
    1.5606402666127066,
    1.5606402666127066,
    1.5606402666127066,
    1.5606402666127066,
    1.5606402666127066,
    1.5606402666127066,
    1.5606402666127066,
    1.5606402666127066,
    1.5606402666127066,
    1.5606402666127066,
    1.5606402666127066,
    1.5606402666127066
  ],
  "x_hist": [
    [
      37.5287639642604,
      26.91773629614788
    ],
    [
      47.829233999999445,
      82.35014112354563
    ],
    [
      31.884638999999517,
      58.65023680944083
    ],
    [
      35.48393890674565,
      94.94361745496738
    ],
    [
      38.28112499999941,
      76.69191621993401
    ],
    [
      37.56434179481704,
      65.99228961397372
    ],
    [
      35.701885123808836,
      55.18621527479079
    ],
    [
      26.332529999999636,
      50.75139652211307
    ],
    [
      24.43649077494007,
      62.13278598136728
    ],
    [
      43.15324799999988,
      49.80644729813726
    ],
    [
      37.52987700000009,
      53.68122940266476
    ],
    [
      42.04819271644504,
      19.95986456313124
    ],
    [
      42.03630598607403,
      84.26997486831613
    ],
    [
      39.229832009999384,
      57.71476613835181
    ],
    [
      30.148598999999777,
      49.256194251109285
    ],
    [
      38.33438834999996,
      58.44592514647611
    ],
    [
      39.633383609999676,
      58.71193055086302
    ],
    [
      41.057581189908134,
      61.99112505500065
    ],
    [
      45.875855999999494,
      61.971246146563196
    ],
    [
      41.97390332198082,
      63.405687949962356
    ],
    [
      40.8942870000001,
      63.7287142778469
    ],
    [
      42.665291999999894,
      64.17156140276876
    ],
    [
      52.36791299999944,
      61.25684396703845
    ],
    [
      42.231532428987144,
      67.14015513235218
    ],
    [
      50.751419999999946,
      65.22174826892642
    ],
    [
      36.948791999999415,
      67.37938143506399
    ],
    [
      41.399022581511126,
      69.4806678788119
    ],
    [
      35.8096057903139,
      69.02752086755608
    ],
    [
      36.67684199999985,
      69.27108846175109
    ],
    [
      37.891744377059425,
      70.10171806912226
    ]
  ],
  "y_hist": [
    -0.3144370719240541,
    0.09374641364798453,
    0.47097951667751753,
    -1.0812069564801887,
    -1.1780818822860812,
    -1.3362322699509235,
    1.2609191724179765,
    0.07938228133053304,
    -0.6849840152461176,
    1.2934104923435243,
    -0.890575293358446,
    -0.391430377635874,
    -0.5806225882728716,
    0.21059112897277193,
    0.012986379805319194,
    0.9439288882786829,
    0.6089814089035618,
    1.5606402666127066,
    0.32513280750974444,
    1.0943513718461966,
    1.130610148656517,
    0.4085453975843075,
    -1.6665540434389587,
    -0.7971470748590601,
    -0.09651301379362355,
    -1.5130293616612027,
    0.45420794138618037,
    -0.46219959548393896,
    -0.6493845512991753,
    -1.6898264533714813
  ],
  "eval_count": 30,
  "evals_to_f_best": 18,
  "total_time": 0.8059872500016354,
  "deviation_from_optimum": 0.0,
  "optimum": 1.5606402666127066,
  "optimum_x": [
    41.057581189908134,
    61.99112505500065
  ],
  "success": true
}