{
  "identifier": "Preprocessed-NO2-2015-269",
  "best_x": [
    39.633383609999676,
    58.71193055086302
  ],
  "best_y": 1.8441434857492607,
  "best_so_far": [
    0.32513280750974444,
    0.32513280750974444,
    1.270740627560908,
    1.270740627560908,
    1.270740627560908,
    1.270740627560908,
    1.270740627560908,
    1.270740627560908,
    1.270740627560908,
    1.270740627560908,
    1.270740627560908,
    1.270740627560908,
    1.270740627560908,
    1.270740627560908,
    1.3563564183428514,
    1.3563564183428514,
    1.3563564183428514,
    1.3563564183428514,
    1.3563564183428514,
    1.3563564183428514,
    1.8441434857492607,
    1.8441434857492607,
    1.8441434857492607,
    1.8441434857492607,
    1.8441434857492607,
    1.8441434857492607,
    1.8441434857492607,
    1.8441434857492607,
    1.8441434857492607,
    1.8441434857492607
  ],
  "x_hist": [
    [
      37.5287639642604,
      26.91773629614788
    ],
    [
      47.829233999999445,
      82.35014112354563
    ],
    [
      31.884638999999517,
      58.65023680944083
    ],
    [
      35.48393890674565,
      94.94361745496738
    ],
    [
      24.43649077494007,
      62.13278598136728
    ],
    [
      37.44668562154183,
      60.29897548252391
    ],
    [
      16.28216201918641,
      83.86135661828055
    ],
    [
      41.744879999999405,
      100.4720072707649
    ],
    [
      26.332529999999636,
      50.75139652211307
    ],
    [
      35.8096057903139,
      69.02752086755608
    ],
    [
      30.148598999999777,
      49.256194251109285
    ],
    [
      32.476458372216044,
      74.63865922449735
    ],
    [
      36.67684199999985,
      69.27108846175109
    ],
    [
      35.701885123808836,
      55.18621527479079
    ],
    [
      38.33438834999996,
      58.44592514647611
    ],
    [
      37.56434179481704,
      65.99228961397372
    ],
    [
      37.52987700000009,
      53.68122940266476
    ],
    [
      34.88452499999944,
      72.97514525247436
    ],
    [
      37.891744377059425,
      70.10171806912226
    ],
    [
      39.229832009999384,
      57.71476613835181
    ],
    [
      39.633383609999676,
      58.71193055086302
    ],
    [
      34.87819799999964,
      76.08489822384199
    ],
    [
      38.273022000000154,
      71.34598861519042
    ],
    [
      40.8942870000001,
      63.7287142778469
    ],
    [
      41.057581189908134,
      61.99112505500065
    ],
    [
      41.97390332198082,
      63.405687949962356
    ],
    [
      42.834122999999536,
      61.13498131873914
    ],
    [
      42.665291999999894,
      64.17156140276876
    ],
    [
      41.399022581511126,
      69.4806678788119
    ],
    [
      42.231532428987144,
      67.14015513235218
    ]
  ],
  "y_hist": [
    0.32513280750974444,
    0.16357483524309432,
    1.270740627560908,
    -0.025210092696396947,
    -0.1971791314425059,
    0.6291299043423599,
    -0.26824756993791987,
    -0.46219959548393896,
    0.6880017782218253,
    1.0496520776911848,
    1.0344515389570137,
    1.1589994652775206,
    0.49852231461821545,
    0.952020769721415,
    1.3563564183428514,
    1.0647002275066306,
    0.3494416848948279,
    0.9317086820670495,
    0.09374641364798453,
    0.8986265634710048,
    1.8441434857492607,
    1.0869933160707101,
    0.7260048301482523,
    1.4776887548315718,
    1.6968416631104164,
    1.2040167373154,
    1.2277089599684485,
    0.6291299043423599,
    0.7118661977745061,
    0.7213067343803942
  ],
  "eval_count": 30,
  "evals_to_f_best": 21,
  "total_time": 0.8125639999925625,
  "deviation_from_optimum": 0.0,
  "optimum": 1.8441434857492607,
  "optimum_x": [
    39.633383609999676,
    58.71193055086302
  ],
  "success": true
}