{
  "identifier": "Preprocessed-NO2-2015-291",
  "best_x": [
    39.633383609999676,
    58.71193055086302
  ],
  "best_y": 1.1198241834028395,
  "best_so_far": [
    -0.5806225882728716,
    -0.5148730832433084,
    0.7260048301482523,
    0.7260048301482523,
    0.7260048301482523,
    0.7260048301482523,
    0.7260048301482523,
    0.7260048301482523,
    0.7260048301482523,
    0.7260048301482523,
    0.7260048301482523,
    0.9800036909235719,
    0.9800036909235719,
    0.9800036909235719,
    0.9800036909235719,
    0.9800036909235719,
    1.1198241834028395,
    1.1198241834028395,
    1.1198241834028395,
    1.1198241834028395,
    1.1198241834028395,
    1.1198241834028395,
    1.1198241834028395,
    1.1198241834028395,
    1.1198241834028395,
    1.1198241834028395,
    1.1198241834028395,
    1.1198241834028395,
    1.1198241834028395,
    1.1198241834028395
  ],
  "x_hist": [
    [
      37.5287639642604,
      26.91773629614788
    ],
    [
      47.829233999999445,
      82.35014112354563
    ],
    [
      31.884638999999517,
      58.65023680944083
    ],
    [
      35.48393890674565,
      94.94361745496738
    ],
    [
      42.03630598607403,
      84.26997486831613
    ],
    [
      24.43649077494007,
      62.13278598136728
    ],
    [
      26.332529999999636,
      50.75139652211307
    ],
    [
      38.33438834999996,
      58.44592514647611
    ],
    [
      32.476458372216044,
      74.63865922449735
    ],
    [
      35.8096057903139,
      69.02752086755608
    ],
    [
      30.148598999999777,
      49.256194251109285
    ],
    [
      35.701885123808836,
      55.18621527479079
    ],
    [
      37.52987700000009,
      53.68122940266476
    ],
    [
      39.229832009999384,
      57.71476613835181
    ],
    [
      42.349365925427506,
      51.68134232422675
    ],
    [
      42.04819271644504,
      19.95986456313124
    ],
    [
      39.633383609999676,
      58.71193055086302
    ],
    [
      37.56434179481704,
      65.99228961397372
    ],
    [
      41.057581189908134,
      61.99112505500065
    ],
    [
      43.15324799999988,
      49.80644729813726
    ],
    [
      42.834122999999536,
      61.13498131873914
    ],
    [
      36.948791999999415,
      67.37938143506399
    ],
    [
      40.8942870000001,
      63.7287142778469
    ],
    [
      41.97390332198082,
      63.405687949962356
    ],
    [
      42.665291999999894,
      64.17156140276876
    ],
    [
      36.67684199999985,
      69.27108846175109
    ],
    [
      37.891744377059425,
      70.10171806912226
    ],
    [
      42.231532428987144,
      67.14015513235218
    ],
    [
      45.875855999999494,
      61.971246146563196
    ],
    [
      34.88452499999944,
      72.97514525247436
    ]
  ],
  "y_hist": [
    -0.5806225882728716,
    -0.5148730832433084,
    0.7260048301482523,
    -1.713465372980457,
    -1.6898264533714813,
    -1.3362322699509235,
    -0.3524401238504811,
    0.2302987254886017,
    -0.002175773076444545,
    0.30042376606945126,
    0.2816213443650285,
    0.9800036909235719,
    -0.3620931498670632,
    -0.1885275779677678,
    -0.42135243899515085,
    -0.48304771357462556,
    1.1198241834028395,
    0.6928051115125216,
    0.5988048250259156,
    -0.00981467186537667,
    0.32513280750974444,
    -0.08037263922087588,
    0.5626334272284822,
    0.6637518102134274,
    -0.37180865545128106,
    -0.40133827085273743,
    -0.42135243899515085,
    0.2039640083957735,
    -0.1376399802137754,
    -0.10464875388651942
  ],
  "eval_count": 30,
  "evals_to_f_best": 17,
  "total_time": 0.8157224589958787,
  "deviation_from_optimum": 0.0,
  "optimum": 1.1198241834028395,
  "optimum_x": [
    39.633383609999676,
    58.71193055086302
  ],
  "success": true
}