{
  "identifier": "Preprocessed-NO2-2015-176",
  "best_x": [
    41.97390332198082,
    63.405687949962356
  ],
  "best_y": 1.966002969925225,
  "best_so_far": [
    0.027996908618421364,
    0.3554578868261881,
    0.6291299043423599,
    0.6291299043423599,
    1.955700661998719,
    1.955700661998719,
    1.955700661998719,
    1.955700661998719,
    1.955700661998719,
    1.955700661998719,
    1.955700661998719,
    1.955700661998719,
    1.955700661998719,
    1.955700661998719,
    1.955700661998719,
    1.955700661998719,
    1.955700661998719,
    1.966002969925225,
    1.966002969925225,
    1.966002969925225,
    1.966002969925225,
    1.966002969925225,
    1.966002969925225,
    1.966002969925225,
    1.966002969925225,
    1.966002969925225,
    1.966002969925225,
    1.966002969925225,
    1.966002969925225,
    1.966002969925225
  ],
  "x_hist": [
    [
      37.5287639642604,
      26.91773629614788
    ],
    [
      47.829233999999445,
      82.35014112354563
    ],
    [
      31.884638999999517,
      58.65023680944083
    ],
    [
      35.48393890674565,
      94.94361745496738
    ],
    [
      42.834122999999536,
      61.13498131873914
    ],
    [
      45.875855999999494,
      61.971246146563196
    ],
    [
      48.23260800000003,
      72.10088596806122
    ],
    [
      43.15324799999988,
      49.80644729813726
    ],
    [
      42.04819271644504,
      19.95986456313124
    ],
    [
      37.52987700000009,
      53.68122940266476
    ],
    [
      52.36791299999944,
      61.25684396703845
    ],
    [
      39.229832009999384,
      57.71476613835181
    ],
    [
      50.751419999999946,
      65.22174826892642
    ],
    [
      39.633383609999676,
      58.71193055086302
    ],
    [
      41.057581189908134,
      61.99112505500065
    ],
    [
      38.33438834999996,
      58.44592514647611
    ],
    [
      35.701885123808836,
      55.18621527479079
    ],
    [
      41.97390332198082,
      63.405687949962356
    ],
    [
      42.665291999999894,
      64.17156140276876
    ],
    [
      40.8942870000001,
      63.7287142778469
    ],
    [
      42.231532428987144,
      67.14015513235218
    ],
    [
      37.56434179481704,
      65.99228961397372
    ],
    [
      36.948791999999415,
      67.37938143506399
    ],
    [
      41.399022581511126,
      69.4806678788119
    ],
    [
      43.90227600000007,
      69.88064291018797
    ],
    [
      36.67684199999985,
      69.27108846175109
    ],
    [
      37.891744377059425,
      70.10171806912226
    ],
    [
      35.8096057903139,
      69.02752086755608
    ],
    [
      38.273022000000154,
      71.34598861519042
    ],
    [
      30.148598999999777,
      49.256194251109285
    ]
  ],
  "y_hist": [
    0.027996908618421364,
    0.3554578868261881,
    0.6291299043423599,
    -0.056482898260752916,
    1.955700661998719,
    0.8733275313562716,
    0.5309201270723722,
    1.9116418067471221,
    0.5039707430047735,
    -0.14600234374976137,
    0.14296526151086786,
    0.71659388789519,
    0.32513280750974444,
    0.8860303465671945,
    1.9411575965311403,
    1.466273944138028,
    1.9536316880357945,
    1.966002969925225,
    0.9680748304807081,
    1.574030546065192,
    0.30042376606945126,
    -0.2412010657271366,
    0.07214833782375932,
    0.9760379280554485,
    0.14986660871386046,
    0.07938228133053304,
    -0.49358137345187497,
    0.2816213443650285,
    1.3030223098558293,
    0.6241180787431883
  ],
  "eval_count": 30,
  "evals_to_f_best": 18,
  "total_time": 0.8042799169779755,
  "deviation_from_optimum": 0.0,
  "optimum": 1.966002969925225,
  "optimum_x": [
    41.97390332198082,
    63.405687949962356
  ],
  "success": true
}