{
  "identifier": "Preprocessed-NO2-2015-260",
  "best_x": [
    41.057581189908134,
    61.99112505500065
  ],
  "best_y": 2.018464021259314,
  "best_so_far": [
    -0.1376399802137754,
    -0.1376399802137754,
    0.3554578868261881,
    0.3554578868261881,
    0.3554578868261881,
    1.8728196331782934,
    1.8728196331782934,
    1.8728196331782934,
    1.8728196331782934,
    1.8728196331782934,
    1.8728196331782934,
    1.8728196331782934,
    1.8728196331782934,
    1.8728196331782934,
    1.8728196331782934,
    1.8728196331782934,
    1.8728196331782934,
    2.018464021259314,
    2.018464021259314,
    2.018464021259314,
    2.018464021259314,
    2.018464021259314,
    2.018464021259314,
    2.018464021259314,
    2.018464021259314,
    2.018464021259314,
    2.018464021259314,
    2.018464021259314,
    2.018464021259314,
    2.018464021259314
  ],
  "x_hist": [
    [
      37.5287639642604,
      26.91773629614788
    ],
    [
      47.829233999999445,
      82.35014112354563
    ],
    [
      31.884638999999517,
      58.65023680944083
    ],
    [
      35.48393890674565,
      94.94361745496738
    ],
    [
      41.744879999999405,
      100.4720072707649
    ],
    [
      35.701885123808836,
      55.18621527479079
    ],
    [
      30.148598999999777,
      49.256194251109285
    ],
    [
      42.04819271644504,
      19.95986456313124
    ],
    [
      26.332529999999636,
      50.75139652211307
    ],
    [
      37.36426499999942,
      87.78778327994611
    ],
    [
      34.87819799999964,
      76.08489822384199
    ],
    [
      35.8096057903139,
      69.02752086755608
    ],
    [
      37.44668562154183,
      60.29897548252391
    ],
    [
      37.52987700000009,
      53.68122940266476
    ],
    [
      38.33438834999996,
      58.44592514647611
    ],
    [
      24.43649077494007,
      62.13278598136728
    ],
    [
      39.633383609999676,
      58.71193055086302
    ],
    [
      41.057581189908134,
      61.99112505500065
    ],
    [
      37.56434179481704,
      65.99228961397372
    ],
    [
      43.15324799999988,
      49.80644729813726
    ],
    [
      40.8942870000001,
      63.7287142778469
    ],
    [
      42.834122999999536,
      61.13498131873914
    ],
    [
      41.97390332198082,
      63.405687949962356
    ],
    [
      42.665291999999894,
      64.17156140276876
    ],
    [
      45.875855999999494,
      61.971246146563196
    ],
    [
      36.67684199999985,
      69.27108846175109
    ],
    [
      37.891744377059425,
      70.10171806912226
    ],
    [
      42.231532428987144,
      67.14015513235218
    ],
    [
      38.273022000000154,
      71.34598861519042
    ],
    [
      41.399022581511126,
      69.4806678788119
    ]
  ],
  "y_hist": [
    -0.1376399802137754,
    -0.22343706701290258,
    0.3554578868261881,
    -0.025210092696396947,
    -0.5473878644396147,
    1.8728196331782934,
    0.7630694385477358,
    0.24329482721324636,
    0.47652865561276964,
    0.9276130714157608,
    0.1220687703558549,
    0.4200919189235251,
    0.16357483524309432,
    -0.37180865545128106,
    1.1377579734607814,
    -0.1885275779677678,
    0.6241180787431883,
    2.018464021259314,
    -0.11282883065654499,
    1.5552505287844036,
    1.2966212751131183,
    1.2176009057948547,
    1.425624331950696,
    1.007474477524456,
    0.9560504107252771,
    0.1360320373023964,
    -0.30508476520577366,
    0.4085453975843075,
    1.2040167373154,
    0.8605162982041191
  ],
  "eval_count": 30,
  "evals_to_f_best": 18,
  "total_time": 0.8466481659852434,
  "deviation_from_optimum": 0.0,
  "optimum": 2.018464021259314,
  "optimum_x": [
    41.057581189908134,
    61.99112505500065
  ],
  "success": true
}