{
  "identifier": "Preprocessed-NO2-2015-182",
  "best_x": [
    41.97390332198082,
    63.405687949962356
  ],
  "best_y": 2.5902832705077854,
  "best_so_far": [
    0.8605162982041191,
    0.8605162982041191,
    1.6943829559718961,
    1.6943829559718961,
    1.6943829559718961,
    1.6943829559718961,
    1.6943829559718961,
    2.194159108388524,
    2.194159108388524,
    2.194159108388524,
    2.204705102863533,
    2.204705102863533,
    2.204705102863533,
    2.204705102863533,
    2.204705102863533,
    2.204705102863533,
    2.204705102863533,
    2.3274101511688428,
    2.3274101511688428,
    2.3274101511688428,
    2.3274101511688428,
    2.3274101511688428,
    2.515285081885886,
    2.5902832705077854,
    2.5902832705077854,
    2.5902832705077854,
    2.5902832705077854,
    2.5902832705077854,
    2.5902832705077854,
    2.5902832705077854
  ],
  "x_hist": [
    [
      37.5287639642604,
      26.91773629614788
    ],
    [
      47.829233999999445,
      82.35014112354563
    ],
    [
      31.884638999999517,
      58.65023680944083
    ],
    [
      35.48393890674565,
      94.94361745496738
    ],
    [
      30.148598999999777,
      49.256194251109285
    ],
    [
      35.701885123808836,
      55.18621527479079
    ],
    [
      38.273022000000154,
      71.34598861519042
    ],
    [
      38.33438834999996,
      58.44592514647611
    ],
    [
      32.13036654481498,
      89.6343673225596
    ],
    [
      37.36426499999942,
      87.78778327994611
    ],
    [
      43.15324799999988,
      49.80644729813726
    ],
    [
      37.52987700000009,
      53.68122940266476
    ],
    [
      32.476458372216044,
      74.63865922449735
    ],
    [
      42.04819271644504,
      19.95986456313124
    ],
    [
      39.229832009999384,
      57.71476613835181
    ],
    [
      39.633383609999676,
      58.71193055086302
    ],
    [
      26.332529999999636,
      50.75139652211307
    ],
    [
      41.057581189908134,
      61.99112505500065
    ],
    [
      38.67794999999997,
      75.22449383515101
    ],
    [
      34.87819799999964,
      76.08489822384199
    ],
    [
      45.875855999999494,
      61.971246146563196
    ],
    [
      34.88452499999944,
      72.97514525247436
    ],
    [
      40.8942870000001,
      63.7287142778469
    ],
    [
      41.97390332198082,
      63.405687949962356
    ],
    [
      37.56434179481704,
      65.99228961397372
    ],
    [
      42.665291999999894,
      64.17156140276876
    ],
    [
      36.948791999999415,
      67.37938143506399
    ],
    [
      42.231532428987144,
      67.14015513235218
    ],
    [
      24.43649077494007,
      62.13278598136728
    ],
    [
      35.8096057903139,
      69.02752086755608
    ]
  ],
  "y_hist": [
    0.8605162982041191,
    0.47097951667751753,
    1.6943829559718961,
    0.32513280750974444,
    0.9957627897166645,
    1.5660107209013052,
    1.3346243270395453,
    2.194159108388524,
    1.4605338209958316,
    1.4373512695070154,
    2.204705102863533,
    0.8605162982041191,
    0.6089814089035618,
    0.6391036312195684,
    1.595209597559602,
    1.3408656681417577,
    0.9800036909235719,
    2.3274101511688428,
    -0.025210092696396947,
    0.7446515341936887,
    1.2410813457148842,
    0.8432627706298005,
    2.515285081885886,
    2.5902832705077854,
    0.4875657669025717,
    1.4805289455984423,
    0.6291299043423599,
    0.6440657526722275,
    0.17038228624168394,
    1.0267931530969379
  ],
  "eval_count": 30,
  "evals_to_f_best": 24,
  "total_time": 0.8166124590206891,
  "deviation_from_optimum": 0.0,
  "optimum": 2.5902832705077854,
  "optimum_x": [
    41.97390332198082,
    63.405687949962356
  ],
  "success": true
}