{
  "identifier": "Preprocessed-NO2-2015-317",
  "best_x": [
    35.701885123808836,
    55.18621527479079
  ],
  "best_y": 1.8217059921481484,
  "best_so_far": [
    -0.6611574773164867,
    -0.41131199772994653,
    0.7260048301482523,
    0.7260048301482523,
    0.7260048301482523,
    0.7260048301482523,
    0.7260048301482523,
    0.7260048301482523,
    0.7260048301482523,
    0.7260048301482523,
    0.7260048301482523,
    0.7260048301482523,
    0.7260048301482523,
    0.7260048301482523,
    1.8217059921481484,
    1.8217059921481484,
    1.8217059921481484,
    1.8217059921481484,
    1.8217059921481484,
    1.8217059921481484,
    1.8217059921481484,
    1.8217059921481484,
    1.8217059921481484,
    1.8217059921481484,
    1.8217059921481484,
    1.8217059921481484,
    1.8217059921481484,
    1.8217059921481484,
    1.8217059921481484,
    1.8217059921481484
  ],
  "x_hist": [
    [
      37.5287639642604,
      26.91773629614788
    ],
    [
      47.829233999999445,
      82.35014112354563
    ],
    [
      31.884638999999517,
      58.65023680944083
    ],
    [
      35.48393890674565,
      94.94361745496738
    ],
    [
      32.476458372216044,
      74.63865922449735
    ],
    [
      26.332529999999636,
      50.75139652211307
    ],
    [
      42.03630598607403,
      84.26997486831613
    ],
    [
      16.28216201918641,
      83.86135661828055
    ],
    [
      30.148598999999777,
      49.256194251109285
    ],
    [
      34.87819799999964,
      76.08489822384199
    ],
    [
      24.43649077494007,
      62.13278598136728
    ],
    [
      37.44668562154183,
      60.29897548252391
    ],
    [
      35.8096057903139,
      69.02752086755608
    ],
    [
      36.948791999999415,
      67.37938143506399
    ],
    [
      35.701885123808836,
      55.18621527479079
    ],
    [
      37.56434179481704,
      65.99228961397372
    ],
    [
      36.67684199999985,
      69.27108846175109
    ],
    [
      37.52987700000009,
      53.68122940266476
    ],
    [
      38.33438834999996,
      58.44592514647611
    ],
    [
      34.88452499999944,
      72.97514525247436
    ],
    [
      39.229832009999384,
      57.71476613835181
    ],
    [
      39.633383609999676,
      58.71193055086302
    ],
    [
      42.349365925427506,
      51.68134232422675
    ],
    [
      41.057581189908134,
      61.99112505500065
    ],
    [
      37.891744377059425,
      70.10171806912226
    ],
    [
      41.97390332198082,
      63.405687949962356
    ],
    [
      42.834122999999536,
      61.13498131873914
    ],
    [
      38.273022000000154,
      71.34598861519042
    ],
    [
      42.665291999999894,
      64.17156140276876
    ],
    [
      42.231532428987144,
      67.14015513235218
    ]
  ],
  "y_hist": [
    -0.6611574773164867,
    -0.41131199772994653,
    0.7260048301482523,
    0.0428588158939921,
    -0.3524401238504811,
    0.43155029801914585,
    -0.1293239457993056,
    -0.26824756993791987,
    0.12906664024458164,
    -0.7714876402425467,
    -0.7214483275478379,
    -0.1376399802137754,
    0.035446255780935305,
    0.47097951667751753,
    1.8217059921481484,
    -0.7091948687055835,
    -0.5256332753602087,
    -0.9324675110684087,
    1.0113581546520458,
    -1.050256573937683,
    0.9439288882786829,
    0.4200919189235251,
    0.6341250516225128,
    1.7664467322205581,
    -0.45188312619801335,
    1.2510330310450783,
    1.3252133847864829,
    0.902801921858531,
    0.7767360613858838,
    0.14986660871386046
  ],
  "eval_count": 30,
  "evals_to_f_best": 15,
  "total_time": 0.8483539170119911,
  "deviation_from_optimum": 0.0,
  "optimum": 1.8217059921481484,
  "optimum_x": [
    35.701885123808836,
    55.18621527479079
  ],
  "success": true
}