{
  "identifier": "Preprocessed-NO2-2015-192",
  "best_x": [
    35.701885123808836,
    55.18621527479079
  ],
  "best_y": 1.9390684655433106,
  "best_so_far": [
    -0.5694623853947889,
    -0.5694623853947889,
    0.2941824249672388,
    0.2941824249672388,
    0.2941824249672388,
    1.7804534314198897,
    1.7804534314198897,
    1.7804534314198897,
    1.7804534314198897,
    1.7804534314198897,
    1.7804534314198897,
    1.7804534314198897,
    1.7804534314198897,
    1.7804534314198897,
    1.7804534314198897,
    1.7804534314198897,
    1.7804534314198897,
    1.9390684655433106,
    1.9390684655433106,
    1.9390684655433106,
    1.9390684655433106,
    1.9390684655433106,
    1.9390684655433106,
    1.9390684655433106,
    1.9390684655433106,
    1.9390684655433106,
    1.9390684655433106,
    1.9390684655433106,
    1.9390684655433106,
    1.9390684655433106
  ],
  "x_hist": [
    [
      37.5287639642604,
      26.91773629614788
    ],
    [
      47.829233999999445,
      82.35014112354563
    ],
    [
      31.884638999999517,
      58.65023680944083
    ],
    [
      35.48393890674565,
      94.94361745496738
    ],
    [
      41.744879999999405,
      100.4720072707649
    ],
    [
      43.15324799999988,
      49.80644729813726
    ],
    [
      39.229832009999384,
      57.71476613835181
    ],
    [
      42.04819271644504,
      19.95986456313124
    ],
    [
      45.875855999999494,
      61.971246146563196
    ],
    [
      37.52987700000009,
      53.68122940266476
    ],
    [
      39.633383609999676,
      58.71193055086302
    ],
    [
      42.665291999999894,
      64.17156140276876
    ],
    [
      37.891744377059425,
      70.10171806912226
    ],
    [
      52.36791299999944,
      61.25684396703845
    ],
    [
      30.148598999999777,
      49.256194251109285
    ],
    [
      41.97390332198082,
      63.405687949962356
    ],
    [
      40.8942870000001,
      63.7287142778469
    ],
    [
      35.701885123808836,
      55.18621527479079
    ],
    [
      38.33438834999996,
      58.44592514647611
    ],
    [
      41.057581189908134,
      61.99112505500065
    ],
    [
      26.332529999999636,
      50.75139652211307
    ],
    [
      42.231532428987144,
      67.14015513235218
    ],
    [
      50.751419999999946,
      65.22174826892642
    ],
    [
      37.56434179481704,
      65.99228961397372
    ],
    [
      36.948791999999415,
      67.37938143506399
    ],
    [
      41.399022581511126,
      69.4806678788119
    ],
    [
      43.90227600000007,
      69.88064291018797
    ],
    [
      36.67684199999985,
      69.27108846175109
    ],
    [
      35.8096057903139,
      69.02752086755608
    ],
    [
      24.43649077494007,
      62.13278598136728
    ]
  ],
  "y_hist": [
    -0.5694623853947889,
    -1.1780818822860812,
    0.2941824249672388,
    -0.22343706701290258,
    -0.7462594771050677,
    1.7804534314198897,
    0.5936905428298341,
    -0.3428487789324037,
    0.7767360613858838,
    -0.28655316720482793,
    0.43724685275926545,
    0.7721943321343866,
    0.012986379805319194,
    0.7676388191614539,
    0.4258320420657214,
    1.151952314434525,
    1.0152318093759094,
    1.9390684655433106,
    0.8519143241045386,
    1.574030546065192,
    0.4875657669025717,
    0.5782423065883675,
    -0.6611574773164867,
    0.10087726018212535,
    0.4085453975843075,
    0.9996768476644234,
    -0.09651301379362355,
    -0.04860340314627779,
    0.5362524252996946,
    -0.26824756993791987
  ],
  "eval_count": 30,
  "evals_to_f_best": 18,
  "total_time": 0.8046658340026625,
  "deviation_from_optimum": 0.0,
  "optimum": 1.9390684655433106,
  "optimum_x": [
    35.701885123808836,
    55.18621527479079
  ],
  "success": true
}