{
  "identifier": "Preprocessed-NO2-2015-174",
  "best_x": [
    41.97390332198082,
    63.405687949962356
  ],
  "best_y": 1.6968416631104164,
  "best_so_far": [
    -0.26824756993791987,
    -0.26824756993791987,
    0.2941824249672388,
    0.2941824249672388,
    0.2941824249672388,
    0.794766793174556,
    0.794766793174556,
    0.794766793174556,
    1.4890174151894846,
    1.4890174151894846,
    1.4890174151894846,
    1.4890174151894846,
    1.4890174151894846,
    1.4890174151894846,
    1.4890174151894846,
    1.4890174151894846,
    1.4890174151894846,
    1.4890174151894846,
    1.4890174151894846,
    1.4890174151894846,
    1.4890174151894846,
    1.4890174151894846,
    1.4890174151894846,
    1.4890174151894846,
    1.6968416631104164,
    1.6968416631104164,
    1.6968416631104164,
    1.6968416631104164,
    1.6968416631104164,
    1.6968416631104164
  ],
  "x_hist": [
    [
      37.5287639642604,
      26.91773629614788
    ],
    [
      47.829233999999445,
      82.35014112354563
    ],
    [
      31.884638999999517,
      58.65023680944083
    ],
    [
      35.48393890674565,
      94.94361745496738
    ],
    [
      33.36529397954962,
      85.15777905758739
    ],
    [
      38.33438834999996,
      58.44592514647611
    ],
    [
      42.04819271644504,
      19.95986456313124
    ],
    [
      30.148598999999777,
      49.256194251109285
    ],
    [
      35.701885123808836,
      55.18621527479079
    ],
    [
      26.332529999999636,
      50.75139652211307
    ],
    [
      43.15324799999988,
      49.80644729813726
    ],
    [
      37.36426499999942,
      87.78778327994611
    ],
    [
      37.52987700000009,
      53.68122940266476
    ],
    [
      24.43649077494007,
      62.13278598136728
    ],
    [
      39.229832009999384,
      57.71476613835181
    ],
    [
      37.56434179481704,
      65.99228961397372
    ],
    [
      39.633383609999676,
      58.71193055086302
    ],
    [
      35.8096057903139,
      69.02752086755608
    ],
    [
      41.057581189908134,
      61.99112505500065
    ],
    [
      32.476458372216044,
      74.63865922449735
    ],
    [
      36.948791999999415,
      67.37938143506399
    ],
    [
      36.67684199999985,
      69.27108846175109
    ],
    [
      40.8942870000001,
      63.7287142778469
    ],
    [
      42.834122999999536,
      61.13498131873914
    ],
    [
      41.97390332198082,
      63.405687949962356
    ],
    [
      42.665291999999894,
      64.17156140276876
    ],
    [
      42.231532428987144,
      67.14015513235218
    ],
    [
      45.875855999999494,
      61.971246146563196
    ],
    [
      37.891744377059425,
      70.10171806912226
    ],
    [
      38.273022000000154,
      71.34598861519042
    ]
  ],
  "y_hist": [
    -0.26824756993791987,
    -0.7462594771050677,
    0.2941824249672388,
    -1.3548789739963605,
    0.0648793629769735,
    0.794766793174556,
    0.11503812343941795,
    0.7538887348674779,
    1.4890174151894846,
    0.3312470333667223,
    1.0267931530969379,
    0.6341250516225128,
    -0.20588083913053945,
    0.11503812343941795,
    -0.22343706701290258,
    0.9276130714157608,
    0.6539410538995897,
    0.8258086161467119,
    1.328356925982428,
    -0.21463328592559464,
    0.08658152953127377,
    0.16357483524309432,
    1.322063246437335,
    0.6783487522052433,
    1.6968416631104164,
    0.3851824298783897,
    0.5730573605954337,
    0.6686332466210254,
    0.012986379805319194,
    0.47097951667751753
  ],
  "eval_count": 30,
  "evals_to_f_best": 25,
  "total_time": 0.809462250006618,
  "deviation_from_optimum": 0.0,
  "optimum": 1.6968416631104164,
  "optimum_x": [
    41.97390332198082,
    63.405687949962356
  ],
  "success": true
}