{
  "identifier": "Preprocessed-NO2-2015-167",
  "best_x": [
    41.057581189908134,
    61.99112505500065
  ],
  "best_y": 2.093870183949931,
  "best_so_far": [
    0.12906664024458164,
    0.5782423065883675,
    0.8170048350594039,
    0.8170048350594039,
    0.8170048350594039,
    2.093870183949931,
    2.093870183949931,
    2.093870183949931,
    2.093870183949931,
    2.093870183949931,
    2.093870183949931,
    2.093870183949931,
    2.093870183949931,
    2.093870183949931,
    2.093870183949931,
    2.093870183949931,
    2.093870183949931,
    2.093870183949931,
    2.093870183949931,
    2.093870183949931,
    2.093870183949931,
    2.093870183949931,
    2.093870183949931,
    2.093870183949931,
    2.093870183949931,
    2.093870183949931,
    2.093870183949931,
    2.093870183949931,
    2.093870183949931,
    2.093870183949931
  ],
  "x_hist": [
    [
      37.5287639642604,
      26.91773629614788
    ],
    [
      47.829233999999445,
      82.35014112354563
    ],
    [
      31.884638999999517,
      58.65023680944083
    ],
    [
      35.48393890674565,
      94.94361745496738
    ],
    [
      37.52987700000009,
      53.68122940266476
    ],
    [
      41.057581189908134,
      61.99112505500065
    ],
    [
      40.8942870000001,
      63.7287142778469
    ],
    [
      42.349365925427506,
      51.68134232422675
    ],
    [
      37.36426499999942,
      87.78778327994611
    ],
    [
      38.67794999999997,
      75.22449383515101
    ],
    [
      39.633383609999676,
      58.71193055086302
    ],
    [
      30.148598999999777,
      49.256194251109285
    ],
    [
      42.834122999999536,
      61.13498131873914
    ],
    [
      42.04819271644504,
      19.95986456313124
    ],
    [
      43.90227600000007,
      69.88064291018797
    ],
    [
      35.701885123808836,
      55.18621527479079
    ],
    [
      39.229832009999384,
      57.71476613835181
    ],
    [
      41.97390332198082,
      63.405687949962356
    ],
    [
      38.33438834999996,
      58.44592514647611
    ],
    [
      42.665291999999894,
      64.17156140276876
    ],
    [
      37.44668562154183,
      60.29897548252391
    ],
    [
      45.875855999999494,
      61.971246146563196
    ],
    [
      37.56434179481704,
      65.99228961397372
    ],
    [
      42.231532428987144,
      67.14015513235218
    ],
    [
      36.948791999999415,
      67.37938143506399
    ],
    [
      41.399022581511126,
      69.4806678788119
    ],
    [
      36.67684199999985,
      69.27108846175109
    ],
    [
      35.8096057903139,
      69.02752086755608
    ],
    [
      37.891744377059425,
      70.10171806912226
    ],
    [
      38.273022000000154,
      71.34598861519042
    ]
  ],
  "y_hist": [
    0.12906664024458164,
    0.5782423065883675,
    0.8170048350594039,
    -0.01749264447536001,
    -0.032967424547850586,
    2.093870183949931,
    1.6004579958173208,
    1.4890174151894846,
    1.1764739393747028,
    0.3554578868261881,
    0.8214131799972699,
    0.7492772400807753,
    1.909511160012586,
    0.4429218703790188,
    0.4485755131171788,
    1.7850934362659945,
    0.834561062941767,
    2.0085167325530144,
    1.3655747095820503,
    1.2142163713903342,
    0.4143297607056542,
    1.1554800255117244,
    0.1906213394538769,
    0.7721943321343866,
    0.3910573507731312,
    1.166013685388973,
    0.3373364549938343,
    0.7306882672471479,
    0.2753011650384508,
    1.4547716627779606
  ],
  "eval_count": 30,
  "evals_to_f_best": 6,
  "total_time": 0.8181919589987956,
  "deviation_from_optimum": 0.0,
  "optimum": 2.093870183949931,
  "optimum_x": [
    41.057581189908134,
    61.99112505500065
  ],
  "success": true
}