{
  "identifier": "Preprocessed-NO2-2015-283",
  "best_x": [
    39.633383609999676,
    58.71193055086302
  ],
  "best_y": 1.7897191421530811,
  "best_so_far": [
    0.4875657669025717,
    0.4875657669025717,
    0.4875657669025717,
    0.4875657669025717,
    0.4875657669025717,
    0.4875657669025717,
    0.4875657669025717,
    0.4875657669025717,
    0.6588544473945614,
    0.6588544473945614,
    0.8389182223798947,
    0.9560504107252771,
    1.0113581546520458,
    1.7897191421530811,
    1.7897191421530811,
    1.7897191421530811,
    1.7897191421530811,
    1.7897191421530811,
    1.7897191421530811,
    1.7897191421530811,
    1.7897191421530811,
    1.7897191421530811,
    1.7897191421530811,
    1.7897191421530811,
    1.7897191421530811,
    1.7897191421530811,
    1.7897191421530811,
    1.7897191421530811,
    1.7897191421530811,
    1.7897191421530811
  ],
  "x_hist": [
    [
      37.5287639642604,
      26.91773629614788
    ],
    [
      47.829233999999445,
      82.35014112354563
    ],
    [
      24.43649077494007,
      62.13278598136728
    ],
    [
      35.48393890674565,
      94.94361745496738
    ],
    [
      42.04819271644504,
      19.95986456313124
    ],
    [
      43.15324799999988,
      49.80644729813726
    ],
    [
      42.349365925427506,
      51.68134232422675
    ],
    [
      37.52987700000009,
      53.68122940266476
    ],
    [
      30.148598999999777,
      49.256194251109285
    ],
    [
      26.332529999999636,
      50.75139652211307
    ],
    [
      35.701885123808836,
      55.18621527479079
    ],
    [
      39.229832009999384,
      57.71476613835181
    ],
    [
      38.33438834999996,
      58.44592514647611
    ],
    [
      39.633383609999676,
      58.71193055086302
    ],
    [
      37.44668562154183,
      60.29897548252391
    ],
    [
      41.057581189908134,
      61.99112505500065
    ],
    [
      37.56434179481704,
      65.99228961397372
    ],
    [
      42.834122999999536,
      61.13498131873914
    ],
    [
      40.8942870000001,
      63.7287142778469
    ],
    [
      45.875855999999494,
      61.971246146563196
    ],
    [
      41.97390332198082,
      63.405687949962356
    ],
    [
      36.948791999999415,
      67.37938143506399
    ],
    [
      42.665291999999894,
      64.17156140276876
    ],
    [
      35.8096057903139,
      69.02752086755608
    ],
    [
      42.231532428987144,
      67.14015513235218
    ],
    [
      36.67684199999985,
      69.27108846175109
    ],
    [
      52.36791299999944,
      61.25684396703845
    ],
    [
      37.891744377059425,
      70.10171806912226
    ],
    [
      38.273022000000154,
      71.34598861519042
    ],
    [
      50.751419999999946,
      65.22174826892642
    ]
  ],
  "y_hist": [
    0.4875657669025717,
    -0.3144370719240541,
    -0.6261121413666523,
    -0.7842625290314946,
    0.1220687703558549,
    0.14986660871386046,
    0.3494416848948279,
    0.12906664024458164,
    0.6588544473945614,
    0.3494416848948279,
    0.8389182223798947,
    0.9560504107252771,
    1.0113581546520458,
    1.7897191421530811,
    0.3554578868261881,
    1.4974581518032823,
    0.9069656980997336,
    1.1377579734607814,
    1.448987299656614,
    0.4875657669025717,
    1.0758881578532418,
    0.5626334272284822,
    0.6291299043423599,
    0.834561062941767,
    0.6089814089035618,
    0.3128291290126751,
    0.07214833782375932,
    0.306639263035121,
    0.16357483524309432,
    0.07214833782375932
  ],
  "eval_count": 30,
  "evals_to_f_best": 14,
  "total_time": 0.8314471670018975,
  "deviation_from_optimum": 0.0,
  "optimum": 1.7897191421530811,
  "optimum_x": [
    39.633383609999676,
    58.71193055086302
  ],
  "success": true
}