{
  "identifier": "Preprocessed-NO2-2015-135",
  "best_x": [
    41.97390332198082,
    63.405687949962356
  ],
  "best_y": 1.587302430692738,
  "best_so_far": [
    -0.3620931498670632,
    -0.3620931498670632,
    0.4143297607056542,
    0.4143297607056542,
    0.6490115244364324,
    0.869069257940279,
    0.869069257940279,
    0.869069257940279,
    0.869069257940279,
    0.869069257940279,
    1.3716889354390287,
    1.3716889354390287,
    1.3716889354390287,
    1.3716889354390287,
    1.3716889354390287,
    1.3716889354390287,
    1.587302430692738,
    1.587302430692738,
    1.587302430692738,
    1.587302430692738,
    1.587302430692738,
    1.587302430692738,
    1.587302430692738,
    1.587302430692738,
    1.587302430692738,
    1.587302430692738,
    1.587302430692738,
    1.587302430692738,
    1.587302430692738,
    1.587302430692738
  ],
  "x_hist": [
    [
      37.5287639642604,
      26.91773629614788
    ],
    [
      47.829233999999445,
      82.35014112354563
    ],
    [
      37.44668562154183,
      60.29897548252391
    ],
    [
      35.48393890674565,
      94.94361745496738
    ],
    [
      42.231532428987144,
      67.14015513235218
    ],
    [
      45.875855999999494,
      61.971246146563196
    ],
    [
      26.332529999999636,
      50.75139652211307
    ],
    [
      42.349365925427506,
      51.68134232422675
    ],
    [
      52.36791299999944,
      61.25684396703845
    ],
    [
      30.148598999999777,
      49.256194251109285
    ],
    [
      42.834122999999536,
      61.13498131873914
    ],
    [
      42.665291999999894,
      64.17156140276876
    ],
    [
      38.273022000000154,
      71.34598861519042
    ],
    [
      43.15324799999988,
      49.80644729813726
    ],
    [
      37.52987700000009,
      53.68122940266476
    ],
    [
      39.633383609999676,
      58.71193055086302
    ],
    [
      41.97390332198082,
      63.405687949962356
    ],
    [
      39.229832009999384,
      57.71476613835181
    ],
    [
      50.751419999999946,
      65.22174826892642
    ],
    [
      43.90227600000007,
      69.88064291018797
    ],
    [
      40.8942870000001,
      63.7287142778469
    ],
    [
      38.33438834999996,
      58.44592514647611
    ],
    [
      37.56434179481704,
      65.99228961397372
    ],
    [
      41.399022581511126,
      69.4806678788119
    ],
    [
      36.948791999999415,
      67.37938143506399
    ],
    [
      37.891744377059425,
      70.10171806912226
    ],
    [
      35.701885123808836,
      55.18621527479079
    ],
    [
      36.67684199999985,
      69.27108846175109
    ],
    [
      48.23260800000003,
      72.10088596806122
    ],
    [
      34.88452499999944,
      72.97514525247436
    ]
  ],
  "y_hist": [
    -0.3620931498670632,
    -0.6261121413666523,
    0.4143297607056542,
    -0.5256332753602087,
    0.6490115244364324,
    0.869069257940279,
    0.6039017412048809,
    0.6190894630771556,
    0.3614500719194548,
    0.5468605286204314,
    1.3716889354390287,
    0.6341250516225128,
    0.6783487522052433,
    0.8081491139602407,
    -0.5806225882728716,
    1.0113581546520458,
    1.587302430692738,
    0.1906213394538769,
    -0.14600234374976137,
    -0.08037263922087588,
    1.4048791199973996,
    0.9680748304807081,
    0.6637518102134274,
    0.6039017412048809,
    0.3851824298783897,
    -0.14600234374976137,
    1.4634066264133159,
    0.17715900372254825,
    -0.2957903678786178,
    -0.11282883065654499
  ],
  "eval_count": 30,
  "evals_to_f_best": 17,
  "total_time": 1.3111621660063975,
  "deviation_from_optimum": 0.0,
  "optimum": 1.587302430692738,
  "optimum_x": [
    41.97390332198082,
    63.405687949962356
  ],
  "success": true
}