{
  "identifier": "Preprocessed-NO2-2015-348",
  "best_x": [
    41.057581189908134,
    61.99112505500065
  ],
  "best_y": 1.8552377001289617,
  "best_so_far": [
    0.47652865561276964,
    0.6291299043423599,
    0.6291299043423599,
    0.6291299043423599,
    0.6291299043423599,
    0.6291299043423599,
    0.6291299043423599,
    0.9760379280554485,
    0.9760379280554485,
    0.9760379280554485,
    1.466273944138028,
    1.466273944138028,
    1.466273944138028,
    1.466273944138028,
    1.466273944138028,
    1.466273944138028,
    1.466273944138028,
    1.466273944138028,
    1.466273944138028,
    1.466273944138028,
    1.466273944138028,
    1.466273944138028,
    1.466273944138028,
    1.8552377001289617,
    1.8552377001289617,
    1.8552377001289617,
    1.8552377001289617,
    1.8552377001289617,
    1.8552377001289617,
    1.8552377001289617
  ],
  "x_hist": [
    [
      37.5287639642604,
      26.91773629614788
    ],
    [
      47.829233999999445,
      82.35014112354563
    ],
    [
      24.43649077494007,
      62.13278598136728
    ],
    [
      35.48393890674565,
      94.94361745496738
    ],
    [
      52.36791299999944,
      61.25684396703845
    ],
    [
      49.543184999999745,
      44.872801955437204
    ],
    [
      42.03630598607403,
      84.26997486831613
    ],
    [
      37.36426499999942,
      87.78778327994611
    ],
    [
      43.90227600000007,
      69.88064291018797
    ],
    [
      41.744879999999405,
      100.4720072707649
    ],
    [
      39.633383609999676,
      58.71193055086302
    ],
    [
      26.332529999999636,
      50.75139652211307
    ],
    [
      33.36529397954962,
      85.15777905758739
    ],
    [
      30.148598999999777,
      49.256194251109285
    ],
    [
      41.399022581511126,
      69.4806678788119
    ],
    [
      43.15324799999988,
      49.80644729813726
    ],
    [
      41.97390332198082,
      63.405687949962356
    ],
    [
      37.52987700000009,
      53.68122940266476
    ],
    [
      42.349365925427506,
      51.68134232422675
    ],
    [
      39.229832009999384,
      57.71476613835181
    ],
    [
      36.948791999999415,
      67.37938143506399
    ],
    [
      35.701885123808836,
      55.18621527479079
    ],
    [
      42.665291999999894,
      64.17156140276876
    ],
    [
      41.057581189908134,
      61.99112505500065
    ],
    [
      40.8942870000001,
      63.7287142778469
    ],
    [
      37.56434179481704,
      65.99228961397372
    ],
    [
      37.44668562154183,
      60.29897548252391
    ],
    [
      42.834122999999536,
      61.13498131873914
    ],
    [
      38.33438834999996,
      58.44592514647611
    ],
    [
      45.875855999999494,
      61.971246146563196
    ]
  ],
  "y_hist": [
    0.47652865561276964,
    0.6291299043423599,
    -0.23229278811206575,
    0.035446255780935305,
    0.55213659863054,
    0.2816213443650285,
    0.4875657669025717,
    0.9760379280554485,
    0.1360320373023964,
    -1.0656519947687033,
    1.466273944138028,
    0.7306882672471479,
    -0.1210537299887212,
    1.0609523095233735,
    0.8037015836769549,
    1.4605338209958316,
    1.1764739393747028,
    0.18390526394342624,
    1.3563564183428514,
    1.0609523095233735,
    -0.21463328592559464,
    0.47097951667751753,
    0.3910573507731312,
    1.8552377001289617,
    1.8057977696568783,
    0.21059112897277193,
    -0.056482898260752916,
    1.3958997888984945,
    1.3747367341967036,
    1.030627230206929
  ],
  "eval_count": 30,
  "evals_to_f_best": 24,
  "total_time": 0.8118367920105811,
  "deviation_from_optimum": 0.0,
  "optimum": 1.8552377001289617,
  "optimum_x": [
    41.057581189908134,
    61.99112505500065
  ],
  "success": true
}