{
  "identifier": "Preprocessed-NO2-2015-237",
  "best_x": [
    41.057581189908134,
    61.99112505500065
  ],
  "best_y": 1.7781280392081804,
  "best_so_far": [
    -0.5918663889551277,
    -0.1376399802137754,
    0.5782423065883675,
    0.5782423065883675,
    0.5782423065883675,
    0.5782423065883675,
    1.1198241834028395,
    1.1198241834028395,
    1.1198241834028395,
    1.1198241834028395,
    1.1198241834028395,
    1.1198241834028395,
    1.1198241834028395,
    1.1198241834028395,
    1.1198241834028395,
    1.1198241834028395,
    1.1198241834028395,
    1.7781280392081804,
    1.7781280392081804,
    1.7781280392081804,
    1.7781280392081804,
    1.7781280392081804,
    1.7781280392081804,
    1.7781280392081804,
    1.7781280392081804,
    1.7781280392081804,
    1.7781280392081804,
    1.7781280392081804,
    1.7781280392081804,
    1.7781280392081804
  ],
  "x_hist": [
    [
      37.5287639642604,
      26.91773629614788
    ],
    [
      47.829233999999445,
      82.35014112354563
    ],
    [
      31.884638999999517,
      58.65023680944083
    ],
    [
      35.48393890674565,
      94.94361745496738
    ],
    [
      48.23260800000003,
      72.10088596806122
    ],
    [
      37.56434179481704,
      65.99228961397372
    ],
    [
      35.701885123808836,
      55.18621527479079
    ],
    [
      32.476458372216044,
      74.63865922449735
    ],
    [
      30.148598999999777,
      49.256194251109285
    ],
    [
      37.36426499999942,
      87.78778327994611
    ],
    [
      38.33438834999996,
      58.44592514647611
    ],
    [
      37.52987700000009,
      53.68122940266476
    ],
    [
      26.332529999999636,
      50.75139652211307
    ],
    [
      43.15324799999988,
      49.80644729813726
    ],
    [
      39.229832009999384,
      57.71476613835181
    ],
    [
      39.633383609999676,
      58.71193055086302
    ],
    [
      24.43649077494007,
      62.13278598136728
    ],
    [
      41.057581189908134,
      61.99112505500065
    ],
    [
      40.8942870000001,
      63.7287142778469
    ],
    [
      41.97390332198082,
      63.405687949962356
    ],
    [
      42.665291999999894,
      64.17156140276876
    ],
    [
      45.875855999999494,
      61.971246146563196
    ],
    [
      36.948791999999415,
      67.37938143506399
    ],
    [
      35.8096057903139,
      69.02752086755608
    ],
    [
      36.67684199999985,
      69.27108846175109
    ],
    [
      42.231532428987144,
      67.14015513235218
    ],
    [
      37.891744377059425,
      70.10171806912226
    ],
    [
      41.399022581511126,
      69.4806678788119
    ],
    [
      38.273022000000154,
      71.34598861519042
    ],
    [
      43.90227600000007,
      69.88064291018797
    ]
  ],
  "y_hist": [
    -0.5918663889551277,
    -0.1376399802137754,
    0.5782423065883675,
    -0.8498205626184295,
    -0.032967424547850586,
    -1.050256573937683,
    1.1198241834028395,
    -1.0049956462913712,
    0.05757501585055113,
    0.17715900372254825,
    1.0458663496505578,
    -0.7214483275478379,
    0.09374641364798453,
    0.8605162982041191,
    0.43155029801914585,
    0.8432627706298005,
    -0.890575293358446,
    1.7781280392081804,
    1.0869933160707101,
    0.8986265634710048,
    0.43724685275926545,
    0.47652865561276964,
    -1.0656519947687033,
    -0.3238480141771158,
    -0.5473878644396147,
    -0.6849840152461176,
    -1.6436369513853475,
    0.396909367434709,
    0.7260048301482523,
    -0.5473878644396147
  ],
  "eval_count": 30,
  "evals_to_f_best": 18,
  "total_time": 0.861311000015121,
  "deviation_from_optimum": 0.0,
  "optimum": 1.7781280392081804,
  "optimum_x": [
    41.057581189908134,
    61.99112505500065
  ],
  "success": true
}