{
  "identifier": "Preprocessed-NO2-2015-325",
  "best_x": [
    35.701885123808836,
    55.18621527479079
  ],
  "best_y": 1.0795990135688098,
  "best_so_far": [
    -0.90440986476991,
    -0.90440986476991,
    0.5782423065883675,
    0.5782423065883675,
    0.5782423065883675,
    0.5782423065883675,
    0.5782423065883675,
    0.5782423065883675,
    0.5782423065883675,
    0.5782423065883675,
    0.5782423065883675,
    0.5782423065883675,
    0.6637518102134274,
    0.6637518102134274,
    1.0795990135688098,
    1.0795990135688098,
    1.0795990135688098,
    1.0795990135688098,
    1.0795990135688098,
    1.0795990135688098,
    1.0795990135688098,
    1.0795990135688098,
    1.0795990135688098,
    1.0795990135688098,
    1.0795990135688098,
    1.0795990135688098,
    1.0795990135688098,
    1.0795990135688098,
    1.0795990135688098,
    1.0795990135688098
  ],
  "x_hist": [
    [
      37.5287639642604,
      26.91773629614788
    ],
    [
      47.829233999999445,
      82.35014112354563
    ],
    [
      31.884638999999517,
      58.65023680944083
    ],
    [
      35.48393890674565,
      94.94361745496738
    ],
    [
      42.04819271644504,
      19.95986456313124
    ],
    [
      24.43649077494007,
      62.13278598136728
    ],
    [
      32.476458372216044,
      74.63865922449735
    ],
    [
      32.13036654481498,
      89.6343673225596
    ],
    [
      35.8096057903139,
      69.02752086755608
    ],
    [
      34.88452499999944,
      72.97514525247436
    ],
    [
      37.44668562154183,
      60.29897548252391
    ],
    [
      26.332529999999636,
      50.75139652211307
    ],
    [
      37.56434179481704,
      65.99228961397372
    ],
    [
      36.948791999999415,
      67.37938143506399
    ],
    [
      35.701885123808836,
      55.18621527479079
    ],
    [
      30.148598999999777,
      49.256194251109285
    ],
    [
      38.33438834999996,
      58.44592514647611
    ],
    [
      36.67684199999985,
      69.27108846175109
    ],
    [
      39.633383609999676,
      58.71193055086302
    ],
    [
      37.52987700000009,
      53.68122940266476
    ],
    [
      40.8942870000001,
      63.7287142778469
    ],
    [
      39.229832009999384,
      57.71476613835181
    ],
    [
      41.057581189908134,
      61.99112505500065
    ],
    [
      42.834122999999536,
      61.13498131873914
    ],
    [
      41.97390332198082,
      63.405687949962356
    ],
    [
      42.665291999999894,
      64.17156140276876
    ],
    [
      37.891744377059425,
      70.10171806912226
    ],
    [
      38.273022000000154,
      71.34598861519042
    ],
    [
      41.399022581511126,
      69.4806678788119
    ],
    [
      42.349365925427506,
      51.68134232422675
    ]
  ],
  "y_hist": [
    -0.90440986476991,
    -1.5553149853156145,
    0.5782423065883675,
    -0.603195049313041,
    -0.758820557707278,
    -0.3333183318528421,
    -0.391430377635874,
    -0.01749264447536001,
    0.1220687703558549,
    -0.5918663889551277,
    -0.22343706701290258,
    -0.1376399802137754,
    0.6637518102134274,
    0.11503812343941795,
    1.0795990135688098,
    0.17038228624168394,
    0.1973074991613457,
    -0.10464875388651942,
    0.3373364549938343,
    -0.8364778936765329,
    0.4930540376326917,
    0.012986379805319194,
    0.8125835052870658,
    -0.2501625274041636,
    0.7492772400807753,
    0.020510407451066973,
    -0.37180865545128106,
    0.4143297607056542,
    0.4930540376326917,
    0.4429218703790188
  ],
  "eval_count": 30,
  "evals_to_f_best": 15,
  "total_time": 0.839500833011698,
  "deviation_from_optimum": 0.0,
  "optimum": 1.0795990135688098,
  "optimum_x": [
    35.701885123808836,
    55.18621527479079
  ],
  "success": true
}