{
  "identifier": "Preprocessed-NO2-2015-363",
  "best_x": [
    41.057581189908134,
    61.99112505500065
  ],
  "best_y": 1.1764739393747028,
  "best_so_far": [
    -0.2501625274041636,
    0.4143297607056542,
    0.4143297607056542,
    0.4143297607056542,
    0.4143297607056542,
    0.4143297607056542,
    0.4143297607056542,
    0.43724685275926545,
    0.43724685275926545,
    0.43724685275926545,
    0.43724685275926545,
    0.43724685275926545,
    0.43724685275926545,
    0.43724685275926545,
    0.43724685275926545,
    0.43724685275926545,
    0.43724685275926545,
    0.43724685275926545,
    0.43724685275926545,
    0.45420794138618037,
    0.8170048350594039,
    0.8170048350594039,
    0.8170048350594039,
    0.8170048350594039,
    0.8170048350594039,
    0.8170048350594039,
    0.8170048350594039,
    0.8170048350594039,
    0.8170048350594039,
    1.1764739393747028
  ],
  "x_hist": [
    [
      37.5287639642604,
      26.91773629614788
    ],
    [
      47.829233999999445,
      82.35014112354563
    ],
    [
      31.884638999999517,
      58.65023680944083
    ],
    [
      35.48393890674565,
      94.94361745496738
    ],
    [
      36.67684199999985,
      69.27108846175109
    ],
    [
      42.03630598607403,
      84.26997486831613
    ],
    [
      41.744879999999405,
      100.4720072707649
    ],
    [
      37.36426499999942,
      87.78778327994611
    ],
    [
      32.476458372216044,
      74.63865922449735
    ],
    [
      48.23260800000003,
      72.10088596806122
    ],
    [
      38.28112499999941,
      76.69191621993401
    ],
    [
      36.948791999999415,
      67.37938143506399
    ],
    [
      50.751419999999946,
      65.22174826892642
    ],
    [
      33.36529397954962,
      85.15777905758739
    ],
    [
      43.90227600000007,
      69.88064291018797
    ],
    [
      38.67794999999997,
      75.22449383515101
    ],
    [
      45.64222666408809,
      111.9064932186795
    ],
    [
      32.13036654481498,
      89.6343673225596
    ],
    [
      34.87819799999964,
      76.08489822384199
    ],
    [
      41.399022581511126,
      69.4806678788119
    ],
    [
      38.273022000000154,
      71.34598861519042
    ],
    [
      52.47880277699992,
      66.40439581530941
    ],
    [
      42.665291999999894,
      64.17156140276876
    ],
    [
      41.97390332198082,
      63.405687949962356
    ],
    [
      34.88452499999944,
      72.97514525247436
    ],
    [
      45.875855999999494,
      61.971246146563196
    ],
    [
      40.8942870000001,
      63.7287142778469
    ],
    [
      37.56434179481704,
      65.99228961397372
    ],
    [
      52.36791299999944,
      61.25684396703845
    ],
    [
      41.057581189908134,
      61.99112505500065
    ]
  ],
  "y_hist": [
    -0.2501625274041636,
    0.4143297607056542,
    0.3554578868261881,
    -0.637703244311553,
    -0.1210537299887212,
    -0.391430377635874,
    -2.322084869871749,
    0.43724685275926545,
    -0.9610596207417734,
    0.035446255780935305,
    -1.0199314946212388,
    -1.0969248003330587,
    0.18390526394342624,
    -0.4416370770463908,
    -0.7214483275478379,
    -1.2996197140687709,
    -1.392882025922787,
    0.2689542618297598,
    -1.2289694800400743,
    0.45420794138618037,
    0.8170048350594039,
    -0.032967424547850586,
    0.07938228133053304,
    0.012986379805319194,
    -0.6611574773164867,
    0.7676388191614539,
    0.7118661977745061,
    -0.8768670668292121,
    -0.6261121413666523,
    1.1764739393747028
  ],
  "eval_count": 30,
  "evals_to_f_best": 30,
  "total_time": 0.8170681670017075,
  "deviation_from_optimum": 0.4002203879972983,
  "optimum": 1.576694327372001,
  "optimum_x": [
    43.15324799999988,
    49.80644729813726
  ],
  "success": false
}