{
  "identifier": "Preprocessed-NO2-2015-225",
  "best_x": [
    39.633383609999676,
    58.71193055086302
  ],
  "best_y": 1.9073774846391693,
  "best_so_far": [
    -0.1885275779677678,
    -0.1885275779677678,
    1.134188315720291,
    1.134188315720291,
    1.134188315720291,
    1.134188315720291,
    1.134188315720291,
    1.134188315720291,
    1.134188315720291,
    1.134188315720291,
    1.134188315720291,
    1.134188315720291,
    1.134188315720291,
    1.134188315720291,
    1.9073774846391693,
    1.9073774846391693,
    1.9073774846391693,
    1.9073774846391693,
    1.9073774846391693,
    1.9073774846391693,
    1.9073774846391693,
    1.9073774846391693,
    1.9073774846391693,
    1.9073774846391693,
    1.9073774846391693,
    1.9073774846391693,
    1.9073774846391693,
    1.9073774846391693,
    1.9073774846391693,
    1.9073774846391693
  ],
  "x_hist": [
    [
      37.5287639642604,
      26.91773629614788
    ],
    [
      47.829233999999445,
      82.35014112354563
    ],
    [
      31.884638999999517,
      58.65023680944083
    ],
    [
      35.48393890674565,
      94.94361745496738
    ],
    [
      24.43649077494007,
      62.13278598136728
    ],
    [
      41.744879999999405,
      100.4720072707649
    ],
    [
      37.52987700000009,
      53.68122940266476
    ],
    [
      42.04819271644504,
      19.95986456313124
    ],
    [
      38.273022000000154,
      71.34598861519042
    ],
    [
      37.56434179481704,
      65.99228961397372
    ],
    [
      36.948791999999415,
      67.37938143506399
    ],
    [
      35.8096057903139,
      69.02752086755608
    ],
    [
      35.701885123808836,
      55.18621527479079
    ],
    [
      38.33438834999996,
      58.44592514647611
    ],
    [
      39.633383609999676,
      58.71193055086302
    ],
    [
      39.229832009999384,
      57.71476613835181
    ],
    [
      41.057581189908134,
      61.99112505500065
    ],
    [
      40.8942870000001,
      63.7287142778469
    ],
    [
      41.97390332198082,
      63.405687949962356
    ],
    [
      42.665291999999894,
      64.17156140276876
    ],
    [
      30.148598999999777,
      49.256194251109285
    ],
    [
      26.332529999999636,
      50.75139652211307
    ],
    [
      36.67684199999985,
      69.27108846175109
    ],
    [
      37.891744377059425,
      70.10171806912226
    ],
    [
      42.231532428987144,
      67.14015513235218
    ],
    [
      41.399022581511126,
      69.4806678788119
    ],
    [
      45.875855999999494,
      61.971246146563196
    ],
    [
      34.88452499999944,
      72.97514525247436
    ],
    [
      43.90227600000007,
      69.88064291018797
    ],
    [
      32.476458372216044,
      74.63865922449735
    ]
  ],
  "y_hist": [
    -0.1885275779677678,
    -0.3144370719240541,
    1.134188315720291,
    -1.1614956320610277,
    -0.536471159067533,
    -0.9183731317164515,
    -0.1210537299887212,
    -0.37180865545128106,
    -0.1376399802137754,
    0.8605162982041191,
    0.45420794138618037,
    0.8081491139602407,
    0.794766793174556,
    0.71659388789519,
    1.9073774846391693,
    0.7812640900758421,
    1.3470811651074268,
    1.3686349356623135,
    1.2740002170556248,
    0.306639263035121,
    0.396909367434709,
    0.2689542618297598,
    -0.025210092696396947,
    0.09374641364798453,
    0.3554578868261881,
    0.14986660871386046,
    0.020510407451066973,
    0.7353571368665328,
    -0.3333183318528421,
    0.7721943321343866
  ],
  "eval_count": 30,
  "evals_to_f_best": 15,
  "total_time": 0.8047548329923302,
  "deviation_from_optimum": 0.0,
  "optimum": 1.9073774846391693,
  "optimum_x": [
    39.633383609999676,
    58.71193055086302
  ],
  "success": true
}