{
  "identifier": "Preprocessed-NO2-2015-191",
  "best_x": [
    43.15324799999988,
    49.80644729813726
  ],
  "best_y": 2.4257974603494823,
  "best_so_far": [
    0.5255688188289981,
    0.5255688188289981,
    1.3030223098558293,
    1.3030223098558293,
    1.3030223098558293,
    1.3030223098558293,
    1.3030223098558293,
    1.3030223098558293,
    1.7475654722917708,
    2.4257974603494823,
    2.4257974603494823,
    2.4257974603494823,
    2.4257974603494823,
    2.4257974603494823,
    2.4257974603494823,
    2.4257974603494823,
    2.4257974603494823,
    2.4257974603494823,
    2.4257974603494823,
    2.4257974603494823,
    2.4257974603494823,
    2.4257974603494823,
    2.4257974603494823,
    2.4257974603494823,
    2.4257974603494823,
    2.4257974603494823,
    2.4257974603494823,
    2.4257974603494823,
    2.4257974603494823,
    2.4257974603494823
  ],
  "x_hist": [
    [
      37.5287639642604,
      26.91773629614788
    ],
    [
      47.829233999999445,
      82.35014112354563
    ],
    [
      31.884638999999517,
      58.65023680944083
    ],
    [
      35.48393890674565,
      94.94361745496738
    ],
    [
      35.701885123808836,
      55.18621527479079
    ],
    [
      30.148598999999777,
      49.256194251109285
    ],
    [
      42.665291999999894,
      64.17156140276876
    ],
    [
      37.56434179481704,
      65.99228961397372
    ],
    [
      38.33438834999996,
      58.44592514647611
    ],
    [
      43.15324799999988,
      49.80644729813726
    ],
    [
      42.04819271644504,
      19.95986456313124
    ],
    [
      37.52987700000009,
      53.68122940266476
    ],
    [
      39.229832009999384,
      57.71476613835181
    ],
    [
      26.332529999999636,
      50.75139652211307
    ],
    [
      39.633383609999676,
      58.71193055086302
    ],
    [
      41.057581189908134,
      61.99112505500065
    ],
    [
      45.875855999999494,
      61.971246146563196
    ],
    [
      41.97390332198082,
      63.405687949962356
    ],
    [
      40.8942870000001,
      63.7287142778469
    ],
    [
      24.43649077494007,
      62.13278598136728
    ],
    [
      52.36791299999944,
      61.25684396703845
    ],
    [
      36.948791999999415,
      67.37938143506399
    ],
    [
      42.231532428987144,
      67.14015513235218
    ],
    [
      50.751419999999946,
      65.22174826892642
    ],
    [
      35.8096057903139,
      69.02752086755608
    ],
    [
      36.67684199999985,
      69.27108846175109
    ],
    [
      41.399022581511126,
      69.4806678788119
    ],
    [
      37.891744377059425,
      70.10171806912226
    ],
    [
      43.90227600000007,
      69.88064291018797
    ],
    [
      38.273022000000154,
      71.34598861519042
    ]
  ],
  "y_hist": [
    0.5255688188289981,
    0.3554578868261881,
    1.3030223098558293,
    -0.2957903678786178,
    1.1799445544987837,
    1.0420710495945855,
    0.9760379280554485,
    -0.47258745958889653,
    1.7475654722917708,
    2.4257974603494823,
    0.5415658480955721,
    0.5988048250259156,
    1.1234281236033907,
    0.8081491139602407,
    1.030627230206929,
    2.0633911596692527,
    1.166013685388973,
    1.7687902773842796,
    2.0653143378598857,
    0.30042376606945126,
    0.0428588158939921,
    -0.40133827085273743,
    0.050234950503268566,
    0.47652865561276964,
    0.43155029801914585,
    0.10087726018212535,
    1.1413191622544319,
    -0.90440986476991,
    -0.1544115555051119,
    1.3030223098558293
  ],
  "eval_count": 30,
  "evals_to_f_best": 10,
  "total_time": 0.8328704999876209,
  "deviation_from_optimum": 0.0,
  "optimum": 2.4257974603494823,
  "optimum_x": [
    43.15324799999988,
    49.80644729813726
  ],
  "success": true
}