{
  "identifier": "Preprocessed-NO2-2015-165",
  "best_x": [
    41.057581189908134,
    61.99112505500065
  ],
  "best_y": 0.8301912188876749,
  "best_so_far": [
    -0.9466954884243219,
    -0.6261121413666523,
    0.3554578868261881,
    0.3554578868261881,
    0.3554578868261881,
    0.3554578868261881,
    0.3554578868261881,
    0.3554578868261881,
    0.3554578868261881,
    0.3554578868261881,
    0.3554578868261881,
    0.3554578868261881,
    0.3554578868261881,
    0.3554578868261881,
    0.3554578868261881,
    0.46540978719812554,
    0.46540978719812554,
    0.46540978719812554,
    0.46540978719812554,
    0.7812640900758421,
    0.7812640900758421,
    0.7812640900758421,
    0.8301912188876749,
    0.8301912188876749,
    0.8301912188876749,
    0.8301912188876749,
    0.8301912188876749,
    0.8301912188876749,
    0.8301912188876749,
    0.8301912188876749
  ],
  "x_hist": [
    [
      37.5287639642604,
      26.91773629614788
    ],
    [
      47.829233999999445,
      82.35014112354563
    ],
    [
      31.884638999999517,
      58.65023680944083
    ],
    [
      35.48393890674565,
      94.94361745496738
    ],
    [
      37.44668562154183,
      60.29897548252391
    ],
    [
      24.43649077494007,
      62.13278598136728
    ],
    [
      43.15324799999988,
      49.80644729813726
    ],
    [
      30.148598999999777,
      49.256194251109285
    ],
    [
      37.52987700000009,
      53.68122940266476
    ],
    [
      34.87819799999964,
      76.08489822384199
    ],
    [
      35.8096057903139,
      69.02752086755608
    ],
    [
      38.33438834999996,
      58.44592514647611
    ],
    [
      39.229832009999384,
      57.71476613835181
    ],
    [
      37.56434179481704,
      65.99228961397372
    ],
    [
      36.948791999999415,
      67.37938143506399
    ],
    [
      40.8942870000001,
      63.7287142778469
    ],
    [
      38.273022000000154,
      71.34598861519042
    ],
    [
      36.67684199999985,
      69.27108846175109
    ],
    [
      37.891744377059425,
      70.10171806912226
    ],
    [
      39.633383609999676,
      58.71193055086302
    ],
    [
      34.88452499999944,
      72.97514525247436
    ],
    [
      32.476458372216044,
      74.63865922449735
    ],
    [
      41.057581189908134,
      61.99112505500065
    ],
    [
      26.332529999999636,
      50.75139652211307
    ],
    [
      41.97390332198082,
      63.405687949962356
    ],
    [
      42.665291999999894,
      64.17156140276876
    ],
    [
      41.399022581511126,
      69.4806678788119
    ],
    [
      42.231532428987144,
      67.14015513235218
    ],
    [
      42.834122999999536,
      61.13498131873914
    ],
    [
      42.349365925427506,
      51.68134232422675
    ]
  ],
  "y_hist": [
    -0.9466954884243219,
    -0.6261121413666523,
    0.3554578868261881,
    -1.1288630344231978,
    -0.3144370719240541,
    -0.391430377635874,
    0.1973074991613457,
    -0.1293239457993056,
    -0.8101431765837047,
    -0.25917781199646434,
    0.3373364549938343,
    0.3189935745244685,
    -0.3428487789324037,
    0.2689542618297598,
    -0.4416370770463908,
    0.46540978719812554,
    0.020510407451066973,
    -0.5041894767726118,
    -0.27737246352457,
    0.7812640900758421,
    -0.8768670668292121,
    -0.3333183318528421,
    0.8301912188876749,
    -0.17992560386818662,
    0.45981931379943486,
    0.1360320373023964,
    0.2941824249672388,
    0.22375823421469399,
    0.5730573605954337,
    -0.056482898260752916
  ],
  "eval_count": 30,
  "evals_to_f_best": 23,
  "total_time": 0.8568610000074841,
  "deviation_from_optimum": 0.0,
  "optimum": 0.8301912188876749,
  "optimum_x": [
    41.057581189908134,
    61.99112505500065
  ],
  "success": true
}