{
  "identifier": "Preprocessed-NO2-2015-203",
  "best_x": [
    41.057581189908134,
    61.99112505500065
  ],
  "best_y": 1.8080807212337604,
  "best_so_far": [
    -0.5918663889551277,
    -0.3144370719240541,
    0.2941824249672388,
    0.2941824249672388,
    0.2941824249672388,
    0.2941824249672388,
    0.2941824249672388,
    0.2941824249672388,
    0.2941824249672388,
    0.3434012728301221,
    1.6082963445557164,
    1.6082963445557164,
    1.6082963445557164,
    1.6720714579039873,
    1.6720714579039873,
    1.6720714579039873,
    1.6720714579039873,
    1.6720714579039873,
    1.8080807212337604,
    1.8080807212337604,
    1.8080807212337604,
    1.8080807212337604,
    1.8080807212337604,
    1.8080807212337604,
    1.8080807212337604,
    1.8080807212337604,
    1.8080807212337604,
    1.8080807212337604,
    1.8080807212337604,
    1.8080807212337604
  ],
  "x_hist": [
    [
      37.5287639642604,
      26.91773629614788
    ],
    [
      47.829233999999445,
      82.35014112354563
    ],
    [
      31.884638999999517,
      58.65023680944083
    ],
    [
      35.48393890674565,
      94.94361745496738
    ],
    [
      42.04819271644504,
      19.95986456313124
    ],
    [
      45.64222666408809,
      111.9064932186795
    ],
    [
      36.948791999999415,
      67.37938143506399
    ],
    [
      32.476458372216044,
      74.63865922449735
    ],
    [
      33.36529397954962,
      85.15777905758739
    ],
    [
      35.8096057903139,
      69.02752086755608
    ],
    [
      35.701885123808836,
      55.18621527479079
    ],
    [
      37.52987700000009,
      53.68122940266476
    ],
    [
      34.88452499999944,
      72.97514525247436
    ],
    [
      43.15324799999988,
      49.80644729813726
    ],
    [
      39.229832009999384,
      57.71476613835181
    ],
    [
      38.33438834999996,
      58.44592514647611
    ],
    [
      39.633383609999676,
      58.71193055086302
    ],
    [
      24.43649077494007,
      62.13278598136728
    ],
    [
      41.057581189908134,
      61.99112505500065
    ],
    [
      40.8942870000001,
      63.7287142778469
    ],
    [
      41.97390332198082,
      63.405687949962356
    ],
    [
      37.56434179481704,
      65.99228961397372
    ],
    [
      45.875855999999494,
      61.971246146563196
    ],
    [
      42.665291999999894,
      64.17156140276876
    ],
    [
      36.67684199999985,
      69.27108846175109
    ],
    [
      42.231532428987144,
      67.14015513235218
    ],
    [
      52.36791299999944,
      61.25684396703845
    ],
    [
      37.891744377059425,
      70.10171806912226
    ],
    [
      41.399022581511126,
      69.4806678788119
    ],
    [
      38.273022000000154,
      71.34598861519042
    ]
  ],
  "y_hist": [
    -0.5918663889551277,
    -0.3144370719240541,
    0.2941824249672388,
    -0.04076505440788234,
    -0.10464875388651942,
    -0.9610596207417734,
    -0.08037263922087588,
    -0.08842113235089138,
    -0.3428487789324037,
    0.3434012728301221,
    1.6082963445557164,
    -0.8768670668292121,
    -0.758820557707278,
    1.6720714579039873,
    0.12906664024458164,
    0.8818080079955526,
    0.4930540376326917,
    -0.28655316720482793,
    1.8080807212337604,
    1.0684388106907279,
    1.5660107209013052,
    -0.8498205626184295,
    0.6490115244364324,
    0.7812640900758421,
    -0.1885275779677678,
    -0.032967424547850586,
    -0.16286814335125438,
    -0.6730234709081507,
    0.6039017412048809,
    1.0229492575969463
  ],
  "eval_count": 30,
  "evals_to_f_best": 19,
  "total_time": 0.8249792919959873,
  "deviation_from_optimum": 0.0,
  "optimum": 1.8080807212337604,
  "optimum_x": [
    41.057581189908134,
    61.99112505500065
  ],
  "success": true
}