{
  "identifier": "Preprocessed-NO2-2015-267",
  "best_x": [
    41.057581189908134,
    61.99112505500065
  ],
  "best_y": 1.968054973488068,
  "best_so_far": [
    -0.603195049313041,
    -0.3144370719240541,
    0.2941824249672388,
    0.2941824249672388,
    0.2941824249672388,
    1.0113581546520458,
    1.0113581546520458,
    1.0113581546520458,
    1.0113581546520458,
    1.0113581546520458,
    1.0113581546520458,
    1.0113581546520458,
    1.0113581546520458,
    1.0113581546520458,
    1.0113581546520458,
    1.0113581546520458,
    1.0113581546520458,
    1.0980169179228576,
    1.0980169179228576,
    1.0980169179228576,
    1.0980169179228576,
    1.0980169179228576,
    1.0980169179228576,
    1.0980169179228576,
    1.0980169179228576,
    1.0980169179228576,
    1.0980169179228576,
    1.3655747095820503,
    1.968054973488068,
    1.968054973488068
  ],
  "x_hist": [
    [
      37.5287639642604,
      26.91773629614788
    ],
    [
      47.829233999999445,
      82.35014112354563
    ],
    [
      31.884638999999517,
      58.65023680944083
    ],
    [
      35.48393890674565,
      94.94361745496738
    ],
    [
      24.43649077494007,
      62.13278598136728
    ],
    [
      32.13036654481498,
      89.6343673225596
    ],
    [
      16.28216201918641,
      83.86135661828055
    ],
    [
      37.36426499999942,
      87.78778327994611
    ],
    [
      38.67794999999997,
      75.22449383515101
    ],
    [
      41.744879999999405,
      100.4720072707649
    ],
    [
      33.36529397954962,
      85.15777905758739
    ],
    [
      32.476458372216044,
      74.63865922449735
    ],
    [
      42.03630598607403,
      84.26997486831613
    ],
    [
      34.88452499999944,
      72.97514525247436
    ],
    [
      45.64222666408809,
      111.9064932186795
    ],
    [
      34.87819799999964,
      76.08489822384199
    ],
    [
      38.28112499999941,
      76.69191621993401
    ],
    [
      38.273022000000154,
      71.34598861519042
    ],
    [
      37.891744377059425,
      70.10171806912226
    ],
    [
      35.8096057903139,
      69.02752086755608
    ],
    [
      41.399022581511126,
      69.4806678788119
    ],
    [
      43.90227600000007,
      69.88064291018797
    ],
    [
      48.23260800000003,
      72.10088596806122
    ],
    [
      37.56434179481704,
      65.99228961397372
    ],
    [
      42.231532428987144,
      67.14015513235218
    ],
    [
      40.8942870000001,
      63.7287142778469
    ],
    [
      42.665291999999894,
      64.17156140276876
    ],
    [
      41.97390332198082,
      63.405687949962356
    ],
    [
      41.057581189908134,
      61.99112505500065
    ],
    [
      37.44668562154183,
      60.29897548252391
    ]
  ],
  "y_hist": [
    -0.603195049313041,
    -0.3144370719240541,
    0.2941824249672388,
    -0.1713726441320268,
    -0.47258745958889653,
    1.0113581546520458,
    -0.2501625274041636,
    0.5148086267120978,
    -0.6261121413666523,
    -0.5256332753602087,
    -0.5473878644396147,
    0.012986379805319194,
    -0.1544115555051119,
    -0.6849840152461176,
    -0.5918663889551277,
    -0.536471159067533,
    -0.1713726441320268,
    1.0980169179228576,
    -0.37180865545128106,
    0.16357483524309432,
    0.8258086161467119,
    0.08658152953127377,
    0.027996908618421364,
    -0.48304771357462556,
    0.24329482721324636,
    0.9317086820670495,
    0.8301912188876749,
    1.3655747095820503,
    1.968054973488068,
    -0.1376399802137754
  ],
  "eval_count": 30,
  "evals_to_f_best": 29,
  "total_time": 0.8493161670048721,
  "deviation_from_optimum": 0.0,
  "optimum": 1.968054973488068,
  "optimum_x": [
    41.057581189908134,
    61.99112505500065
  ],
  "success": true
}