{
  "identifier": "Preprocessed-NO2-2015-233",
  "best_x": [
    41.057581189908134,
    61.99112505500065
  ],
  "best_y": 1.5498413684354788,
  "best_so_far": [
    -0.3333183318528421,
    0.2302987254886017,
    1.322063246437335,
    1.322063246437335,
    1.322063246437335,
    1.322063246437335,
    1.322063246437335,
    1.322063246437335,
    1.322063246437335,
    1.322063246437335,
    1.322063246437335,
    1.3716889354390287,
    1.3716889354390287,
    1.3716889354390287,
    1.3716889354390287,
    1.3716889354390287,
    1.3716889354390287,
    1.5498413684354788,
    1.5498413684354788,
    1.5498413684354788,
    1.5498413684354788,
    1.5498413684354788,
    1.5498413684354788,
    1.5498413684354788,
    1.5498413684354788,
    1.5498413684354788,
    1.5498413684354788,
    1.5498413684354788,
    1.5498413684354788,
    1.5498413684354788
  ],
  "x_hist": [
    [
      37.5287639642604,
      26.91773629614788
    ],
    [
      47.829233999999445,
      82.35014112354563
    ],
    [
      38.33438834999996,
      58.44592514647611
    ],
    [
      35.48393890674565,
      94.94361745496738
    ],
    [
      43.15324799999988,
      49.80644729813726
    ],
    [
      42.04819271644504,
      19.95986456313124
    ],
    [
      30.148598999999777,
      49.256194251109285
    ],
    [
      37.52987700000009,
      53.68122940266476
    ],
    [
      37.56434179481704,
      65.99228961397372
    ],
    [
      34.88452499999944,
      72.97514525247436
    ],
    [
      26.332529999999636,
      50.75139652211307
    ],
    [
      40.8942870000001,
      63.7287142778469
    ],
    [
      35.701885123808836,
      55.18621527479079
    ],
    [
      41.399022581511126,
      69.4806678788119
    ],
    [
      38.273022000000154,
      71.34598861519042
    ],
    [
      39.229832009999384,
      57.71476613835181
    ],
    [
      37.891744377059425,
      70.10171806912226
    ],
    [
      41.057581189908134,
      61.99112505500065
    ],
    [
      41.97390332198082,
      63.405687949962356
    ],
    [
      39.633383609999676,
      58.71193055086302
    ],
    [
      42.231532428987144,
      67.14015513235218
    ],
    [
      45.875855999999494,
      61.971246146563196
    ],
    [
      42.665291999999894,
      64.17156140276876
    ],
    [
      36.948791999999415,
      67.37938143506399
    ],
    [
      52.36791299999944,
      61.25684396703845
    ],
    [
      36.67684199999985,
      69.27108846175109
    ],
    [
      35.8096057903139,
      69.02752086755608
    ],
    [
      43.90227600000007,
      69.88064291018797
    ],
    [
      50.751419999999946,
      65.22174826892642
    ],
    [
      48.23260800000003,
      72.10088596806122
    ]
  ],
  "y_hist": [
    -0.3333183318528421,
    0.2302987254886017,
    1.322063246437335,
    -0.7971470748590601,
    1.2772527435123175,
    -0.40133827085273743,
    0.07938228133053304,
    -0.7214483275478379,
    -1.263878969085209,
    -0.2957903678786178,
    0.2171891192554189,
    1.3716889354390287,
    1.090676852575575,
    0.6341250516225128,
    0.902801921858531,
    0.47652865561276964,
    -1.8902624646907356,
    1.5498413684354788,
    0.8944395583225451,
    0.5782423065883675,
    -0.9902069515690378,
    0.45981931379943486,
    0.3312470333667223,
    -1.392882025922787,
    -1.944851766842216,
    -0.5473878644396147,
    -0.46219959548393896,
    -0.536471159067533,
    -0.08037263922087588,
    0.0648793629769735
  ],
  "eval_count": 30,
  "evals_to_f_best": 18,
  "total_time": 0.8091217500041239,
  "deviation_from_optimum": 0.0,
  "optimum": 1.5498413684354788,
  "optimum_x": [
    41.057581189908134,
    61.99112505500065
  ],
  "success": true
}