{
  "identifier": "Preprocessed-NO2-2015-145",
  "best_x": [
    43.15324799999988,
    49.80644729813726
  ],
  "best_y": 1.0113581546520458,
  "best_so_far": [
    -0.9183731317164515,
    -0.9183731317164515,
    -0.3144370719240541,
    -0.3144370719240541,
    0.07938228133053304,
    0.07938228133053304,
    0.07938228133053304,
    0.07938228133053304,
    0.7538887348674779,
    0.7538887348674779,
    0.7538887348674779,
    0.7538887348674779,
    0.7538887348674779,
    0.7538887348674779,
    0.7538887348674779,
    1.0113581546520458,
    1.0113581546520458,
    1.0113581546520458,
    1.0113581546520458,
    1.0113581546520458,
    1.0113581546520458,
    1.0113581546520458,
    1.0113581546520458,
    1.0113581546520458,
    1.0113581546520458,
    1.0113581546520458,
    1.0113581546520458,
    1.0113581546520458,
    1.0113581546520458,
    1.0113581546520458
  ],
  "x_hist": [
    [
      37.5287639642604,
      26.91773629614788
    ],
    [
      42.03630598607403,
      84.26997486831613
    ],
    [
      37.44668562154183,
      60.29897548252391
    ],
    [
      35.48393890674565,
      94.94361745496738
    ],
    [
      35.8096057903139,
      69.02752086755608
    ],
    [
      36.948791999999415,
      67.37938143506399
    ],
    [
      37.52987700000009,
      53.68122940266476
    ],
    [
      32.476458372216044,
      74.63865922449735
    ],
    [
      35.701885123808836,
      55.18621527479079
    ],
    [
      30.148598999999777,
      49.256194251109285
    ],
    [
      26.332529999999636,
      50.75139652211307
    ],
    [
      38.33438834999996,
      58.44592514647611
    ],
    [
      37.56434179481704,
      65.99228961397372
    ],
    [
      42.04819271644504,
      19.95986456313124
    ],
    [
      34.87819799999964,
      76.08489822384199
    ],
    [
      43.15324799999988,
      49.80644729813726
    ],
    [
      42.349365925427506,
      51.68134232422675
    ],
    [
      39.229832009999384,
      57.71476613835181
    ],
    [
      39.633383609999676,
      58.71193055086302
    ],
    [
      42.834122999999536,
      61.13498131873914
    ],
    [
      41.057581189908134,
      61.99112505500065
    ],
    [
      40.8942870000001,
      63.7287142778469
    ],
    [
      41.97390332198082,
      63.405687949962356
    ],
    [
      45.875855999999494,
      61.971246146563196
    ],
    [
      42.665291999999894,
      64.17156140276876
    ],
    [
      42.231532428987144,
      67.14015513235218
    ],
    [
      52.36791299999944,
      61.25684396703845
    ],
    [
      36.67684199999985,
      69.27108846175109
    ],
    [
      37.891744377059425,
      70.10171806912226
    ],
    [
      41.399022581511126,
      69.4806678788119
    ]
  ],
  "y_hist": [
    -0.9183731317164515,
    -1.4923250282703198,
    -0.3144370719240541,
    -1.5130293616612027,
    0.07938228133053304,
    -0.1713726441320268,
    -1.1450906559588259,
    -0.5256332753602087,
    0.7538887348674779,
    0.11503812343941795,
    -0.14600234374976137,
    -0.1544115555051119,
    0.6391036312195684,
    -0.9183731317164515,
    0.12906664024458164,
    1.0113581546520458,
    0.14986660871386046,
    -0.8498205626184295,
    0.22375823421469399,
    -0.47258745958889653,
    -0.002175773076444545,
    0.07214833782375932,
    0.2171891192554189,
    0.5782423065883675,
    0.12906664024458164,
    0.6539410538995897,
    0.583409404194896,
    -0.3144370719240541,
    -0.01749264447536001,
    0.5468605286204314
  ],
  "eval_count": 30,
  "evals_to_f_best": 16,
  "total_time": 0.8793471670069266,
  "deviation_from_optimum": 0.0,
  "optimum": 1.0113581546520458,
  "optimum_x": [
    43.15324799999988,
    49.80644729813726
  ],
  "success": true
}