{
  "identifier": "Preprocessed-NO2-2015-277",
  "best_x": [
    40.8942870000001,
    63.7287142778469
  ],
  "best_y": 1.7308472682736162,
  "best_so_far": [
    0.4258320420657214,
    0.4258320420657214,
    0.4258320420657214,
    0.4258320420657214,
    1.6238513062672024,
    1.6238513062672024,
    1.6238513062672024,
    1.6238513062672024,
    1.6238513062672024,
    1.6238513062672024,
    1.6238513062672024,
    1.6238513062672024,
    1.6238513062672024,
    1.6238513062672024,
    1.6238513062672024,
    1.6238513062672024,
    1.6238513062672024,
    1.6238513062672024,
    1.6238513062672024,
    1.6238513062672024,
    1.7308472682736162,
    1.7308472682736162,
    1.7308472682736162,
    1.7308472682736162,
    1.7308472682736162,
    1.7308472682736162,
    1.7308472682736162,
    1.7308472682736162,
    1.7308472682736162,
    1.7308472682736162
  ],
  "x_hist": [
    [
      37.5287639642604,
      26.91773629614788
    ],
    [
      47.829233999999445,
      82.35014112354563
    ],
    [
      24.43649077494007,
      62.13278598136728
    ],
    [
      35.48393890674565,
      94.94361745496738
    ],
    [
      43.15324799999988,
      49.80644729813726
    ],
    [
      42.349365925427506,
      51.68134232422675
    ],
    [
      42.04819271644504,
      19.95986456313124
    ],
    [
      32.476458372216044,
      74.63865922449735
    ],
    [
      30.148598999999777,
      49.256194251109285
    ],
    [
      38.33438834999996,
      58.44592514647611
    ],
    [
      37.52987700000009,
      53.68122940266476
    ],
    [
      39.229832009999384,
      57.71476613835181
    ],
    [
      39.633383609999676,
      58.71193055086302
    ],
    [
      42.834122999999536,
      61.13498131873914
    ],
    [
      52.36791299999944,
      61.25684396703845
    ],
    [
      45.875855999999494,
      61.971246146563196
    ],
    [
      37.44668562154183,
      60.29897548252391
    ],
    [
      41.057581189908134,
      61.99112505500065
    ],
    [
      26.332529999999636,
      50.75139652211307
    ],
    [
      41.97390332198082,
      63.405687949962356
    ],
    [
      40.8942870000001,
      63.7287142778469
    ],
    [
      42.665291999999894,
      64.17156140276876
    ],
    [
      50.751419999999946,
      65.22174826892642
    ],
    [
      42.231532428987144,
      67.14015513235218
    ],
    [
      37.56434179481704,
      65.99228961397372
    ],
    [
      43.90227600000007,
      69.88064291018797
    ],
    [
      36.67684199999985,
      69.27108846175109
    ],
    [
      35.8096057903139,
      69.02752086755608
    ],
    [
      37.891744377059425,
      70.10171806912226
    ],
    [
      48.23260800000003,
      72.10088596806122
    ]
  ],
  "y_hist": [
    0.4258320420657214,
    0.4143297607056542,
    -0.10464875388651942,
    0.14296526151086786,
    1.6238513062672024,
    0.8647988699321041,
    0.46540978719812554,
    0.7306882672471479,
    0.9276130714157608,
    1.3532710310849816,
    0.2302987254886017,
    0.8519143241045386,
    1.0980169179228576,
    1.469135795095412,
    0.4258320420657214,
    1.2869682490965355,
    0.2302987254886017,
    1.61349926266774,
    0.47097951667751753,
    1.166013685388973,
    1.7308472682736162,
    0.8860303465671945,
    0.45981931379943486,
    0.4258320420657214,
    0.14296526151086786,
    0.2625804077835235,
    0.37928442475581914,
    0.7260048301482523,
    -0.08842113235089138,
    0.7721943321343866
  ],
  "eval_count": 30,
  "evals_to_f_best": 21,
  "total_time": 0.845627875009086,
  "deviation_from_optimum": 0.0,
  "optimum": 1.7308472682736162,
  "optimum_x": [
    40.8942870000001,
    63.7287142778469
  ],
  "success": true
}