{
  "identifier": "Preprocessed-NO2-2015-268",
  "best_x": [
    35.701885123808836,
    55.18621527479079
  ],
  "best_y": 1.8771831257059117,
  "best_so_far": [
    0.2689542618297598,
    0.2689542618297598,
    0.7721943321343866,
    0.7721943321343866,
    0.7721943321343866,
    1.1903085107861668,
    1.1903085107861668,
    1.1903085107861668,
    1.1903085107861668,
    1.1903085107861668,
    1.8771831257059117,
    1.8771831257059117,
    1.8771831257059117,
    1.8771831257059117,
    1.8771831257059117,
    1.8771831257059117,
    1.8771831257059117,
    1.8771831257059117,
    1.8771831257059117,
    1.8771831257059117,
    1.8771831257059117,
    1.8771831257059117,
    1.8771831257059117,
    1.8771831257059117,
    1.8771831257059117,
    1.8771831257059117,
    1.8771831257059117,
    1.8771831257059117,
    1.8771831257059117,
    1.8771831257059117
  ],
  "x_hist": [
    [
      37.5287639642604,
      26.91773629614788
    ],
    [
      47.829233999999445,
      82.35014112354563
    ],
    [
      31.884638999999517,
      58.65023680944083
    ],
    [
      35.48393890674565,
      94.94361745496738
    ],
    [
      24.43649077494007,
      62.13278598136728
    ],
    [
      30.148598999999777,
      49.256194251109285
    ],
    [
      26.332529999999636,
      50.75139652211307
    ],
    [
      42.04819271644504,
      19.95986456313124
    ],
    [
      33.36529397954962,
      85.15777905758739
    ],
    [
      37.52987700000009,
      53.68122940266476
    ],
    [
      35.701885123808836,
      55.18621527479079
    ],
    [
      43.15324799999988,
      49.80644729813726
    ],
    [
      39.229832009999384,
      57.71476613835181
    ],
    [
      38.33438834999996,
      58.44592514647611
    ],
    [
      37.44668562154183,
      60.29897548252391
    ],
    [
      39.633383609999676,
      58.71193055086302
    ],
    [
      41.057581189908134,
      61.99112505500065
    ],
    [
      42.834122999999536,
      61.13498131873914
    ],
    [
      40.8942870000001,
      63.7287142778469
    ],
    [
      37.56434179481704,
      65.99228961397372
    ],
    [
      41.97390332198082,
      63.405687949962356
    ],
    [
      42.665291999999894,
      64.17156140276876
    ],
    [
      45.875855999999494,
      61.971246146563196
    ],
    [
      35.8096057903139,
      69.02752086755608
    ],
    [
      42.231532428987144,
      67.14015513235218
    ],
    [
      37.891744377059425,
      70.10171806912226
    ],
    [
      41.399022581511126,
      69.4806678788119
    ],
    [
      38.273022000000154,
      71.34598861519042
    ],
    [
      34.88452499999944,
      72.97514525247436
    ],
    [
      52.36791299999944,
      61.25684396703845
    ]
  ],
  "y_hist": [
    0.2689542618297598,
    0.2302987254886017,
    0.7721943321343866,
    0.2625804077835235,
    0.16357483524309432,
    1.1903085107861668,
    0.7353571368665328,
    0.2816213443650285,
    0.2941824249672388,
    -0.04860340314627779,
    1.8771831257059117,
    1.7066364148141504,
    0.6440657526722275,
    1.134188315720291,
    0.5255688188289981,
    1.130610148656517,
    1.5660107209013052,
    0.952020769721415,
    1.237749401233652,
    0.8432627706298005,
    1.850809849211816,
    0.8081491139602407,
    1.1377579734607814,
    1.0758881578532418,
    0.8902408412563207,
    0.3128291290126751,
    1.270740627560908,
    1.3346243270395453,
    0.7630694385477358,
    0.9069656980997336
  ],
  "eval_count": 30,
  "evals_to_f_best": 11,
  "total_time": 0.8109880420088302,
  "deviation_from_optimum": 0.0,
  "optimum": 1.8771831257059117,
  "optimum_x": [
    35.701885123808836,
    55.18621527479079
  ],
  "success": true
}