{
  "identifier": "Preprocessed-NO2-2015-227",
  "best_x": [
    43.15324799999988,
    49.80644729813726
  ],
  "best_y": 1.4518822675210927,
  "best_so_far": [
    -0.7462594771050677,
    -0.7462594771050677,
    0.2941824249672388,
    0.2941824249672388,
    0.2941824249672388,
    0.2941824249672388,
    0.9069656980997336,
    1.4518822675210927,
    1.4518822675210927,
    1.4518822675210927,
    1.4518822675210927,
    1.4518822675210927,
    1.4518822675210927,
    1.4518822675210927,
    1.4518822675210927,
    1.4518822675210927,
    1.4518822675210927,
    1.4518822675210927,
    1.4518822675210927,
    1.4518822675210927,
    1.4518822675210927,
    1.4518822675210927,
    1.4518822675210927,
    1.4518822675210927,
    1.4518822675210927,
    1.4518822675210927,
    1.4518822675210927,
    1.4518822675210927,
    1.4518822675210927,
    1.4518822675210927
  ],
  "x_hist": [
    [
      37.5287639642604,
      26.91773629614788
    ],
    [
      47.829233999999445,
      82.35014112354563
    ],
    [
      31.884638999999517,
      58.65023680944083
    ],
    [
      35.48393890674565,
      94.94361745496738
    ],
    [
      41.744879999999405,
      100.4720072707649
    ],
    [
      24.43649077494007,
      62.13278598136728
    ],
    [
      41.057581189908134,
      61.99112505500065
    ],
    [
      43.15324799999988,
      49.80644729813726
    ],
    [
      37.52987700000009,
      53.68122940266476
    ],
    [
      42.231532428987144,
      67.14015513235218
    ],
    [
      42.04819271644504,
      19.95986456313124
    ],
    [
      52.36791299999944,
      61.25684396703845
    ],
    [
      45.875855999999494,
      61.971246146563196
    ],
    [
      39.229832009999384,
      57.71476613835181
    ],
    [
      39.633383609999676,
      58.71193055086302
    ],
    [
      50.751419999999946,
      65.22174826892642
    ],
    [
      38.33438834999996,
      58.44592514647611
    ],
    [
      42.665291999999894,
      64.17156140276876
    ],
    [
      41.97390332198082,
      63.405687949962356
    ],
    [
      35.701885123808836,
      55.18621527479079
    ],
    [
      40.8942870000001,
      63.7287142778469
    ],
    [
      43.90227600000007,
      69.88064291018797
    ],
    [
      37.56434179481704,
      65.99228961397372
    ],
    [
      30.148598999999777,
      49.256194251109285
    ],
    [
      41.399022581511126,
      69.4806678788119
    ],
    [
      48.23260800000003,
      72.10088596806122
    ],
    [
      36.948791999999415,
      67.37938143506399
    ],
    [
      37.891744377059425,
      70.10171806912226
    ],
    [
      36.67684199999985,
      69.27108846175109
    ],
    [
      35.8096057903139,
      69.02752086755608
    ]
  ],
  "y_hist": [
    -0.7462594771050677,
    -1.3548789739963605,
    0.2941824249672388,
    -0.7338026390371855,
    -1.1450906559588259,
    -0.1885275779677678,
    0.9069656980997336,
    1.4518822675210927,
    -0.758820557707278,
    0.45981931379943486,
    -0.6611574773164867,
    0.10087726018212535,
    0.43155029801914585,
    -0.2957903678786178,
    0.4820573556842821,
    -0.7842625290314946,
    0.4429218703790188,
    0.2625804077835235,
    0.6783487522052433,
    1.4285646666273453,
    0.45981931379943486,
    -0.1971791314425059,
    0.7353571368665328,
    0.6190894630771556,
    0.7584861056051534,
    -0.7091948687055835,
    0.09374641364798453,
    -0.25917781199646434,
    0.07214833782375932,
    0.4143297607056542
  ],
  "eval_count": 30,
  "evals_to_f_best": 8,
  "total_time": 0.8084355419850908,
  "deviation_from_optimum": 0.0,
  "optimum": 1.4518822675210927,
  "optimum_x": [
    43.15324799999988,
    49.80644729813726
  ],
  "success": true
}