{
  "identifier": "Preprocessed-NO2-2015-217",
  "best_x": [
    43.15324799999988,
    49.80644729813726
  ],
  "best_y": 2.093870183949931,
  "best_so_far": [
    0.3614500719194548,
    0.5782423065883675,
    0.9439288882786829,
    0.9439288882786829,
    1.1903085107861668,
    1.1903085107861668,
    1.1903085107861668,
    1.1903085107861668,
    1.1903085107861668,
    1.398898871559435,
    2.093870183949931,
    2.093870183949931,
    2.093870183949931,
    2.093870183949931,
    2.093870183949931,
    2.093870183949931,
    2.093870183949931,
    2.093870183949931,
    2.093870183949931,
    2.093870183949931,
    2.093870183949931,
    2.093870183949931,
    2.093870183949931,
    2.093870183949931,
    2.093870183949931,
    2.093870183949931,
    2.093870183949931,
    2.093870183949931,
    2.093870183949931,
    2.093870183949931
  ],
  "x_hist": [
    [
      37.5287639642604,
      26.91773629614788
    ],
    [
      47.829233999999445,
      82.35014112354563
    ],
    [
      31.884638999999517,
      58.65023680944083
    ],
    [
      35.48393890674565,
      94.94361745496738
    ],
    [
      35.701885123808836,
      55.18621527479079
    ],
    [
      30.148598999999777,
      49.256194251109285
    ],
    [
      39.229832009999384,
      57.71476613835181
    ],
    [
      37.52987700000009,
      53.68122940266476
    ],
    [
      33.36529397954962,
      85.15777905758739
    ],
    [
      38.33438834999996,
      58.44592514647611
    ],
    [
      43.15324799999988,
      49.80644729813726
    ],
    [
      39.633383609999676,
      58.71193055086302
    ],
    [
      42.04819271644504,
      19.95986456313124
    ],
    [
      26.332529999999636,
      50.75139652211307
    ],
    [
      41.057581189908134,
      61.99112505500065
    ],
    [
      45.875855999999494,
      61.971246146563196
    ],
    [
      41.97390332198082,
      63.405687949962356
    ],
    [
      40.8942870000001,
      63.7287142778469
    ],
    [
      42.665291999999894,
      64.17156140276876
    ],
    [
      52.36791299999944,
      61.25684396703845
    ],
    [
      37.56434179481704,
      65.99228961397372
    ],
    [
      24.43649077494007,
      62.13278598136728
    ],
    [
      42.231532428987144,
      67.14015513235218
    ],
    [
      36.948791999999415,
      67.37938143506399
    ],
    [
      50.751419999999946,
      65.22174826892642
    ],
    [
      35.8096057903139,
      69.02752086755608
    ],
    [
      36.67684199999985,
      69.27108846175109
    ],
    [
      41.399022581511126,
      69.4806678788119
    ],
    [
      37.891744377059425,
      70.10171806912226
    ],
    [
      43.90227600000007,
      69.88064291018797
    ]
  ],
  "y_hist": [
    0.3614500719194548,
    0.5782423065883675,
    0.9439288882786829,
    -0.3524401238504811,
    1.1903085107861668,
    0.8301912188876749,
    0.8860303465671945,
    0.2302987254886017,
    -0.391430377635874,
    1.398898871559435,
    2.093870183949931,
    1.0721681054598298,
    0.4143297607056542,
    0.6539410538995897,
    2.044022628068453,
    1.1089601525828112,
    1.6109000579101322,
    1.6992963494668674,
    0.9439288882786829,
    -0.23229278811206575,
    -0.3238480141771158,
    0.1567363706932789,
    0.10087726018212535,
    -0.4416370770463908,
    0.5148086267120978,
    0.1973074991613457,
    0.0428588158939921,
    0.7992408363451698,
    -0.7338026390371855,
    0.1220687703558549
  ],
  "eval_count": 30,
  "evals_to_f_best": 11,
  "total_time": 0.8212609170004725,
  "deviation_from_optimum": 0.0,
  "optimum": 2.093870183949931,
  "optimum_x": [
    43.15324799999988,
    49.80644729813726
  ],
  "success": true
}