{
  "identifier": "Preprocessed-NO2-2015-218",
  "best_x": [
    41.057581189908134,
    61.99112505500065
  ],
  "best_y": 2.1292781163149055,
  "best_so_far": [
    -0.1210537299887212,
    0.4143297607056542,
    0.7721943321343866,
    0.7721943321343866,
    1.134188315720291,
    1.7617486364527,
    1.7617486364527,
    1.7617486364527,
    1.7617486364527,
    1.7617486364527,
    1.7617486364527,
    1.7617486364527,
    1.7617486364527,
    1.7617486364527,
    1.7617486364527,
    1.7617486364527,
    2.1292781163149055,
    2.1292781163149055,
    2.1292781163149055,
    2.1292781163149055,
    2.1292781163149055,
    2.1292781163149055,
    2.1292781163149055,
    2.1292781163149055,
    2.1292781163149055,
    2.1292781163149055,
    2.1292781163149055,
    2.1292781163149055,
    2.1292781163149055,
    2.1292781163149055
  ],
  "x_hist": [
    [
      37.5287639642604,
      26.91773629614788
    ],
    [
      47.829233999999445,
      82.35014112354563
    ],
    [
      31.884638999999517,
      58.65023680944083
    ],
    [
      35.48393890674565,
      94.94361745496738
    ],
    [
      38.273022000000154,
      71.34598861519042
    ],
    [
      43.15324799999988,
      49.80644729813726
    ],
    [
      37.52987700000009,
      53.68122940266476
    ],
    [
      52.36791299999944,
      61.25684396703845
    ],
    [
      42.04819271644504,
      19.95986456313124
    ],
    [
      30.148598999999777,
      49.256194251109285
    ],
    [
      43.90227600000007,
      69.88064291018797
    ],
    [
      35.701885123808836,
      55.18621527479079
    ],
    [
      45.875855999999494,
      61.971246146563196
    ],
    [
      39.229832009999384,
      57.71476613835181
    ],
    [
      39.633383609999676,
      58.71193055086302
    ],
    [
      38.33438834999996,
      58.44592514647611
    ],
    [
      41.057581189908134,
      61.99112505500065
    ],
    [
      26.332529999999636,
      50.75139652211307
    ],
    [
      41.97390332198082,
      63.405687949962356
    ],
    [
      40.8942870000001,
      63.7287142778469
    ],
    [
      42.665291999999894,
      64.17156140276876
    ],
    [
      50.751419999999946,
      65.22174826892642
    ],
    [
      37.56434179481704,
      65.99228961397372
    ],
    [
      42.231532428987144,
      67.14015513235218
    ],
    [
      36.948791999999415,
      67.37938143506399
    ],
    [
      41.399022581511126,
      69.4806678788119
    ],
    [
      36.67684199999985,
      69.27108846175109
    ],
    [
      24.43649077494007,
      62.13278598136728
    ],
    [
      35.8096057903139,
      69.02752086755608
    ],
    [
      37.891744377059425,
      70.10171806912226
    ]
  ],
  "y_hist": [
    -0.1210537299887212,
    0.4143297607056542,
    0.7721943321343866,
    -0.48304771357462556,
    1.134188315720291,
    1.7617486364527,
    -0.5694623853947889,
    -0.25917781199646434,
    0.0648793629769735,
    0.40273865776075346,
    -0.04076505440788234,
    1.4634066264133159,
    0.7857785006138405,
    0.5988048250259156,
    0.8258086161467119,
    1.1377579734607814,
    2.1292781163149055,
    0.47652865561276964,
    1.434428113038004,
    1.3898835869671344,
    0.7902793746681421,
    0.2497509247894571,
    -0.7971470748590601,
    -0.16286814335125438,
    -0.8498205626184295,
    0.6539410538995897,
    -0.27737246352457,
    -0.3144370719240541,
    -0.20588083913053945,
    -1.050256573937683
  ],
  "eval_count": 30,
  "evals_to_f_best": 17,
  "total_time": 0.8060848749883007,
  "deviation_from_optimum": 0.0,
  "optimum": 2.1292781163149055,
  "optimum_x": [
    41.057581189908134,
    61.99112505500065
  ],
  "success": true
}