{
  "identifier": "Preprocessed-NO2-2015-247",
  "best_x": [
    35.701885123808836,
    55.18621527479079
  ],
  "best_y": 1.7734664193980045,
  "best_so_far": [
    -0.27737246352457,
    -0.27737246352457,
    0.47097951667751753,
    0.47097951667751753,
    0.902801921858531,
    0.902801921858531,
    1.5141985525160149,
    1.5141985525160149,
    1.5141985525160149,
    1.5141985525160149,
    1.7734664193980045,
    1.7734664193980045,
    1.7734664193980045,
    1.7734664193980045,
    1.7734664193980045,
    1.7734664193980045,
    1.7734664193980045,
    1.7734664193980045,
    1.7734664193980045,
    1.7734664193980045,
    1.7734664193980045,
    1.7734664193980045,
    1.7734664193980045,
    1.7734664193980045,
    1.7734664193980045,
    1.7734664193980045,
    1.7734664193980045,
    1.7734664193980045,
    1.7734664193980045,
    1.7734664193980045
  ],
  "x_hist": [
    [
      37.5287639642604,
      26.91773629614788
    ],
    [
      47.829233999999445,
      82.35014112354563
    ],
    [
      31.884638999999517,
      58.65023680944083
    ],
    [
      35.48393890674565,
      94.94361745496738
    ],
    [
      30.148598999999777,
      49.256194251109285
    ],
    [
      42.04819271644504,
      19.95986456313124
    ],
    [
      43.15324799999988,
      49.80644729813726
    ],
    [
      26.332529999999636,
      50.75139652211307
    ],
    [
      37.52987700000009,
      53.68122940266476
    ],
    [
      39.229832009999384,
      57.71476613835181
    ],
    [
      35.701885123808836,
      55.18621527479079
    ],
    [
      38.33438834999996,
      58.44592514647611
    ],
    [
      39.633383609999676,
      58.71193055086302
    ],
    [
      37.44668562154183,
      60.29897548252391
    ],
    [
      48.23260800000003,
      72.10088596806122
    ],
    [
      41.057581189908134,
      61.99112505500065
    ],
    [
      45.875855999999494,
      61.971246146563196
    ],
    [
      41.97390332198082,
      63.405687949962356
    ],
    [
      40.8942870000001,
      63.7287142778469
    ],
    [
      42.665291999999894,
      64.17156140276876
    ],
    [
      37.56434179481704,
      65.99228961397372
    ],
    [
      36.948791999999415,
      67.37938143506399
    ],
    [
      42.231532428987144,
      67.14015513235218
    ],
    [
      24.43649077494007,
      62.13278598136728
    ],
    [
      52.36791299999944,
      61.25684396703845
    ],
    [
      35.8096057903139,
      69.02752086755608
    ],
    [
      50.751419999999946,
      65.22174826892642
    ],
    [
      36.67684199999985,
      69.27108846175109
    ],
    [
      41.399022581511126,
      69.4806678788119
    ],
    [
      37.891744377059425,
      70.10171806912226
    ]
  ],
  "y_hist": [
    -0.27737246352457,
    -0.5148730832433084,
    0.47097951667751753,
    0.1973074991613457,
    0.902801921858531,
    0.035446255780935305,
    1.5141985525160149,
    0.6039017412048809,
    -0.2957903678786178,
    0.2302987254886017,
    1.7734664193980045,
    0.8605162982041191,
    0.71659388789519,
    0.3554578868261881,
    -0.48304771357462556,
    1.2837367292855522,
    0.794766793174556,
    1.6720714579039873,
    0.952020769721415,
    0.7857785006138405,
    1.0152318093759094,
    0.5362524252996946,
    0.7902793746681421,
    0.3851824298783897,
    0.6190894630771556,
    1.007474477524456,
    -0.3333183318528421,
    0.30042376606945126,
    1.2772527435123175,
    0.2302987254886017
  ],
  "eval_count": 30,
  "evals_to_f_best": 11,
  "total_time": 0.8100254580203909,
  "deviation_from_optimum": 0.0,
  "optimum": 1.7734664193980045,
  "optimum_x": [
    35.701885123808836,
    55.18621527479079
  ],
  "success": true
}