{
  "identifier": "Preprocessed-NO2-2015-360",
  "best_x": [
    40.8942870000001,
    63.7287142778469
  ],
  "best_y": 0.23681084144001122,
  "best_so_far": [
    -2.25225644827664,
    -1.1780818822860812,
    -0.7462594771050677,
    -0.7462594771050677,
    -0.7462594771050677,
    -0.7462594771050677,
    -0.7462594771050677,
    0.10087726018212535,
    0.10087726018212535,
    0.10087726018212535,
    0.10087726018212535,
    0.10087726018212535,
    0.10087726018212535,
    0.10087726018212535,
    0.10087726018212535,
    0.10087726018212535,
    0.10087726018212535,
    0.10087726018212535,
    0.10087726018212535,
    0.10087726018212535,
    0.2302987254886017,
    0.2302987254886017,
    0.23681084144001122,
    0.23681084144001122,
    0.23681084144001122,
    0.23681084144001122,
    0.23681084144001122,
    0.23681084144001122,
    0.23681084144001122,
    0.23681084144001122
  ],
  "x_hist": [
    [
      37.5287639642604,
      26.91773629614788
    ],
    [
      47.829233999999445,
      82.35014112354563
    ],
    [
      31.884638999999517,
      58.65023680944083
    ],
    [
      35.48393890674565,
      94.94361745496738
    ],
    [
      34.88452499999944,
      72.97514525247436
    ],
    [
      26.332529999999636,
      50.75139652211307
    ],
    [
      24.43649077494007,
      62.13278598136728
    ],
    [
      35.701885123808836,
      55.18621527479079
    ],
    [
      32.13036654481498,
      89.6343673225596
    ],
    [
      45.55373399999962,
      52.16115606191214
    ],
    [
      42.04819271644504,
      19.95986456313124
    ],
    [
      30.148598999999777,
      49.256194251109285
    ],
    [
      36.67684199999985,
      69.27108846175109
    ],
    [
      43.15324799999988,
      49.80644729813726
    ],
    [
      32.476458372216044,
      74.63865922449735
    ],
    [
      37.52987700000009,
      53.68122940266476
    ],
    [
      37.44668562154183,
      60.29897548252391
    ],
    [
      39.229832009999384,
      57.71476613835181
    ],
    [
      38.33438834999996,
      58.44592514647611
    ],
    [
      39.633383609999676,
      58.71193055086302
    ],
    [
      41.057581189908134,
      61.99112505500065
    ],
    [
      42.349365925427506,
      51.68134232422675
    ],
    [
      40.8942870000001,
      63.7287142778469
    ],
    [
      37.56434179481704,
      65.99228961397372
    ],
    [
      42.834122999999536,
      61.13498131873914
    ],
    [
      36.948791999999415,
      67.37938143506399
    ],
    [
      41.97390332198082,
      63.405687949962356
    ],
    [
      42.665291999999894,
      64.17156140276876
    ],
    [
      45.875855999999494,
      61.971246146563196
    ],
    [
      41.399022581511126,
      69.4806678788119
    ]
  ],
  "y_hist": [
    -2.25225644827664,
    -1.1780818822860812,
    -0.7462594771050677,
    -2.4723141817804866,
    -1.6436369513853475,
    -1.0199314946212388,
    -3.1008152987658515,
    0.10087726018212535,
    -0.8232527828168875,
    -0.90440986476991,
    -1.1780818822860812,
    -1.3178143655968764,
    -2.1532508757362105,
    -0.5256332753602087,
    -2.3582562676691827,
    -2.553471263733509,
    -2.8271432812496804,
    -0.5918663889551277,
    -0.3428487789324037,
    -0.04860340314627779,
    0.2302987254886017,
    -1.451753899802253,
    0.23681084144001122,
    -2.433323927995094,
    0.18390526394342624,
    -2.6392683505326366,
    -1.1450906559588259,
    -1.263878969085209,
    -0.49358137345187497,
    -0.7842625290314946
  ],
  "eval_count": 30,
  "evals_to_f_best": 23,
  "total_time": 0.8493975000164937,
  "deviation_from_optimum": 0.0,
  "optimum": 0.23681084144001122,
  "optimum_x": [
    40.8942870000001,
    63.7287142778469
  ],
  "success": true
}