{
  "identifier": "Preprocessed-NO2-2015-345",
  "best_x": [
    41.057581189908134,
    61.99112505500065
  ],
  "best_y": 1.7850934362659945,
  "best_so_far": [
    0.1567363706932789,
    0.1567363706932789,
    0.7260048301482523,
    0.7260048301482523,
    0.7260048301482523,
    1.3594354765967749,
    1.3594354765967749,
    1.3594354765967749,
    1.3594354765967749,
    1.3594354765967749,
    1.3594354765967749,
    1.3594354765967749,
    1.3594354765967749,
    1.3594354765967749,
    1.3594354765967749,
    1.3594354765967749,
    1.3594354765967749,
    1.3594354765967749,
    1.3594354765967749,
    1.3594354765967749,
    1.3594354765967749,
    1.3594354765967749,
    1.3594354765967749,
    1.3594354765967749,
    1.3594354765967749,
    1.3594354765967749,
    1.6109000579101322,
    1.6109000579101322,
    1.61349926266774,
    1.7850934362659945
  ],
  "x_hist": [
    [
      37.5287639642604,
      26.91773629614788
    ],
    [
      47.829233999999445,
      82.35014112354563
    ],
    [
      31.884638999999517,
      58.65023680944083
    ],
    [
      35.48393890674565,
      94.94361745496738
    ],
    [
      37.44668562154183,
      60.29897548252391
    ],
    [
      32.13036654481498,
      89.6343673225596
    ],
    [
      32.476458372216044,
      74.63865922449735
    ],
    [
      33.36529397954962,
      85.15777905758739
    ],
    [
      38.28112499999941,
      76.69191621993401
    ],
    [
      37.36426499999942,
      87.78778327994611
    ],
    [
      34.87819799999964,
      76.08489822384199
    ],
    [
      41.744879999999405,
      100.4720072707649
    ],
    [
      16.28216201918641,
      83.86135661828055
    ],
    [
      34.88452499999944,
      72.97514525247436
    ],
    [
      42.03630598607403,
      84.26997486831613
    ],
    [
      38.67794999999997,
      75.22449383515101
    ],
    [
      38.273022000000154,
      71.34598861519042
    ],
    [
      35.8096057903139,
      69.02752086755608
    ],
    [
      36.67684199999985,
      69.27108846175109
    ],
    [
      45.64222666408809,
      111.9064932186795
    ],
    [
      36.948791999999415,
      67.37938143506399
    ],
    [
      41.399022581511126,
      69.4806678788119
    ],
    [
      37.56434179481704,
      65.99228961397372
    ],
    [
      43.90227600000007,
      69.88064291018797
    ],
    [
      24.43649077494007,
      62.13278598136728
    ],
    [
      48.23260800000003,
      72.10088596806122
    ],
    [
      40.8942870000001,
      63.7287142778469
    ],
    [
      42.665291999999894,
      64.17156140276876
    ],
    [
      41.97390332198082,
      63.405687949962356
    ],
    [
      41.057581189908134,
      61.99112505500065
    ]
  ],
  "y_hist": [
    0.1567363706932789,
    0.020510407451066973,
    0.7260048301482523,
    0.2941824249672388,
    0.2302987254886017,
    1.3594354765967749,
    0.16357483524309432,
    -0.002175773076444545,
    0.16357483524309432,
    0.8170048350594039,
    -0.1544115555051119,
    -0.22343706701290258,
    0.2625804077835235,
    -0.30508476520577366,
    0.47652865561276964,
    0.020510407451066973,
    1.237749401233652,
    0.4485755131171788,
    0.2625804077835235,
    -0.27737246352457,
    0.5309201270723722,
    0.952020769721415,
    0.1567363706932789,
    0.3554578868261881,
    -0.00981467186537667,
    0.6734988598682657,
    1.6109000579101322,
    1.090676852575575,
    1.61349926266774,
    1.7850934362659945
  ],
  "eval_count": 30,
  "evals_to_f_best": 30,
  "total_time": 0.9032780409906991,
  "deviation_from_optimum": 0.23337058499331964,
  "optimum": 2.018464021259314,
  "optimum_x": [
    35.701885123808836,
    55.18621527479079
  ],
  "success": false
}