{
  "identifier": "Preprocessed-NO2-2015-224",
  "best_x": [
    39.633383609999676,
    58.71193055086302
  ],
  "best_y": 1.6695718064146656,
  "best_so_far": [
    0.07214833782375932,
    0.07214833782375932,
    1.0980169179228576,
    1.0980169179228576,
    1.0980169179228576,
    1.0980169179228576,
    1.0980169179228576,
    1.0980169179228576,
    1.0980169179228576,
    1.0980169179228576,
    1.0980169179228576,
    1.0980169179228576,
    1.0980169179228576,
    1.0980169179228576,
    1.6695718064146656,
    1.6695718064146656,
    1.6695718064146656,
    1.6695718064146656,
    1.6695718064146656,
    1.6695718064146656,
    1.6695718064146656,
    1.6695718064146656,
    1.6695718064146656,
    1.6695718064146656,
    1.6695718064146656,
    1.6695718064146656,
    1.6695718064146656,
    1.6695718064146656,
    1.6695718064146656,
    1.6695718064146656
  ],
  "x_hist": [
    [
      37.5287639642604,
      26.91773629614788
    ],
    [
      47.829233999999445,
      82.35014112354563
    ],
    [
      31.884638999999517,
      58.65023680944083
    ],
    [
      35.48393890674565,
      94.94361745496738
    ],
    [
      43.15324799999988,
      49.80644729813726
    ],
    [
      34.87819799999964,
      76.08489822384199
    ],
    [
      35.8096057903139,
      69.02752086755608
    ],
    [
      26.332529999999636,
      50.75139652211307
    ],
    [
      36.948791999999415,
      67.37938143506399
    ],
    [
      37.56434179481704,
      65.99228961397372
    ],
    [
      24.43649077494007,
      62.13278598136728
    ],
    [
      32.476458372216044,
      74.63865922449735
    ],
    [
      36.67684199999985,
      69.27108846175109
    ],
    [
      38.33438834999996,
      58.44592514647611
    ],
    [
      39.633383609999676,
      58.71193055086302
    ],
    [
      35.701885123808836,
      55.18621527479079
    ],
    [
      37.891744377059425,
      70.10171806912226
    ],
    [
      39.229832009999384,
      57.71476613835181
    ],
    [
      37.52987700000009,
      53.68122940266476
    ],
    [
      41.057581189908134,
      61.99112505500065
    ],
    [
      40.8942870000001,
      63.7287142778469
    ],
    [
      41.97390332198082,
      63.405687949962356
    ],
    [
      42.665291999999894,
      64.17156140276876
    ],
    [
      45.875855999999494,
      61.971246146563196
    ],
    [
      42.231532428987144,
      67.14015513235218
    ],
    [
      41.399022581511126,
      69.4806678788119
    ],
    [
      30.148598999999777,
      49.256194251109285
    ],
    [
      38.273022000000154,
      71.34598861519042
    ],
    [
      43.90227600000007,
      69.88064291018797
    ],
    [
      34.88452499999944,
      72.97514525247436
    ]
  ],
  "y_hist": [
    0.07214833782375932,
    -0.6261121413666523,
    1.0980169179228576,
    -1.5130293616612027,
    -0.1971791314425059,
    0.47097951667751753,
    0.6588544473945614,
    0.050234950503268566,
    0.4200919189235251,
    0.7023659105392768,
    -1.0656519947687033,
    0.7118661977745061,
    0.09374641364798453,
    0.7721943321343866,
    1.6695718064146656,
    0.4258320420657214,
    -0.2501625274041636,
    0.8258086161467119,
    -0.2501625274041636,
    1.6056881069360291,
    1.4805289455984423,
    1.169508542316888,
    0.4930540376326917,
    -0.20588083913053945,
    0.2039640083957735,
    -0.17992560386818662,
    -0.056482898260752916,
    -0.3144370719240541,
    -0.637703244311553,
    0.6637518102134274
  ],
  "eval_count": 30,
  "evals_to_f_best": 15,
  "total_time": 0.8394583750050515,
  "deviation_from_optimum": 0.0,
  "optimum": 1.6695718064146656,
  "optimum_x": [
    39.633383609999676,
    58.71193055086302
  ],
  "success": true
}