{
  "identifier": "Preprocessed-NO2-2015-149",
  "best_x": [
    41.057581189908134,
    61.99112505500065
  ],
  "best_y": 1.7115099267980611,
  "best_so_far": [
    -0.45188312619801335,
    -0.25917781199646434,
    0.020510407451066973,
    0.020510407451066973,
    0.4258320420657214,
    0.4258320420657214,
    0.4258320420657214,
    0.5148086267120978,
    1.2804982374738885,
    1.2804982374738885,
    1.2804982374738885,
    1.2804982374738885,
    1.2804982374738885,
    1.2804982374738885,
    1.7115099267980611,
    1.7115099267980611,
    1.7115099267980611,
    1.7115099267980611,
    1.7115099267980611,
    1.7115099267980611,
    1.7115099267980611,
    1.7115099267980611,
    1.7115099267980611,
    1.7115099267980611,
    1.7115099267980611,
    1.7115099267980611,
    1.7115099267980611,
    1.7115099267980611,
    1.7115099267980611,
    1.7115099267980611
  ],
  "x_hist": [
    [
      37.5287639642604,
      26.91773629614788
    ],
    [
      42.03630598607403,
      84.26997486831613
    ],
    [
      37.44668562154183,
      60.29897548252391
    ],
    [
      35.48393890674565,
      94.94361745496738
    ],
    [
      30.148598999999777,
      49.256194251109285
    ],
    [
      37.52987700000009,
      53.68122940266476
    ],
    [
      33.36529397954962,
      85.15777905758739
    ],
    [
      26.332529999999636,
      50.75139652211307
    ],
    [
      40.8942870000001,
      63.7287142778469
    ],
    [
      34.87819799999964,
      76.08489822384199
    ],
    [
      32.13036654481498,
      89.6343673225596
    ],
    [
      36.948791999999415,
      67.37938143506399
    ],
    [
      37.36426499999942,
      87.78778327994611
    ],
    [
      39.229832009999384,
      57.71476613835181
    ],
    [
      41.057581189908134,
      61.99112505500065
    ],
    [
      43.15324799999988,
      49.80644729813726
    ],
    [
      48.23260800000003,
      72.10088596806122
    ],
    [
      42.349365925427506,
      51.68134232422675
    ],
    [
      41.97390332198082,
      63.405687949962356
    ],
    [
      42.834122999999536,
      61.13498131873914
    ],
    [
      39.633383609999676,
      58.71193055086302
    ],
    [
      37.56434179481704,
      65.99228961397372
    ],
    [
      42.665291999999894,
      64.17156140276876
    ],
    [
      42.231532428987144,
      67.14015513235218
    ],
    [
      38.33438834999996,
      58.44592514647611
    ],
    [
      45.875855999999494,
      61.971246146563196
    ],
    [
      35.701885123808836,
      55.18621527479079
    ],
    [
      41.399022581511126,
      69.4806678788119
    ],
    [
      36.67684199999985,
      69.27108846175109
    ],
    [
      35.8096057903139,
      69.02752086755608
    ]
  ],
  "y_hist": [
    -0.45188312619801335,
    -0.25917781199646434,
    0.020510407451066973,
    -0.14600234374976137,
    0.4258320420657214,
    -0.6970406292421844,
    -0.40133827085273743,
    0.5148086267120978,
    1.2804982374738885,
    -0.603195049313041,
    0.8605162982041191,
    0.0648793629769735,
    0.4930540376326917,
    0.4258320420657214,
    1.7115099267980611,
    1.4460867376478566,
    -0.07236707159159764,
    0.9600692628514306,
    1.491836271177444,
    1.4285646666273453,
    0.47652865561276964,
    -0.28655316720482793,
    0.9600692628514306,
    0.32513280750974444,
    1.0684388106907279,
    0.964077383717481,
    1.6366917641452705,
    0.7584861056051534,
    -0.07236707159159764,
    0.37336315328062836
  ],
  "eval_count": 30,
  "evals_to_f_best": 15,
  "total_time": 0.8069032500206959,
  "deviation_from_optimum": 0.0,
  "optimum": 1.7115099267980611,
  "optimum_x": [
    41.057581189908134,
    61.99112505500065
  ],
  "success": true
}