{
  "identifier": "Preprocessed-NO2-2015-340",
  "best_x": [
    41.057581189908134,
    61.99112505500065
  ],
  "best_y": 1.4431805598330598,
  "best_so_far": [
    -0.7842625290314946,
    -0.22343706701290258,
    0.2941824249672388,
    0.2941824249672388,
    0.2941824249672388,
    0.2941824249672388,
    0.2941824249672388,
    1.3958997888984945,
    1.3958997888984945,
    1.3958997888984945,
    1.3958997888984945,
    1.3958997888984945,
    1.3958997888984945,
    1.3958997888984945,
    1.3958997888984945,
    1.3958997888984945,
    1.3958997888984945,
    1.3958997888984945,
    1.3958997888984945,
    1.4431805598330598,
    1.4431805598330598,
    1.4431805598330598,
    1.4431805598330598,
    1.4431805598330598,
    1.4431805598330598,
    1.4431805598330598,
    1.4431805598330598,
    1.4431805598330598,
    1.4431805598330598,
    1.4431805598330598
  ],
  "x_hist": [
    [
      37.5287639642604,
      26.91773629614788
    ],
    [
      47.829233999999445,
      82.35014112354563
    ],
    [
      31.884638999999517,
      58.65023680944083
    ],
    [
      35.48393890674565,
      94.94361745496738
    ],
    [
      24.43649077494007,
      62.13278598136728
    ],
    [
      33.36529397954962,
      85.15777905758739
    ],
    [
      16.28216201918641,
      83.86135661828055
    ],
    [
      35.701885123808836,
      55.18621527479079
    ],
    [
      26.332529999999636,
      50.75139652211307
    ],
    [
      43.15324799999988,
      49.80644729813726
    ],
    [
      37.56434179481704,
      65.99228961397372
    ],
    [
      30.148598999999777,
      49.256194251109285
    ],
    [
      38.273022000000154,
      71.34598861519042
    ],
    [
      37.52987700000009,
      53.68122940266476
    ],
    [
      38.33438834999996,
      58.44592514647611
    ],
    [
      42.349365925427506,
      51.68134232422675
    ],
    [
      36.948791999999415,
      67.37938143506399
    ],
    [
      39.229832009999384,
      57.71476613835181
    ],
    [
      39.633383609999676,
      58.71193055086302
    ],
    [
      41.057581189908134,
      61.99112505500065
    ],
    [
      40.8942870000001,
      63.7287142778469
    ],
    [
      41.97390332198082,
      63.405687949962356
    ],
    [
      42.834122999999536,
      61.13498131873914
    ],
    [
      35.8096057903139,
      69.02752086755608
    ],
    [
      36.67684199999985,
      69.27108846175109
    ],
    [
      42.665291999999894,
      64.17156140276876
    ],
    [
      34.88452499999944,
      72.97514525247436
    ],
    [
      45.875855999999494,
      61.971246146563196
    ],
    [
      41.399022581511126,
      69.4806678788119
    ],
    [
      32.476458372216044,
      74.63865922449735
    ]
  ],
  "y_hist": [
    -0.7842625290314946,
    -0.22343706701290258,
    0.2941824249672388,
    -0.614609860006585,
    -1.7374825313144904,
    -1.4318722797081804,
    -0.9610596207417734,
    1.3958997888984945,
    -0.08842113235089138,
    0.8562214730353249,
    -1.263878969085209,
    -0.3144370719240541,
    0.47097951667751753,
    -1.3178143655968764,
    0.8475947804834877,
    -0.1293239457993056,
    -1.263878969085209,
    0.5468605286204314,
    0.0648793629769735,
    1.4431805598330598,
    1.3928947020640559,
    0.2689542618297598,
    1.1625106724281613,
    -0.9324675110684087,
    -0.603195049313041,
    0.18390526394342624,
    -0.614609860006585,
    0.4143297607056542,
    0.47097951667751753,
    -1.246322741202846
  ],
  "eval_count": 30,
  "evals_to_f_best": 20,
  "total_time": 0.8405630839988589,
  "deviation_from_optimum": 0.0,
  "optimum": 1.4431805598330598,
  "optimum_x": [
    41.057581189908134,
    61.99112505500065
  ],
  "success": true
}