{
  "identifier": "Preprocessed-NO2-2015-163",
  "best_x": [
    42.834122999999536,
    61.13498131873914
  ],
  "best_y": 2.125590054576369,
  "best_so_far": [
    0.6734988598682657,
    0.6734988598682657,
    1.5660107209013052,
    1.5660107209013052,
    1.5660107209013052,
    1.5660107209013052,
    1.5660107209013052,
    1.5660107209013052,
    1.5660107209013052,
    1.5660107209013052,
    1.5660107209013052,
    1.8307212767404493,
    1.8307212767404493,
    1.8329666629070256,
    1.8329666629070256,
    1.8329666629070256,
    1.8329666629070256,
    1.8329666629070256,
    1.8329666629070256,
    2.0263746607671353,
    2.0263746607671353,
    2.0263746607671353,
    2.0263746607671353,
    2.0263746607671353,
    2.101394211595679,
    2.125590054576369,
    2.125590054576369,
    2.125590054576369,
    2.125590054576369,
    2.125590054576369
  ],
  "x_hist": [
    [
      37.5287639642604,
      26.91773629614788
    ],
    [
      47.829233999999445,
      82.35014112354563
    ],
    [
      31.884638999999517,
      58.65023680944083
    ],
    [
      35.48393890674565,
      94.94361745496738
    ],
    [
      42.03630598607403,
      84.26997486831613
    ],
    [
      24.43649077494007,
      62.13278598136728
    ],
    [
      35.701885123808836,
      55.18621527479079
    ],
    [
      42.04819271644504,
      19.95986456313124
    ],
    [
      37.44668562154183,
      60.29897548252391
    ],
    [
      37.52987700000009,
      53.68122940266476
    ],
    [
      35.8096057903139,
      69.02752086755608
    ],
    [
      38.33438834999996,
      58.44592514647611
    ],
    [
      34.87819799999964,
      76.08489822384199
    ],
    [
      39.633383609999676,
      58.71193055086302
    ],
    [
      34.88452499999944,
      72.97514525247436
    ],
    [
      37.891744377059425,
      70.10171806912226
    ],
    [
      39.229832009999384,
      57.71476613835181
    ],
    [
      38.67794999999997,
      75.22449383515101
    ],
    [
      37.56434179481704,
      65.99228961397372
    ],
    [
      41.057581189908134,
      61.99112505500065
    ],
    [
      42.349365925427506,
      51.68134232422675
    ],
    [
      36.67684199999985,
      69.27108846175109
    ],
    [
      36.948791999999415,
      67.37938143506399
    ],
    [
      32.476458372216044,
      74.63865922449735
    ],
    [
      40.8942870000001,
      63.7287142778469
    ],
    [
      42.834122999999536,
      61.13498131873914
    ],
    [
      41.97390332198082,
      63.405687949962356
    ],
    [
      30.148598999999777,
      49.256194251109285
    ],
    [
      42.665291999999894,
      64.17156140276876
    ],
    [
      42.231532428987144,
      67.14015513235218
    ]
  ],
  "y_hist": [
    0.6734988598682657,
    0.16357483524309432,
    1.5660107209013052,
    -0.30508476520577366,
    -0.5806225882728716,
    -0.4314604931687447,
    1.0267931530969379,
    0.5362524252996946,
    0.9839590038115535,
    0.6975931231399027,
    1.425624331950696,
    1.8307212767404493,
    0.9839590038115535,
    1.8329666629070256,
    1.2006013993858593,
    0.71659388789519,
    1.24440591046808,
    0.8519143241045386,
    1.2410813457148842,
    2.0263746607671353,
    1.0496520776911848,
    1.0795990135688098,
    0.9560504107252771,
    1.3189064831866746,
    2.101394211595679,
    2.125590054576369,
    1.9201342784668136,
    0.7857785006138405,
    1.2901928268617635,
    0.8562214730353249
  ],
  "eval_count": 30,
  "evals_to_f_best": 26,
  "total_time": 0.8044340000196826,
  "deviation_from_optimum": 0.0,
  "optimum": 2.125590054576369,
  "optimum_x": [
    42.834122999999536,
    61.13498131873914
  ],
  "success": true
}