{
  "identifier": "Preprocessed-NO2-2015-315",
  "best_x": [
    41.057581189908134,
    61.99112505500065
  ],
  "best_y": 2.0401187497367297,
  "best_so_far": [
    -0.3620931498670632,
    0.09374641364798453,
    0.6783487522052433,
    0.6783487522052433,
    0.6783487522052433,
    0.6783487522052433,
    0.6783487522052433,
    0.6783487522052433,
    0.6783487522052433,
    0.6783487522052433,
    1.7687902773842796,
    1.7687902773842796,
    1.7687902773842796,
    1.7687902773842796,
    1.7687902773842796,
    1.7687902773842796,
    1.7687902773842796,
    1.7687902773842796,
    1.7687902773842796,
    1.7687902773842796,
    2.0401187497367297,
    2.0401187497367297,
    2.0401187497367297,
    2.0401187497367297,
    2.0401187497367297,
    2.0401187497367297,
    2.0401187497367297,
    2.0401187497367297,
    2.0401187497367297,
    2.0401187497367297
  ],
  "x_hist": [
    [
      37.5287639642604,
      26.91773629614788
    ],
    [
      47.829233999999445,
      82.35014112354563
    ],
    [
      31.884638999999517,
      58.65023680944083
    ],
    [
      16.28216201918641,
      83.86135661828055
    ],
    [
      35.8096057903139,
      69.02752086755608
    ],
    [
      26.332529999999636,
      50.75139652211307
    ],
    [
      30.148598999999777,
      49.256194251109285
    ],
    [
      42.04819271644504,
      19.95986456313124
    ],
    [
      24.43649077494007,
      62.13278598136728
    ],
    [
      32.476458372216044,
      74.63865922449735
    ],
    [
      35.701885123808836,
      55.18621527479079
    ],
    [
      37.52987700000009,
      53.68122940266476
    ],
    [
      38.33438834999996,
      58.44592514647611
    ],
    [
      37.44668562154183,
      60.29897548252391
    ],
    [
      39.229832009999384,
      57.71476613835181
    ],
    [
      39.633383609999676,
      58.71193055086302
    ],
    [
      37.56434179481704,
      65.99228961397372
    ],
    [
      42.349365925427506,
      51.68134232422675
    ],
    [
      36.948791999999415,
      67.37938143506399
    ],
    [
      36.67684199999985,
      69.27108846175109
    ],
    [
      41.057581189908134,
      61.99112505500065
    ],
    [
      41.97390332198082,
      63.405687949962356
    ],
    [
      37.891744377059425,
      70.10171806912226
    ],
    [
      43.15324799999988,
      49.80644729813726
    ],
    [
      34.88452499999944,
      72.97514525247436
    ],
    [
      42.834122999999536,
      61.13498131873914
    ],
    [
      42.665291999999894,
      64.17156140276876
    ],
    [
      38.273022000000154,
      71.34598861519042
    ],
    [
      42.231532428987144,
      67.14015513235218
    ],
    [
      41.399022581511126,
      69.4806678788119
    ]
  ],
  "y_hist": [
    -0.3620931498670632,
    0.09374641364798453,
    0.6783487522052433,
    -0.1293239457993056,
    0.005424447578251948,
    0.37336315328062836,
    0.3494416848948279,
    0.24329482721324636,
    -0.8101431765837047,
    -0.23229278811206575,
    1.7687902773842796,
    -0.758820557707278,
    1.2804982374738885,
    -0.41131199772994653,
    0.583409404194896,
    0.55213659863054,
    -0.7462594771050677,
    0.6140439444695442,
    -0.21463328592559464,
    -0.1713726441320268,
    2.0401187497367297,
    1.2901928268617635,
    -1.1614956320610277,
    1.2243471660157326,
    -0.38158745467774496,
    1.4285646666273453,
    0.7071235702194644,
    0.9439288882786829,
    -0.16286814335125438,
    0.3674184311641557
  ],
  "eval_count": 30,
  "evals_to_f_best": 21,
  "total_time": 0.8214673750044312,
  "deviation_from_optimum": 0.0,
  "optimum": 2.0401187497367297,
  "optimum_x": [
    41.057581189908134,
    61.99112505500065
  ],
  "success": true
}