{
  "identifier": "Preprocessed-NO2-2015-292",
  "best_x": [
    35.701885123808836,
    55.18621527479079
  ],
  "best_y": 1.6544858465418506,
  "best_so_far": [
    0.09374641364798453,
    0.09374641364798453,
    0.09374641364798453,
    0.09374641364798453,
    0.7857785006138405,
    1.1198241834028395,
    1.1198241834028395,
    1.1198241834028395,
    1.1198241834028395,
    1.1198241834028395,
    1.6544858465418506,
    1.6544858465418506,
    1.6544858465418506,
    1.6544858465418506,
    1.6544858465418506,
    1.6544858465418506,
    1.6544858465418506,
    1.6544858465418506,
    1.6544858465418506,
    1.6544858465418506,
    1.6544858465418506,
    1.6544858465418506,
    1.6544858465418506,
    1.6544858465418506,
    1.6544858465418506,
    1.6544858465418506,
    1.6544858465418506,
    1.6544858465418506,
    1.6544858465418506,
    1.6544858465418506
  ],
  "x_hist": [
    [
      37.5287639642604,
      26.91773629614788
    ],
    [
      47.829233999999445,
      82.35014112354563
    ],
    [
      24.43649077494007,
      62.13278598136728
    ],
    [
      35.48393890674565,
      94.94361745496738
    ],
    [
      43.15324799999988,
      49.80644729813726
    ],
    [
      30.148598999999777,
      49.256194251109285
    ],
    [
      26.332529999999636,
      50.75139652211307
    ],
    [
      42.349365925427506,
      51.68134232422675
    ],
    [
      37.52987700000009,
      53.68122940266476
    ],
    [
      31.884638999999517,
      58.65023680944083
    ],
    [
      35.701885123808836,
      55.18621527479079
    ],
    [
      39.229832009999384,
      57.71476613835181
    ],
    [
      38.33438834999996,
      58.44592514647611
    ],
    [
      39.633383609999676,
      58.71193055086302
    ],
    [
      42.834122999999536,
      61.13498131873914
    ],
    [
      41.057581189908134,
      61.99112505500065
    ],
    [
      40.8942870000001,
      63.7287142778469
    ],
    [
      41.97390332198082,
      63.405687949962356
    ],
    [
      45.875855999999494,
      61.971246146563196
    ],
    [
      42.665291999999894,
      64.17156140276876
    ],
    [
      37.56434179481704,
      65.99228961397372
    ],
    [
      36.948791999999415,
      67.37938143506399
    ],
    [
      52.36791299999944,
      61.25684396703845
    ],
    [
      42.231532428987144,
      67.14015513235218
    ],
    [
      35.8096057903139,
      69.02752086755608
    ],
    [
      36.67684199999985,
      69.27108846175109
    ],
    [
      37.891744377059425,
      70.10171806912226
    ],
    [
      41.399022581511126,
      69.4806678788119
    ],
    [
      50.751419999999946,
      65.22174826892642
    ],
    [
      38.273022000000154,
      71.34598861519042
    ]
  ],
  "y_hist": [
    0.09374641364798453,
    -0.056482898260752916,
    -0.08842113235089138,
    -0.47258745958889653,
    0.7857785006138405,
    1.1198241834028395,
    0.306639263035121,
    0.6291299043423599,
    0.3434012728301221,
    1.0980169179228576,
    1.6544858465418506,
    0.396909367434709,
    0.7538887348674779,
    1.4974581518032823,
    0.7446515341936887,
    1.090676852575575,
    1.0420710495945855,
    1.4518822675210927,
    0.5039707430047735,
    0.08658152953127377,
    1.3314938975995092,
    0.5626334272284822,
    0.6089814089035618,
    0.8214131799972699,
    1.0980169179228576,
    0.2302987254886017,
    0.37336315328062836,
    1.1198241834028395,
    0.12906664024458164,
    0.3554578868261881
  ],
  "eval_count": 30,
  "evals_to_f_best": 11,
  "total_time": 0.8380675000080373,
  "deviation_from_optimum": 0.0,
  "optimum": 1.6544858465418506,
  "optimum_x": [
    35.701885123808836,
    55.18621527479079
  ],
  "success": true
}