{
  "identifier": "Preprocessed-NO2-2015-190",
  "best_x": [
    35.701885123808836,
    55.18621527479079
  ],
  "best_y": 1.9762350502580934,
  "best_so_far": [
    -0.27737246352457,
    -0.27737246352457,
    0.09374641364798453,
    0.09374641364798453,
    0.09374641364798453,
    1.8329666629070256,
    1.8329666629070256,
    1.8329666629070256,
    1.8329666629070256,
    1.8329666629070256,
    1.9762350502580934,
    1.9762350502580934,
    1.9762350502580934,
    1.9762350502580934,
    1.9762350502580934,
    1.9762350502580934,
    1.9762350502580934,
    1.9762350502580934,
    1.9762350502580934,
    1.9762350502580934,
    1.9762350502580934,
    1.9762350502580934,
    1.9762350502580934,
    1.9762350502580934,
    1.9762350502580934,
    1.9762350502580934,
    1.9762350502580934,
    1.9762350502580934,
    1.9762350502580934,
    1.9762350502580934
  ],
  "x_hist": [
    [
      37.5287639642604,
      26.91773629614788
    ],
    [
      47.829233999999445,
      82.35014112354563
    ],
    [
      31.884638999999517,
      58.65023680944083
    ],
    [
      35.48393890674565,
      94.94361745496738
    ],
    [
      42.03630598607403,
      84.26997486831613
    ],
    [
      43.15324799999988,
      49.80644729813726
    ],
    [
      52.36791299999944,
      61.25684396703845
    ],
    [
      42.04819271644504,
      19.95986456313124
    ],
    [
      37.52987700000009,
      53.68122940266476
    ],
    [
      30.148598999999777,
      49.256194251109285
    ],
    [
      35.701885123808836,
      55.18621527479079
    ],
    [
      39.633383609999676,
      58.71193055086302
    ],
    [
      39.229832009999384,
      57.71476613835181
    ],
    [
      26.332529999999636,
      50.75139652211307
    ],
    [
      38.33438834999996,
      58.44592514647611
    ],
    [
      41.057581189908134,
      61.99112505500065
    ],
    [
      45.875855999999494,
      61.971246146563196
    ],
    [
      41.97390332198082,
      63.405687949962356
    ],
    [
      40.8942870000001,
      63.7287142778469
    ],
    [
      42.665291999999894,
      64.17156140276876
    ],
    [
      37.56434179481704,
      65.99228961397372
    ],
    [
      50.751419999999946,
      65.22174826892642
    ],
    [
      42.231532428987144,
      67.14015513235218
    ],
    [
      36.948791999999415,
      67.37938143506399
    ],
    [
      24.43649077494007,
      62.13278598136728
    ],
    [
      41.399022581511126,
      69.4806678788119
    ],
    [
      35.8096057903139,
      69.02752086755608
    ],
    [
      36.67684199999985,
      69.27108846175109
    ],
    [
      43.90227600000007,
      69.88064291018797
    ],
    [
      37.891744377059425,
      70.10171806912226
    ]
  ],
  "y_hist": [
    -0.27737246352457,
    -0.7462594771050677,
    0.09374641364798453,
    -0.3428487789324037,
    -0.3524401238504811,
    1.8329666629070256,
    0.8733275313562716,
    0.050234950503268566,
    -0.5473878644396147,
    0.8037015836769549,
    1.9762350502580934,
    0.6291299043423599,
    0.24329482721324636,
    0.45420794138618037,
    0.8125835052870658,
    1.61349926266774,
    1.12702343160358,
    1.9432438239308374,
    1.1868618034796596,
    0.8125835052870658,
    0.3910573507731312,
    -0.48304771357462556,
    0.6928051115125216,
    0.2171891192554189,
    -0.032967424547850586,
    1.0869933160707101,
    0.7260048301482523,
    0.050234950503268566,
    -0.1376399802137754,
    -0.27737246352457
  ],
  "eval_count": 30,
  "evals_to_f_best": 11,
  "total_time": 0.8018550000269897,
  "deviation_from_optimum": 0.0,
  "optimum": 1.9762350502580934,
  "optimum_x": [
    35.701885123808836,
    55.18621527479079
  ],
  "success": true
}