{
  "identifier": "Preprocessed-NO2-2015-178",
  "best_x": [
    35.701885123808836,
    55.18621527479079
  ],
  "best_y": 1.8552377001289617,
  "best_so_far": [
    -0.9610596207417734,
    -0.9610596207417734,
    0.020510407451066973,
    0.020510407451066973,
    0.2816213443650285,
    0.2816213443650285,
    0.2816213443650285,
    0.2816213443650285,
    0.2816213443650285,
    0.5201983645404009,
    0.5201983645404009,
    0.5201983645404009,
    1.8552377001289617,
    1.8552377001289617,
    1.8552377001289617,
    1.8552377001289617,
    1.8552377001289617,
    1.8552377001289617,
    1.8552377001289617,
    1.8552377001289617,
    1.8552377001289617,
    1.8552377001289617,
    1.8552377001289617,
    1.8552377001289617,
    1.8552377001289617,
    1.8552377001289617,
    1.8552377001289617,
    1.8552377001289617,
    1.8552377001289617,
    1.8552377001289617
  ],
  "x_hist": [
    [
      37.5287639642604,
      26.91773629614788
    ],
    [
      47.829233999999445,
      82.35014112354563
    ],
    [
      31.884638999999517,
      58.65023680944083
    ],
    [
      35.48393890674565,
      94.94361745496738
    ],
    [
      35.8096057903139,
      69.02752086755608
    ],
    [
      32.476458372216044,
      74.63865922449735
    ],
    [
      34.87819799999964,
      76.08489822384199
    ],
    [
      50.751419999999946,
      65.22174826892642
    ],
    [
      34.88452499999944,
      72.97514525247436
    ],
    [
      38.33438834999996,
      58.44592514647611
    ],
    [
      37.52987700000009,
      53.68122940266476
    ],
    [
      36.948791999999415,
      67.37938143506399
    ],
    [
      35.701885123808836,
      55.18621527479079
    ],
    [
      30.148598999999777,
      49.256194251109285
    ],
    [
      26.332529999999636,
      50.75139652211307
    ],
    [
      37.56434179481704,
      65.99228961397372
    ],
    [
      39.229832009999384,
      57.71476613835181
    ],
    [
      39.633383609999676,
      58.71193055086302
    ],
    [
      24.43649077494007,
      62.13278598136728
    ],
    [
      36.67684199999985,
      69.27108846175109
    ],
    [
      41.057581189908134,
      61.99112505500065
    ],
    [
      40.8942870000001,
      63.7287142778469
    ],
    [
      42.834122999999536,
      61.13498131873914
    ],
    [
      41.97390332198082,
      63.405687949962356
    ],
    [
      43.15324799999988,
      49.80644729813726
    ],
    [
      42.665291999999894,
      64.17156140276876
    ],
    [
      37.891744377059425,
      70.10171806912226
    ],
    [
      42.231532428987144,
      67.14015513235218
    ],
    [
      45.875855999999494,
      61.971246146563196
    ],
    [
      41.399022581511126,
      69.4806678788119
    ]
  ],
  "y_hist": [
    -0.9610596207417734,
    -1.5553149853156145,
    0.020510407451066973,
    -0.5694623853947889,
    0.2816213443650285,
    -0.1544115555051119,
    -0.536471159067533,
    -0.9902069515690378,
    -1.4318722797081804,
    0.5201983645404009,
    -0.8498205626184295,
    0.17715900372254825,
    1.8552377001289617,
    0.2816213443650285,
    0.5201983645404009,
    -0.2412010657271366,
    0.4200919189235251,
    0.1906213394538769,
    -0.603195049313041,
    -0.4416370770463908,
    1.536232568307053,
    0.5362524252996946,
    0.8519143241045386,
    1.3594354765967749,
    1.3157430671107573,
    0.6880017782218253,
    -0.40133827085273743,
    0.16357483524309432,
    0.5255688188289981,
    0.7767360613858838
  ],
  "eval_count": 30,
  "evals_to_f_best": 13,
  "total_time": 0.8021532919956371,
  "deviation_from_optimum": 0.0,
  "optimum": 1.8552377001289617,
  "optimum_x": [
    35.701885123808836,
    55.18621527479079
  ],
  "success": true
}