{
  "identifier": "Preprocessed-NO2-2015-250",
  "best_x": [
    41.97390332198082,
    63.405687949962356
  ],
  "best_y": 1.6056881069360291,
  "best_so_far": [
    -0.17992560386818662,
    -0.17992560386818662,
    0.7260048301482523,
    0.7260048301482523,
    0.7353571368665328,
    0.7353571368665328,
    0.7353571368665328,
    0.7353571368665328,
    0.7353571368665328,
    0.7353571368665328,
    0.7353571368665328,
    0.7353571368665328,
    0.7857785006138405,
    0.834561062941767,
    1.525255990161288,
    1.525255990161288,
    1.525255990161288,
    1.525255990161288,
    1.525255990161288,
    1.525255990161288,
    1.525255990161288,
    1.525255990161288,
    1.525255990161288,
    1.525255990161288,
    1.525255990161288,
    1.525255990161288,
    1.6056881069360291,
    1.6056881069360291,
    1.6056881069360291,
    1.6056881069360291
  ],
  "x_hist": [
    [
      37.5287639642604,
      26.91773629614788
    ],
    [
      47.829233999999445,
      82.35014112354563
    ],
    [
      31.884638999999517,
      58.65023680944083
    ],
    [
      35.48393890674565,
      94.94361745496738
    ],
    [
      37.36426499999942,
      87.78778327994611
    ],
    [
      45.64222666408809,
      111.9064932186795
    ],
    [
      41.744879999999405,
      100.4720072707649
    ],
    [
      36.67684199999985,
      69.27108846175109
    ],
    [
      33.36529397954962,
      85.15777905758739
    ],
    [
      42.03630598607403,
      84.26997486831613
    ],
    [
      32.13036654481498,
      89.6343673225596
    ],
    [
      38.28112499999941,
      76.69191621993401
    ],
    [
      34.87819799999964,
      76.08489822384199
    ],
    [
      35.8096057903139,
      69.02752086755608
    ],
    [
      35.701885123808836,
      55.18621527479079
    ],
    [
      37.52987700000009,
      53.68122940266476
    ],
    [
      42.04819271644504,
      19.95986456313124
    ],
    [
      43.15324799999988,
      49.80644729813726
    ],
    [
      38.67794999999997,
      75.22449383515101
    ],
    [
      41.057581189908134,
      61.99112505500065
    ],
    [
      30.148598999999777,
      49.256194251109285
    ],
    [
      38.33438834999996,
      58.44592514647611
    ],
    [
      39.229832009999384,
      57.71476613835181
    ],
    [
      37.44668562154183,
      60.29897548252391
    ],
    [
      36.948791999999415,
      67.37938143506399
    ],
    [
      39.633383609999676,
      58.71193055086302
    ],
    [
      41.97390332198082,
      63.405687949962356
    ],
    [
      26.332529999999636,
      50.75139652211307
    ],
    [
      37.56434179481704,
      65.99228961397372
    ],
    [
      42.665291999999894,
      64.17156140276876
    ]
  ],
  "y_hist": [
    -0.17992560386818662,
    -0.41131199772994653,
    0.7260048301482523,
    -0.603195049313041,
    0.7353571368665328,
    -0.9610596207417734,
    -0.7842625290314946,
    0.050234950503268566,
    0.2302987254886017,
    -0.9610596207417734,
    0.5730573605954337,
    -0.4416370770463908,
    0.7857785006138405,
    0.834561062941767,
    1.525255990161288,
    -0.1293239457993056,
    -0.10464875388651942,
    0.9839590038115535,
    0.3128291290126751,
    1.1198241834028395,
    0.71659388789519,
    0.5936905428298341,
    0.30042376606945126,
    0.16357483524309432,
    0.1360320373023964,
    1.2510330310450783,
    1.6056881069360291,
    0.5148086267120978,
    1.0833007179662986,
    0.14986660871386046
  ],
  "eval_count": 30,
  "evals_to_f_best": 27,
  "total_time": 0.8185992079961579,
  "deviation_from_optimum": 0.0,
  "optimum": 1.6056881069360291,
  "optimum_x": [
    41.97390332198082,
    63.405687949962356
  ],
  "success": true
}