{
  "identifier": "Preprocessed-NO2-2015-162",
  "best_x": [
    41.057581189908134,
    61.99112505500065
  ],
  "best_y": 1.9741942064733424,
  "best_so_far": [
    0.43724685275926545,
    0.43724685275926545,
    1.0609523095233735,
    1.0609523095233735,
    1.0609523095233735,
    1.0609523095233735,
    1.0609523095233735,
    1.0609523095233735,
    1.0609523095233735,
    1.0609523095233735,
    1.0609523095233735,
    1.3408656681417577,
    1.8171779634581895,
    1.8171779634581895,
    1.8171779634581895,
    1.8171779634581895,
    1.8171779634581895,
    1.8171779634581895,
    1.9741942064733424,
    1.9741942064733424,
    1.9741942064733424,
    1.9741942064733424,
    1.9741942064733424,
    1.9741942064733424,
    1.9741942064733424,
    1.9741942064733424,
    1.9741942064733424,
    1.9741942064733424,
    1.9741942064733424,
    1.9741942064733424
  ],
  "x_hist": [
    [
      37.5287639642604,
      26.91773629614788
    ],
    [
      47.829233999999445,
      82.35014112354563
    ],
    [
      31.884638999999517,
      58.65023680944083
    ],
    [
      35.48393890674565,
      94.94361745496738
    ],
    [
      45.875855999999494,
      61.971246146563196
    ],
    [
      43.15324799999988,
      49.80644729813726
    ],
    [
      30.148598999999777,
      49.256194251109285
    ],
    [
      42.04819271644504,
      19.95986456313124
    ],
    [
      37.56434179481704,
      65.99228961397372
    ],
    [
      35.701885123808836,
      55.18621527479079
    ],
    [
      34.87819799999964,
      76.08489822384199
    ],
    [
      38.33438834999996,
      58.44592514647611
    ],
    [
      40.8942870000001,
      63.7287142778469
    ],
    [
      41.399022581511126,
      69.4806678788119
    ],
    [
      42.03630598607403,
      84.26997486831613
    ],
    [
      37.52987700000009,
      53.68122940266476
    ],
    [
      38.273022000000154,
      71.34598861519042
    ],
    [
      39.633383609999676,
      58.71193055086302
    ],
    [
      41.057581189908134,
      61.99112505500065
    ],
    [
      41.97390332198082,
      63.405687949962356
    ],
    [
      37.44668562154183,
      60.29897548252391
    ],
    [
      39.229832009999384,
      57.71476613835181
    ],
    [
      42.834122999999536,
      61.13498131873914
    ],
    [
      42.665291999999894,
      64.17156140276876
    ],
    [
      42.231532428987144,
      67.14015513235218
    ],
    [
      36.948791999999415,
      67.37938143506399
    ],
    [
      37.891744377059425,
      70.10171806912226
    ],
    [
      36.67684199999985,
      69.27108846175109
    ],
    [
      35.8096057903139,
      69.02752086755608
    ],
    [
      43.90227600000007,
      69.88064291018797
    ]
  ],
  "y_hist": [
    0.43724685275926545,
    -0.7462594771050677,
    1.0609523095233735,
    -1.3178143655968764,
    -0.5256332753602087,
    -0.8498205626184295,
    -0.3620931498670632,
    -0.3333183318528421,
    0.9800036909235719,
    0.4200919189235251,
    0.2497509247894571,
    1.3408656681417577,
    1.8171779634581895,
    -0.28655316720482793,
    -1.7374825313144904,
    -0.391430377635874,
    -0.1376399802137754,
    1.6160939744157488,
    1.9741942064733424,
    1.803511340620043,
    0.4143297607056542,
    0.9439288882786829,
    1.7920266604744672,
    0.8902408412563207,
    0.3434012728301221,
    0.7538887348674779,
    0.2039640083957735,
    0.7071235702194644,
    1.0229492575969463,
    -0.9324675110684087
  ],
  "eval_count": 30,
  "evals_to_f_best": 19,
  "total_time": 0.8273944169923197,
  "deviation_from_optimum": 0.0,
  "optimum": 1.9741942064733424,
  "optimum_x": [
    41.057581189908134,
    61.99112505500065
  ],
  "success": true
}