{
  "identifier": "Preprocessed-NO2-2015-231",
  "best_x": [
    41.057581189908134,
    61.99112505500065
  ],
  "best_y": 1.8901980081595247,
  "best_so_far": [
    -0.06440397401685785,
    0.16357483524309432,
    0.8170048350594039,
    0.8170048350594039,
    1.4167686108515336,
    1.4167686108515336,
    1.4167686108515336,
    1.8901980081595247,
    1.8901980081595247,
    1.8901980081595247,
    1.8901980081595247,
    1.8901980081595247,
    1.8901980081595247,
    1.8901980081595247,
    1.8901980081595247,
    1.8901980081595247,
    1.8901980081595247,
    1.8901980081595247,
    1.8901980081595247,
    1.8901980081595247,
    1.8901980081595247,
    1.8901980081595247,
    1.8901980081595247,
    1.8901980081595247,
    1.8901980081595247,
    1.8901980081595247,
    1.8901980081595247,
    1.8901980081595247,
    1.8901980081595247,
    1.8901980081595247
  ],
  "x_hist": [
    [
      37.5287639642604,
      26.91773629614788
    ],
    [
      47.829233999999445,
      82.35014112354563
    ],
    [
      31.884638999999517,
      58.65023680944083
    ],
    [
      35.48393890674565,
      94.94361745496738
    ],
    [
      35.701885123808836,
      55.18621527479079
    ],
    [
      37.52987700000009,
      53.68122940266476
    ],
    [
      42.03630598607403,
      84.26997486831613
    ],
    [
      41.057581189908134,
      61.99112505500065
    ],
    [
      42.04819271644504,
      19.95986456313124
    ],
    [
      33.36529397954962,
      85.15777905758739
    ],
    [
      32.13036654481498,
      89.6343673225596
    ],
    [
      41.744879999999405,
      100.4720072707649
    ],
    [
      34.87819799999964,
      76.08489822384199
    ],
    [
      40.8942870000001,
      63.7287142778469
    ],
    [
      38.33438834999996,
      58.44592514647611
    ],
    [
      38.273022000000154,
      71.34598861519042
    ],
    [
      39.229832009999384,
      57.71476613835181
    ],
    [
      37.56434179481704,
      65.99228961397372
    ],
    [
      41.97390332198082,
      63.405687949962356
    ],
    [
      39.633383609999676,
      58.71193055086302
    ],
    [
      42.665291999999894,
      64.17156140276876
    ],
    [
      45.875855999999494,
      61.971246146563196
    ],
    [
      42.231532428987144,
      67.14015513235218
    ],
    [
      36.948791999999415,
      67.37938143506399
    ],
    [
      36.67684199999985,
      69.27108846175109
    ],
    [
      35.8096057903139,
      69.02752086755608
    ],
    [
      41.399022581511126,
      69.4806678788119
    ],
    [
      37.891744377059425,
      70.10171806912226
    ],
    [
      43.90227600000007,
      69.88064291018797
    ],
    [
      34.88452499999944,
      72.97514525247436
    ]
  ],
  "y_hist": [
    -0.06440397401685785,
    0.16357483524309432,
    0.8170048350594039,
    -0.4314604931687447,
    1.4167686108515336,
    -0.46219959548393896,
    -0.23229278811206575,
    1.8901980081595247,
    0.16357483524309432,
    -0.5918663889551277,
    0.45420794138618037,
    -1.4318722797081804,
    -0.7462594771050677,
    1.3563564183428514,
    1.2934104923435243,
    1.134188315720291,
    0.6391036312195684,
    -1.050256573937683,
    1.299825204552487,
    1.0420710495945855,
    0.6831830248941215,
    0.7902793746681421,
    -0.42135243899515085,
    -0.6730234709081507,
    -0.2501625274041636,
    0.1360320373023964,
    0.6341250516225128,
    -1.3548789739963605,
    -0.1210537299887212,
    -0.06440397401685785
  ],
  "eval_count": 30,
  "evals_to_f_best": 8,
  "total_time": 0.8255869160057046,
  "deviation_from_optimum": 0.0,
  "optimum": 1.8901980081595247,
  "optimum_x": [
    41.057581189908134,
    61.99112505500065
  ],
  "success": true
}