{
  "identifier": "Preprocessed-NO2-2015-354",
  "best_x": [
    35.701885123808836,
    55.18621527479079
  ],
  "best_y": 1.4108356372283628,
  "best_so_far": [
    -0.6730234709081507,
    0.020510407451066973,
    0.2941824249672388,
    0.2941824249672388,
    0.2941824249672388,
    0.2941824249672388,
    0.2941824249672388,
    0.2941824249672388,
    0.2941824249672388,
    1.4108356372283628,
    1.4108356372283628,
    1.4108356372283628,
    1.4108356372283628,
    1.4108356372283628,
    1.4108356372283628,
    1.4108356372283628,
    1.4108356372283628,
    1.4108356372283628,
    1.4108356372283628,
    1.4108356372283628,
    1.4108356372283628,
    1.4108356372283628,
    1.4108356372283628,
    1.4108356372283628,
    1.4108356372283628,
    1.4108356372283628,
    1.4108356372283628,
    1.4108356372283628,
    1.4108356372283628,
    1.4108356372283628
  ],
  "x_hist": [
    [
      37.5287639642604,
      26.91773629614788
    ],
    [
      47.829233999999445,
      82.35014112354563
    ],
    [
      31.884638999999517,
      58.65023680944083
    ],
    [
      35.48393890674565,
      94.94361745496738
    ],
    [
      37.44668562154183,
      60.29897548252391
    ],
    [
      26.332529999999636,
      50.75139652211307
    ],
    [
      30.148598999999777,
      49.256194251109285
    ],
    [
      37.52987700000009,
      53.68122940266476
    ],
    [
      16.28216201918641,
      83.86135661828055
    ],
    [
      35.701885123808836,
      55.18621527479079
    ],
    [
      42.04819271644504,
      19.95986456313124
    ],
    [
      24.43649077494007,
      62.13278598136728
    ],
    [
      43.15324799999988,
      49.80644729813726
    ],
    [
      42.349365925427506,
      51.68134232422675
    ],
    [
      39.229832009999384,
      57.71476613835181
    ],
    [
      38.33438834999996,
      58.44592514647611
    ],
    [
      39.633383609999676,
      58.71193055086302
    ],
    [
      37.56434179481704,
      65.99228961397372
    ],
    [
      45.55373399999962,
      52.16115606191214
    ],
    [
      41.057581189908134,
      61.99112505500065
    ],
    [
      49.543184999999745,
      44.872801955437204
    ],
    [
      42.834122999999536,
      61.13498131873914
    ],
    [
      40.8942870000001,
      63.7287142778469
    ],
    [
      41.97390332198082,
      63.405687949962356
    ],
    [
      36.948791999999415,
      67.37938143506399
    ],
    [
      42.665291999999894,
      64.17156140276876
    ],
    [
      35.8096057903139,
      69.02752086755608
    ],
    [
      36.67684199999985,
      69.27108846175109
    ],
    [
      45.875855999999494,
      61.971246146563196
    ],
    [
      38.273022000000154,
      71.34598861519042
    ]
  ],
  "y_hist": [
    -0.6730234709081507,
    0.020510407451066973,
    0.2941824249672388,
    -0.603195049313041,
    -1.3548789739963605,
    0.07214833782375932,
    -0.08842113235089138,
    -1.0049956462913712,
    -1.112808973663904,
    1.4108356372283628,
    -0.391430377635874,
    -1.4318722797081804,
    1.1764739393747028,
    0.3373364549938343,
    0.5988048250259156,
    0.9317086820670495,
    0.4875657669025717,
    -1.112808973663904,
    -0.04076505440788234,
    1.2074243219172078,
    -0.1544115555051119,
    1.1377579734607814,
    0.8170048350594039,
    0.22375823421469399,
    -1.246322741202846,
    0.18390526394342624,
    -0.8101431765837047,
    -0.5918663889551277,
    0.47652865561276964,
    0.6291299043423599
  ],
  "eval_count": 30,
  "evals_to_f_best": 10,
  "total_time": 0.8143113749974873,
  "deviation_from_optimum": 0.0,
  "optimum": 1.4108356372283628,
  "optimum_x": [
    35.701885123808836,
    55.18621527479079
  ],
  "success": true
}