{
  "identifier": "Preprocessed-NO2-2015-251",
  "best_x": [
    41.057581189908134,
    61.99112505500065
  ],
  "best_y": 1.7428078126115831,
  "best_so_far": [
    0.027996908618421364,
    0.027996908618421364,
    1.169508542316888,
    1.169508542316888,
    1.169508542316888,
    1.169508542316888,
    1.169508542316888,
    1.169508542316888,
    1.169508542316888,
    1.169508542316888,
    1.169508542316888,
    1.169508542316888,
    1.169508542316888,
    1.169508542316888,
    1.169508542316888,
    1.169508542316888,
    1.169508542316888,
    1.169508542316888,
    1.6030753293007887,
    1.7428078126115831,
    1.7428078126115831,
    1.7428078126115831,
    1.7428078126115831,
    1.7428078126115831,
    1.7428078126115831,
    1.7428078126115831,
    1.7428078126115831,
    1.7428078126115831,
    1.7428078126115831,
    1.7428078126115831
  ],
  "x_hist": [
    [
      37.5287639642604,
      26.91773629614788
    ],
    [
      47.829233999999445,
      82.35014112354563
    ],
    [
      31.884638999999517,
      58.65023680944083
    ],
    [
      35.48393890674565,
      94.94361745496738
    ],
    [
      32.476458372216044,
      74.63865922449735
    ],
    [
      41.744879999999405,
      100.4720072707649
    ],
    [
      26.332529999999636,
      50.75139652211307
    ],
    [
      34.88452499999944,
      72.97514525247436
    ],
    [
      37.44668562154183,
      60.29897548252391
    ],
    [
      34.87819799999964,
      76.08489822384199
    ],
    [
      37.56434179481704,
      65.99228961397372
    ],
    [
      30.148598999999777,
      49.256194251109285
    ],
    [
      35.701885123808836,
      55.18621527479079
    ],
    [
      35.8096057903139,
      69.02752086755608
    ],
    [
      38.33438834999996,
      58.44592514647611
    ],
    [
      37.52987700000009,
      53.68122940266476
    ],
    [
      36.67684199999985,
      69.27108846175109
    ],
    [
      36.948791999999415,
      67.37938143506399
    ],
    [
      39.633383609999676,
      58.71193055086302
    ],
    [
      41.057581189908134,
      61.99112505500065
    ],
    [
      41.97390332198082,
      63.405687949962356
    ],
    [
      37.891744377059425,
      70.10171806912226
    ],
    [
      43.15324799999988,
      49.80644729813726
    ],
    [
      42.665291999999894,
      64.17156140276876
    ],
    [
      42.231532428987144,
      67.14015513235218
    ],
    [
      38.273022000000154,
      71.34598861519042
    ],
    [
      41.399022581511126,
      69.4806678788119
    ],
    [
      45.875855999999494,
      61.971246146563196
    ],
    [
      43.90227600000007,
      69.88064291018797
    ],
    [
      38.67794999999997,
      75.22449383515101
    ]
  ],
  "y_hist": [
    0.027996908618421364,
    -0.3144370719240541,
    1.169508542316888,
    -0.6611574773164867,
    0.9918384989260279,
    -0.637703244311553,
    0.3614500719194548,
    0.902801921858531,
    0.3554578868261881,
    1.1089601525828112,
    1.1125902398960656,
    0.55213659863054,
    0.8170048350594039,
    1.038266128995862,
    0.9560504107252771,
    0.07938228133053304,
    0.09374641364798453,
    0.49852231461821545,
    1.6030753293007887,
    1.7428078126115831,
    1.5633278955714747,
    0.050234950503268566,
    0.40273865776075346,
    0.4930540376326917,
    0.6190894630771556,
    -0.056482898260752916,
    0.37336315328062836,
    0.18390526394342624,
    -0.1713726441320268,
    0.5782423065883675
  ],
  "eval_count": 30,
  "evals_to_f_best": 20,
  "total_time": 0.8375865410198458,
  "deviation_from_optimum": 0.0,
  "optimum": 1.7428078126115831,
  "optimum_x": [
    41.057581189908134,
    61.99112505500065
  ],
  "success": true
}