{
  "identifier": "Preprocessed-NO2-2015-323",
  "best_x": [
    41.057581189908134,
    61.99112505500065
  ],
  "best_y": 1.8901980081595247,
  "best_so_far": [
    -0.01749264447536001,
    0.020510407451066973,
    1.511421418749824,
    1.511421418749824,
    1.511421418749824,
    1.511421418749824,
    1.511421418749824,
    1.511421418749824,
    1.511421418749824,
    1.511421418749824,
    1.7308472682736162,
    1.7308472682736162,
    1.7308472682736162,
    1.7308472682736162,
    1.7308472682736162,
    1.7308472682736162,
    1.7308472682736162,
    1.7308472682736162,
    1.7308472682736162,
    1.7308472682736162,
    1.8901980081595247,
    1.8901980081595247,
    1.8901980081595247,
    1.8901980081595247,
    1.8901980081595247,
    1.8901980081595247,
    1.8901980081595247,
    1.8901980081595247,
    1.8901980081595247,
    1.8901980081595247
  ],
  "x_hist": [
    [
      37.5287639642604,
      26.91773629614788
    ],
    [
      47.829233999999445,
      82.35014112354563
    ],
    [
      31.884638999999517,
      58.65023680944083
    ],
    [
      16.28216201918641,
      83.86135661828055
    ],
    [
      24.43649077494007,
      62.13278598136728
    ],
    [
      42.04819271644504,
      19.95986456313124
    ],
    [
      32.476458372216044,
      74.63865922449735
    ],
    [
      26.332529999999636,
      50.75139652211307
    ],
    [
      37.44668562154183,
      60.29897548252391
    ],
    [
      30.148598999999777,
      49.256194251109285
    ],
    [
      35.701885123808836,
      55.18621527479079
    ],
    [
      43.15324799999988,
      49.80644729813726
    ],
    [
      42.349365925427506,
      51.68134232422675
    ],
    [
      35.8096057903139,
      69.02752086755608
    ],
    [
      34.88452499999944,
      72.97514525247436
    ],
    [
      38.33438834999996,
      58.44592514647611
    ],
    [
      37.52987700000009,
      53.68122940266476
    ],
    [
      39.229832009999384,
      57.71476613835181
    ],
    [
      39.633383609999676,
      58.71193055086302
    ],
    [
      37.56434179481704,
      65.99228961397372
    ],
    [
      41.057581189908134,
      61.99112505500065
    ],
    [
      40.8942870000001,
      63.7287142778469
    ],
    [
      36.948791999999415,
      67.37938143506399
    ],
    [
      42.834122999999536,
      61.13498131873914
    ],
    [
      41.97390332198082,
      63.405687949962356
    ],
    [
      42.665291999999894,
      64.17156140276876
    ],
    [
      36.67684199999985,
      69.27108846175109
    ],
    [
      45.875855999999494,
      61.971246146563196
    ],
    [
      37.891744377059425,
      70.10171806912226
    ],
    [
      41.399022581511126,
      69.4806678788119
    ]
  ],
  "y_hist": [
    -0.01749264447536001,
    0.020510407451066973,
    1.511421418749824,
    0.306639263035121,
    -0.00981467186537667,
    0.37928442475581914,
    0.2497509247894571,
    0.6490115244364324,
    0.4143297607056542,
    0.6089814089035618,
    1.7308472682736162,
    1.5086391373740768,
    0.9680748304807081,
    0.5468605286204314,
    -0.4314604931687447,
    1.090676852575575,
    -0.3333183318528421,
    1.0190954932915186,
    0.8037015836769549,
    0.47097951667751753,
    1.8901980081595247,
    1.3928947020640559,
    0.7584861056051534,
    1.3563564183428514,
    1.5978360905699867,
    0.8986265634710048,
    0.16357483524309432,
    1.090676852575575,
    0.2039640083957735,
    0.8475947804834877
  ],
  "eval_count": 30,
  "evals_to_f_best": 21,
  "total_time": 0.8792980420112144,
  "deviation_from_optimum": 0.0,
  "optimum": 1.8901980081595247,
  "optimum_x": [
    41.057581189908134,
    61.99112505500065
  ],
  "success": true
}