{
  "identifier": "Preprocessed-NO2-2015-301",
  "best_x": [
    35.701885123808836,
    55.18621527479079
  ],
  "best_y": 1.9741942064733424,
  "best_so_far": [
    0.5362524252996946,
    0.7260048301482523,
    0.7260048301482523,
    0.7260048301482523,
    0.7260048301482523,
    0.7260048301482523,
    0.7260048301482523,
    1.1016735345239845,
    1.1016735345239845,
    1.1016735345239845,
    1.1016735345239845,
    1.1016735345239845,
    1.4373512695070154,
    1.4373512695070154,
    1.4373512695070154,
    1.4373512695070154,
    1.4833637724513253,
    1.9201342784668136,
    1.9201342784668136,
    1.9201342784668136,
    1.9201342784668136,
    1.9201342784668136,
    1.9201342784668136,
    1.9201342784668136,
    1.9201342784668136,
    1.9201342784668136,
    1.9201342784668136,
    1.9201342784668136,
    1.9201342784668136,
    1.9741942064733424
  ],
  "x_hist": [
    [
      37.5287639642604,
      26.91773629614788
    ],
    [
      47.829233999999445,
      82.35014112354563
    ],
    [
      24.43649077494007,
      62.13278598136728
    ],
    [
      35.48393890674565,
      94.94361745496738
    ],
    [
      43.90227600000007,
      69.88064291018797
    ],
    [
      42.04819271644504,
      19.95986456313124
    ],
    [
      45.64222666408809,
      111.9064932186795
    ],
    [
      37.36426499999942,
      87.78778327994611
    ],
    [
      42.03630598607403,
      84.26997486831613
    ],
    [
      38.67794999999997,
      75.22449383515101
    ],
    [
      52.47880277699992,
      66.40439581530941
    ],
    [
      41.744879999999405,
      100.4720072707649
    ],
    [
      32.13036654481498,
      89.6343673225596
    ],
    [
      38.28112499999941,
      76.69191621993401
    ],
    [
      16.28216201918641,
      83.86135661828055
    ],
    [
      34.87819799999964,
      76.08489822384199
    ],
    [
      38.273022000000154,
      71.34598861519042
    ],
    [
      41.057581189908134,
      61.99112505500065
    ],
    [
      49.543184999999745,
      44.872801955437204
    ],
    [
      34.88452499999944,
      72.97514525247436
    ],
    [
      37.52987700000009,
      53.68122940266476
    ],
    [
      37.44668562154183,
      60.29897548252391
    ],
    [
      39.229832009999384,
      57.71476613835181
    ],
    [
      41.97390332198082,
      63.405687949962356
    ],
    [
      40.8942870000001,
      63.7287142778469
    ],
    [
      37.56434179481704,
      65.99228961397372
    ],
    [
      42.665291999999894,
      64.17156140276876
    ],
    [
      38.33438834999996,
      58.44592514647611
    ],
    [
      42.231532428987144,
      67.14015513235218
    ],
    [
      35.701885123808836,
      55.18621527479079
    ]
  ],
  "y_hist": [
    0.5362524252996946,
    0.7260048301482523,
    0.10797439100389772,
    0.40273865776075346,
    0.71659388789519,
    0.5039707430047735,
    0.3494416848948279,
    1.1016735345239845,
    0.6831830248941215,
    0.1906213394538769,
    0.7023659105392768,
    -0.00981467186537667,
    1.4373512695070154,
    0.4820573556842821,
    0.6291299043423599,
    0.47652865561276964,
    1.4833637724513253,
    1.9201342784668136,
    0.7260048301482523,
    0.4258320420657214,
    0.3312470333667223,
    0.5255688188289981,
    0.9760379280554485,
    1.7617486364527,
    1.796631082405304,
    0.306639263035121,
    0.8733275313562716,
    1.4547716627779606,
    0.7306882672471479,
    1.9741942064733424
  ],
  "eval_count": 30,
  "evals_to_f_best": 30,
  "total_time": 0.8169647500035353,
  "deviation_from_optimum": 0.0,
  "optimum": 1.9741942064733424,
  "optimum_x": [
    35.701885123808836,
    55.18621527479079
  ],
  "success": true
}