{
  "identifier": "Preprocessed-NO2-2015-230",
  "best_x": [
    41.057581189908134,
    61.99112505500065
  ],
  "best_y": 1.98437079035099,
  "best_so_far": [
    -0.09651301379362355,
    0.2941824249672388,
    0.8605162982041191,
    0.8605162982041191,
    0.8605162982041191,
    0.8605162982041191,
    0.8605162982041191,
    1.6004579958173208,
    1.6004579958173208,
    1.6004579958173208,
    1.8103602059124575,
    1.8103602059124575,
    1.8103602059124575,
    1.8103602059124575,
    1.8103602059124575,
    1.98437079035099,
    1.98437079035099,
    1.98437079035099,
    1.98437079035099,
    1.98437079035099,
    1.98437079035099,
    1.98437079035099,
    1.98437079035099,
    1.98437079035099,
    1.98437079035099,
    1.98437079035099,
    1.98437079035099,
    1.98437079035099,
    1.98437079035099,
    1.98437079035099
  ],
  "x_hist": [
    [
      37.5287639642604,
      26.91773629614788
    ],
    [
      47.829233999999445,
      82.35014112354563
    ],
    [
      31.884638999999517,
      58.65023680944083
    ],
    [
      35.48393890674565,
      94.94361745496738
    ],
    [
      24.43649077494007,
      62.13278598136728
    ],
    [
      30.148598999999777,
      49.256194251109285
    ],
    [
      37.56434179481704,
      65.99228961397372
    ],
    [
      43.15324799999988,
      49.80644729813726
    ],
    [
      26.332529999999636,
      50.75139652211307
    ],
    [
      37.52987700000009,
      53.68122940266476
    ],
    [
      35.701885123808836,
      55.18621527479079
    ],
    [
      39.229832009999384,
      57.71476613835181
    ],
    [
      38.33438834999996,
      58.44592514647611
    ],
    [
      43.90227600000007,
      69.88064291018797
    ],
    [
      39.633383609999676,
      58.71193055086302
    ],
    [
      41.057581189908134,
      61.99112505500065
    ],
    [
      45.875855999999494,
      61.971246146563196
    ],
    [
      40.8942870000001,
      63.7287142778469
    ],
    [
      35.8096057903139,
      69.02752086755608
    ],
    [
      42.04819271644504,
      19.95986456313124
    ],
    [
      41.97390332198082,
      63.405687949962356
    ],
    [
      42.665291999999894,
      64.17156140276876
    ],
    [
      52.36791299999944,
      61.25684396703845
    ],
    [
      36.948791999999415,
      67.37938143506399
    ],
    [
      42.231532428987144,
      67.14015513235218
    ],
    [
      36.67684199999985,
      69.27108846175109
    ],
    [
      37.891744377059425,
      70.10171806912226
    ],
    [
      41.399022581511126,
      69.4806678788119
    ],
    [
      38.273022000000154,
      71.34598861519042
    ],
    [
      50.751419999999946,
      65.22174826892642
    ]
  ],
  "y_hist": [
    -0.09651301379362355,
    0.2941824249672388,
    0.8605162982041191,
    0.5093994663631725,
    0.3910573507731312,
    0.6783487522052433,
    -0.04076505440788234,
    1.6004579958173208,
    0.6734988598682657,
    -0.056482898260752916,
    1.8103602059124575,
    0.8301912188876749,
    1.237749401233652,
    0.45420794138618037,
    0.8562214730353249,
    1.98437079035099,
    0.8389182223798947,
    1.2006013993858593,
    0.6783487522052433,
    0.3910573507731312,
    1.4314992528454376,
    1.148416293076204,
    0.2689542618297598,
    0.6241180787431883,
    0.5039707430047735,
    0.1973074991613457,
    0.07938228133053304,
    0.9193881720835853,
    1.3030223098558293,
    0.11503812343941795
  ],
  "eval_count": 30,
  "evals_to_f_best": 16,
  "total_time": 0.8107624169788323,
  "deviation_from_optimum": 0.0,
  "optimum": 1.98437079035099,
  "optimum_x": [
    41.057581189908134,
    61.99112505500065
  ],
  "success": true
}