{
  "identifier": "Preprocessed-NO2-2015-296",
  "best_x": [
    41.057581189908134,
    61.99112505500065
  ],
  "best_y": 2.1494020546551185,
  "best_so_far": [
    0.8301912188876749,
    1.0980169179228576,
    1.237749401233652,
    1.237749401233652,
    1.237749401233652,
    1.2642001362869997,
    1.2642001362869997,
    1.2642001362869997,
    1.2642001362869997,
    1.2642001362869997,
    1.7380350252122085,
    1.7380350252122085,
    1.7380350252122085,
    1.7380350252122085,
    1.7380350252122085,
    1.7380350252122085,
    1.7380350252122085,
    1.7380350252122085,
    1.7380350252122085,
    1.7380350252122085,
    1.7380350252122085,
    2.1494020546551185,
    2.1494020546551185,
    2.1494020546551185,
    2.1494020546551185,
    2.1494020546551185,
    2.1494020546551185,
    2.1494020546551185,
    2.1494020546551185,
    2.1494020546551185
  ],
  "x_hist": [
    [
      37.5287639642604,
      26.91773629614788
    ],
    [
      47.829233999999445,
      82.35014112354563
    ],
    [
      31.884638999999517,
      58.65023680944083
    ],
    [
      35.48393890674565,
      94.94361745496738
    ],
    [
      32.476458372216044,
      74.63865922449735
    ],
    [
      30.148598999999777,
      49.256194251109285
    ],
    [
      38.67794999999997,
      75.22449383515101
    ],
    [
      26.332529999999636,
      50.75139652211307
    ],
    [
      34.88452499999944,
      72.97514525247436
    ],
    [
      24.43649077494007,
      62.13278598136728
    ],
    [
      35.701885123808836,
      55.18621527479079
    ],
    [
      37.52987700000009,
      53.68122940266476
    ],
    [
      34.87819799999964,
      76.08489822384199
    ],
    [
      38.273022000000154,
      71.34598861519042
    ],
    [
      38.33438834999996,
      58.44592514647611
    ],
    [
      37.44668562154183,
      60.29897548252391
    ],
    [
      39.229832009999384,
      57.71476613835181
    ],
    [
      39.633383609999676,
      58.71193055086302
    ],
    [
      37.56434179481704,
      65.99228961397372
    ],
    [
      36.948791999999415,
      67.37938143506399
    ],
    [
      42.349365925427506,
      51.68134232422675
    ],
    [
      41.057581189908134,
      61.99112505500065
    ],
    [
      40.8942870000001,
      63.7287142778469
    ],
    [
      35.8096057903139,
      69.02752086755608
    ],
    [
      36.67684199999985,
      69.27108846175109
    ],
    [
      42.834122999999536,
      61.13498131873914
    ],
    [
      41.97390332198082,
      63.405687949962356
    ],
    [
      42.665291999999894,
      64.17156140276876
    ],
    [
      43.15324799999988,
      49.80644729813726
    ],
    [
      37.891744377059425,
      70.10171806912226
    ]
  ],
  "y_hist": [
    0.8301912188876749,
    1.0980169179228576,
    1.237749401233652,
    0.45420794138618037,
    0.8389182223798947,
    1.2642001362869997,
    0.17715900372254825,
    1.1089601525828112,
    0.834561062941767,
    0.40273865776075346,
    1.7380350252122085,
    0.6089814089035618,
    0.4875657669025717,
    1.5925785007028463,
    1.6417973485657291,
    0.2941824249672388,
    1.12702343160358,
    1.3868664193734836,
    0.1906213394538769,
    0.4085453975843075,
    1.4108356372283628,
    2.1494020546551185,
    1.9369764228737216,
    0.6637518102134274,
    0.6190894630771556,
    1.7664467322205581,
    1.8485910160325472,
    0.8170048350594039,
    2.0322804009983346,
    -0.04076505440788234
  ],
  "eval_count": 30,
  "evals_to_f_best": 22,
  "total_time": 0.8157016659970395,
  "deviation_from_optimum": 0.0,
  "optimum": 2.1494020546551185,
  "optimum_x": [
    41.057581189908134,
    61.99112505500065
  ],
  "success": true
}