{
  "identifier": "Preprocessed-NO2-2015-257",
  "best_x": [
    41.057581189908134,
    61.99112505500065
  ],
  "best_y": 1.905240772004411,
  "best_so_far": [
    -0.2957903678786178,
    0.020510407451066973,
    0.5255688188289981,
    0.5255688188289981,
    0.5255688188289981,
    0.5255688188289981,
    0.5255688188289981,
    0.5255688188289981,
    0.5255688188289981,
    0.5255688188289981,
    1.007474477524456,
    1.007474477524456,
    1.007474477524456,
    1.0795990135688098,
    1.0795990135688098,
    1.0795990135688098,
    1.0795990135688098,
    1.1903085107861668,
    1.905240772004411,
    1.905240772004411,
    1.905240772004411,
    1.905240772004411,
    1.905240772004411,
    1.905240772004411,
    1.905240772004411,
    1.905240772004411,
    1.905240772004411,
    1.905240772004411,
    1.905240772004411,
    1.905240772004411
  ],
  "x_hist": [
    [
      37.5287639642604,
      26.91773629614788
    ],
    [
      47.829233999999445,
      82.35014112354563
    ],
    [
      31.884638999999517,
      58.65023680944083
    ],
    [
      35.48393890674565,
      94.94361745496738
    ],
    [
      26.332529999999636,
      50.75139652211307
    ],
    [
      34.88452499999944,
      72.97514525247436
    ],
    [
      30.148598999999777,
      49.256194251109285
    ],
    [
      36.948791999999415,
      67.37938143506399
    ],
    [
      24.43649077494007,
      62.13278598136728
    ],
    [
      34.87819799999964,
      76.08489822384199
    ],
    [
      35.701885123808836,
      55.18621527479079
    ],
    [
      42.04819271644504,
      19.95986456313124
    ],
    [
      37.52987700000009,
      53.68122940266476
    ],
    [
      43.15324799999988,
      49.80644729813726
    ],
    [
      38.33438834999996,
      58.44592514647611
    ],
    [
      37.44668562154183,
      60.29897548252391
    ],
    [
      39.633383609999676,
      58.71193055086302
    ],
    [
      42.834122999999536,
      61.13498131873914
    ],
    [
      41.057581189908134,
      61.99112505500065
    ],
    [
      40.8942870000001,
      63.7287142778469
    ],
    [
      41.97390332198082,
      63.405687949962356
    ],
    [
      37.56434179481704,
      65.99228961397372
    ],
    [
      42.665291999999894,
      64.17156140276876
    ],
    [
      52.36791299999944,
      61.25684396703845
    ],
    [
      35.8096057903139,
      69.02752086755608
    ],
    [
      42.231532428987144,
      67.14015513235218
    ],
    [
      36.67684199999985,
      69.27108846175109
    ],
    [
      37.891744377059425,
      70.10171806912226
    ],
    [
      41.399022581511126,
      69.4806678788119
    ],
    [
      50.751419999999946,
      65.22174826892642
    ]
  ],
  "y_hist": [
    -0.2957903678786178,
    0.020510407451066973,
    0.5255688188289981,
    -0.890575293358446,
    0.1567363706932789,
    -0.16286814335125438,
    0.3312470333667223,
    -0.637703244311553,
    -1.050256573937683,
    -0.26824756993791987,
    1.007474477524456,
    -0.025210092696396947,
    -0.42135243899515085,
    1.0795990135688098,
    1.007474477524456,
    -0.5148730832433084,
    0.5573941884976809,
    1.1903085107861668,
    1.905240772004411,
    1.8419147691223627,
    0.964077383717481,
    -0.5694623853947889,
    0.5730573605954337,
    -0.40133827085273743,
    -0.3428487789324037,
    -0.23229278811206575,
    -0.40133827085273743,
    -1.0969248003330587,
    0.5362524252996946,
    -0.01749264447536001
  ],
  "eval_count": 30,
  "evals_to_f_best": 19,
  "total_time": 0.8133916659862734,
  "deviation_from_optimum": 0.0,
  "optimum": 1.905240772004411,
  "optimum_x": [
    41.057581189908134,
    61.99112505500065
  ],
  "success": true
}