{
  "method": "TuRBO",
  "n_problems": 214,
  "mean_deviation": 0.0282940754080499,
  "median_deviation": 0.0,
  "std_deviation": 0.10883254030397121,
  "success_rate": 0.9065420560747663,
  "n_successes": 194,
  "mean_evals_to_best": 18.565420560747665,
  "mean_runtime_sec": 0.8282691916124733,
  "comparable_curve_length": 30,
  "mean_convergence_curve": [
    -0.24413946702322364,
    -0.013498701982021334,
    0.5485327603339396,
    0.559776532478263,
    0.698949691866364,
    0.8156940211248729,
    0.9006323238264907,
    0.994272573174045,
    1.072956287880441,
    1.152245544182095,
    1.2358728190724706,
    1.2849512050326006,
    1.333987327350066,
    1.3536308339035075,
    1.3944882631873874,
    1.4331894085315542,
    1.4557298299185724,
    1.4959123655679984,
    1.5342640538707064,
    1.561103248181561,
    1.58815476871486,
    1.6039464961405856,
    1.6169772812118541,
    1.619796181508569,
    1.6246859944325551,
    1.6372064805952435,
    1.65028424836411,
    1.659430505837143,
    1.6727182397692135,
    1.6820946483998844
  ]
}