{
  "methods": [
    {
      "name": "Random Search",
      "path": "results/random_search_2015_budget40.json",
      "n_problems": 214,
      "mean_deviation": 0.015889547203772763,
      "median_deviation": 0.007527175904439399,
      "std_deviation": 0.02033641981239926,
      "success_rate": 0.9110591900311528,
      "mean_best_y": 1.6944991766041617,
      "mean_evals_to_f_best": 20.869937694704046,
      "mean_total_time": 0.00013811961066621906,
      "min_curve_length": 40,
      "mean_best_so_far_curve": [
        0.07387276219119619,
        0.5234634635377493,
        0.8028790563352349,
        0.9192915696486964,
        1.0099325421091416,
        1.080767354295004,
        1.1444293377783816,
        1.2069400694870174,
        1.2607485102394003,
        1.3017386883786863,
        1.3395193489536534,
        1.3676733999199302,
        1.4033102684127956,
        1.437721443263599,
        1.456932116641594,
        1.4773326175279513,
        1.4935777373374421,
        1.5095486915323444,
        1.5254188241520121,
        1.540052736094961,
        1.5548376767511005,
        1.566389455774167,
        1.5781964054415478,
        1.5922966587343346,
        1.5996498433707698,
        1.608540524303974,
        1.6158920308354057,
        1.6229993205973214,
        1.631825077158017,
        1.6389206910680423,
        1.6447893589611242,
        1.6522540674989814,
        1.6578115449236175,
        1.663710972909001,
        1.668830365128932,
        1.6740126146628356,
        1.6804373622112776,
        1.6855493810867954,
        1.6901066789518477,
        1.6944991766041613
      ]
    },
    {
      "name": "pyBADS",
      "path": "results/pybads_2015_multirun.json",
      "n_problems": 214,
      "mean_deviation": 0.0,
      "median_deviation": 0.0,
      "std_deviation": 0.0,
      "success_rate": 1.0,
      "mean_best_y": 1.710388723807934,
      "mean_evals_to_f_best": 20.686915887850468,
      "mean_total_time": 2.1013703914055255,
      "min_curve_length": 40,
      "mean_best_so_far_curve": [
        0.07387276219119618,
        0.5234634635377493,
        0.8028790563352349,
        0.9184812969995707,
        1.042382207183596,
        1.179029254655353,
        1.2055589144758274,
        1.275738875194107,
        1.3286335007463117,
        1.3804741574646475,
        1.4017859225083034,
        1.4186253190652849,
        1.4394601332895394,
        1.4627870778453036,
        1.4821096245500467,
        1.4969308386539213,
        1.5108905996831419,
        1.517813873434325,
        1.5440290101649314,
        1.5577154393683077,
        1.5736596671165959,
        1.5870733011815437,
        1.6001146658480225,
        1.615075912901842,
        1.6254660700231163,
        1.6319172743800976,
        1.639888611580111,
        1.6477832875137794,
        1.65128746320165,
        1.6543820385764385,
        1.6607824951296164,
        1.6638809090868592,
        1.668907486088072,
        1.6740816206108542,
        1.6790825056084402,
        1.6841647756823337,
        1.6872229246740715,
        1.6904170564840135,
        1.6957027506270343,
        1.699403191424211
      ]
    }
  ],
  "aligned_curves": {
    "min_curve_length": 40,
    "curves": {
      "Random Search": [
        0.07387276219119619,
        0.5234634635377493,
        0.8028790563352349,
        0.9192915696486964,
        1.0099325421091416,
        1.080767354295004,
        1.1444293377783816,
        1.2069400694870174,
        1.2607485102394003,
        1.3017386883786863,
        1.3395193489536534,
        1.3676733999199302,
        1.4033102684127956,
        1.437721443263599,
        1.456932116641594,
        1.4773326175279513,
        1.4935777373374421,
        1.5095486915323444,
        1.5254188241520121,
        1.540052736094961,
        1.5548376767511005,
        1.566389455774167,
        1.5781964054415478,
        1.5922966587343346,
        1.5996498433707698,
        1.608540524303974,
        1.6158920308354057,
        1.6229993205973214,
        1.631825077158017,
        1.6389206910680423,
        1.6447893589611242,
        1.6522540674989814,
        1.6578115449236175,
        1.663710972909001,
        1.668830365128932,
        1.6740126146628356,
        1.6804373622112776,
        1.6855493810867954,
        1.6901066789518477,
        1.6944991766041613
      ],
      "pyBADS": [
        0.07387276219119618,
        0.5234634635377493,
        0.8028790563352349,
        0.9184812969995707,
        1.042382207183596,
        1.179029254655353,
        1.2055589144758274,
        1.275738875194107,
        1.3286335007463117,
        1.3804741574646475,
        1.4017859225083034,
        1.4186253190652849,
        1.4394601332895394,
        1.4627870778453036,
        1.4821096245500467,
        1.4969308386539213,
        1.5108905996831419,
        1.517813873434325,
        1.5440290101649314,
        1.5577154393683077,
        1.5736596671165959,
        1.5870733011815437,
        1.6001146658480225,
        1.615075912901842,
        1.6254660700231163,
        1.6319172743800976,
        1.639888611580111,
        1.6477832875137794,
        1.65128746320165,
        1.6543820385764385,
        1.6607824951296164,
        1.6638809090868592,
        1.668907486088072,
        1.6740816206108542,
        1.6790825056084402,
        1.6841647756823337,
        1.6872229246740715,
        1.6904170564840135,
        1.6957027506270343,
        1.699403191424211
      ]
    }
  }
}