{
  "config": {
    "problems_dir": "data/laqn/2015/preprocessed",
    "budget": 1000,
    "display": "off"
  },
  "summary": {
    "n_problems": 1,
    "mean_deviation": 0.0,
    "median_deviation": 0.0,
    "std_deviation": 0.0,
    "success_rate": 1.0,
    "mean_best_so_far_curve": [
      -0.14600234374976137,
      0.6039017412048809,
      0.6039017412048809,
      0.6039017412048809,
      0.6039017412048809,
      0.6039017412048809,
      0.6039017412048809,
      0.6341250516225128,
      0.8081491139602407,
      0.8081491139602407,
      0.8081491139602407,
      0.8081491139602407,
      1.3716889354390287,
      1.3716889354390287,
      1.3716889354390287,
      1.3716889354390287,
      1.3716889354390287,
      1.3716889354390287,
      1.4634066264133159,
      1.4634066264133159,
      1.4634066264133159,
      1.4634066264133159,
      1.4634066264133159,
      1.4634066264133159,
      1.4634066264133159,
      1.4634066264133159,
      1.4634066264133159,
      1.587302430692738,
      1.587302430692738,
      1.587302430692738,
      1.587302430692738,
      1.587302430692738,
      1.587302430692738,
      1.587302430692738,
      1.587302430692738,
      1.587302430692738,
      1.587302430692738,
      1.587302430692738,
      1.587302430692738,
      1.587302430692738
    ],
    "min_curve_length": 40
  },
  "results": [
    {
      "identifier": "Preprocessed-NO2-2015-135",
      "best_x": [
        41.97390332198082,
        63.405687949962356
      ],
      "best_y": 1.587302430692738,
      "best_so_far": [
        -0.14600234374976137,
        0.6039017412048809,
        0.6039017412048809,
        0.6039017412048809,
        0.6039017412048809,
        0.6039017412048809,
        0.6039017412048809,
        0.6341250516225128,
        0.8081491139602407,
        0.8081491139602407,
        0.8081491139602407,
        0.8081491139602407,
        1.3716889354390287,
        1.3716889354390287,
        1.3716889354390287,
        1.3716889354390287,
        1.3716889354390287,
        1.3716889354390287,
        1.4634066264133159,
        1.4634066264133159,
        1.4634066264133159,
        1.4634066264133159,
        1.4634066264133159,
        1.4634066264133159,
        1.4634066264133159,
        1.4634066264133159,
        1.4634066264133159,
        1.587302430692738,
        1.587302430692738,
        1.587302430692738,
        1.587302430692738,
        1.587302430692738,
        1.587302430692738,
        1.587302430692738,
        1.587302430692738,
        1.587302430692738,
        1.587302430692738,
        1.587302430692738,
        1.587302430692738,
        1.587302430692738
      ],
      "x_hist": [
        [
          50.751419999999946,
          65.22174826892642
        ],
        [
          41.399022581511126,
          69.4806678788119
        ],
        [
          37.44668562154183,
          60.29897548252391
        ],
        [
          33.36529397954962,
          85.15777905758739
        ],
        [
          30.148598999999777,
          49.256194251109285
        ],
        [
          38.67794999999997,
          75.22449383515101
        ],
        [
          42.03630598607403,
          84.26997486831613
        ],
        [
          42.665291999999894,
          64.17156140276876
        ],
        [
          43.15324799999988,
          49.80644729813726
        ],
        [
          37.56434179481704,
          65.99228961397372
        ],
        [
          37.5287639642604,
          26.91773629614788
        ],
        [
          39.229832009999384,
          57.71476613835181
        ],
        [
          42.834122999999536,
          61.13498131873914
        ],
        [
          52.36791299999944,
          61.25684396703845
        ],
        [
          45.875855999999494,
          61.971246146563196
        ],
        [
          39.633383609999676,
          58.71193055086302
        ],
        [
          48.23260800000003,
          72.10088596806122
        ],
        [
          38.33438834999996,
          58.44592514647611
        ],
        [
          35.701885123808836,
          55.18621527479079
        ],
        [
          36.948791999999415,
          67.37938143506399
        ],
        [
          26.332529999999636,
          50.75139652211307
        ],
        [
          42.349365925427506,
          51.68134232422675
        ],
        [
          45.64222666408809,
          111.9064932186795
        ],
        [
          41.744879999999405,
          100.4720072707649
        ],
        [
          42.04819271644504,
          19.95986456313124
        ],
        [
          32.476458372216044,
          74.63865922449735
        ],
        [
          37.52987700000009,
          53.68122940266476
        ],
        [
          41.97390332198082,
          63.405687949962356
        ],
        [
          42.231532428987144,
          67.14015513235218
        ],
        [
          40.8942870000001,
          63.7287142778469
        ],
        [
          36.67684199999985,
          69.27108846175109
        ],
        [
          43.90227600000007,
          69.88064291018797
        ],
        [
          47.829233999999445,
          82.35014112354563
        ],
        [
          37.891744377059425,
          70.10171806912226
        ],
        [
          34.88452499999944,
          72.97514525247436
        ],
        [
          35.48393890674565,
          94.94361745496738
        ],
        [
          34.87819799999964,
          76.08489822384199
        ],
        [
          38.273022000000154,
          71.34598861519042
        ],
        [
          32.13036654481498,
          89.6343673225596
        ],
        [
          16.28216201918641,
          83.86135661828055
        ]
      ],
      "y_hist": [
        -0.14600234374976137,
        0.6039017412048809,
        0.4143297607056542,
        0.24329482721324636,
        0.5468605286204314,
        0.2689542618297598,
        -0.7091948687055835,
        0.6341250516225128,
        0.8081491139602407,
        0.6637518102134274,
        -0.3620931498670632,
        0.1906213394538769,
        1.3716889354390287,
        0.3614500719194548,
        0.869069257940279,
        1.0113581546520458,
        -0.2957903678786178,
        0.9680748304807081,
        1.4634066264133159,
        0.3851824298783897,
        0.6039017412048809,
        0.6190894630771556,
        -0.45188312619801335,
        -0.7214483275478379,
        0.005424447578251948,
        0.3851824298783897,
        -0.5806225882728716,
        1.587302430692738,
        0.6490115244364324,
        1.4048791199973996,
        0.17715900372254825,
        -0.08037263922087588,
        -0.6261121413666523,
        -0.14600234374976137,
        -0.11282883065654499,
        -0.5256332753602087,
        -0.00981467186537667,
        0.6783487522052433,
        0.6588544473945614,
        -0.3144370719240541
      ],
      "eval_count": 40,
      "evals_to_f_best": 28,
      "total_time": 2.20907083300699,
      "deviation_from_optimum": 0.0,
      "optimum": 1.587302430692738,
      "optimum_x": [
        41.97390332198082,
        63.405687949962356
      ],
      "success": true,
      "source_file": "data/laqn/2015/preprocessed/laqn-al_prepro_NO2_Roadside_msfp_40_day-135.p"
    }
  ]
}