{
  "config": {
    "problems_dir": "data/laqn/2015/preprocessed",
    "budget": 1000,
    "display": "iter"
  },
  "summary": {
    "n_problems": 1,
    "mean_deviation": 0.12389580427942204,
    "median_deviation": 0.12389580427942204,
    "std_deviation": 0.0,
    "success_rate": 0.0,
    "mean_best_so_far_curve": [
      -0.14600234374976137,
      0.6039017412048809,
      0.6039017412048809,
      0.6039017412048809,
      0.6039017412048809,
      0.6039017412048809,
      0.6039017412048809,
      0.6341250516225128,
      0.8081491139602407,
      0.8081491139602407,
      0.8081491139602407,
      0.8081491139602407,
      1.3716889354390287,
      1.3716889354390287,
      1.3716889354390287,
      1.3716889354390287,
      1.3716889354390287,
      1.3716889354390287,
      1.4634066264133159,
      1.4634066264133159,
      1.4634066264133159
    ],
    "min_curve_length": 21
  },
  "results": [
    {
      "identifier": "Preprocessed-NO2-2015-135",
      "best_x": [
        35.701885123808836,
        55.18621527479079
      ],
      "best_y": 1.4634066264133159,
      "best_so_far": [
        -0.14600234374976137,
        0.6039017412048809,
        0.6039017412048809,
        0.6039017412048809,
        0.6039017412048809,
        0.6039017412048809,
        0.6039017412048809,
        0.6341250516225128,
        0.8081491139602407,
        0.8081491139602407,
        0.8081491139602407,
        0.8081491139602407,
        1.3716889354390287,
        1.3716889354390287,
        1.3716889354390287,
        1.3716889354390287,
        1.3716889354390287,
        1.3716889354390287,
        1.4634066264133159,
        1.4634066264133159,
        1.4634066264133159
      ],
      "x_hist": [
        [
          50.751419999999946,
          65.22174826892642
        ],
        [
          41.399022581511126,
          69.4806678788119
        ],
        [
          37.44668562154183,
          60.29897548252391
        ],
        [
          33.36529397954962,
          85.15777905758739
        ],
        [
          30.148598999999777,
          49.256194251109285
        ],
        [
          38.67794999999997,
          75.22449383515101
        ],
        [
          42.03630598607403,
          84.26997486831613
        ],
        [
          42.665291999999894,
          64.17156140276876
        ],
        [
          43.15324799999988,
          49.80644729813726
        ],
        [
          37.56434179481704,
          65.99228961397372
        ],
        [
          37.5287639642604,
          26.91773629614788
        ],
        [
          39.229832009999384,
          57.71476613835181
        ],
        [
          42.834122999999536,
          61.13498131873914
        ],
        [
          52.36791299999944,
          61.25684396703845
        ],
        [
          45.875855999999494,
          61.971246146563196
        ],
        [
          39.633383609999676,
          58.71193055086302
        ],
        [
          48.23260800000003,
          72.10088596806122
        ],
        [
          38.33438834999996,
          58.44592514647611
        ],
        [
          35.701885123808836,
          55.18621527479079
        ],
        [
          36.948791999999415,
          67.37938143506399
        ],
        [
          26.332529999999636,
          50.75139652211307
        ]
      ],
      "y_hist": [
        -0.14600234374976137,
        0.6039017412048809,
        0.4143297607056542,
        0.24329482721324636,
        0.5468605286204314,
        0.2689542618297598,
        -0.7091948687055835,
        0.6341250516225128,
        0.8081491139602407,
        0.6637518102134274,
        -0.3620931498670632,
        0.1906213394538769,
        1.3716889354390287,
        0.3614500719194548,
        0.869069257940279,
        1.0113581546520458,
        -0.2957903678786178,
        0.9680748304807081,
        1.4634066264133159,
        0.3851824298783897,
        0.6039017412048809
      ],
      "eval_count": 21,
      "deviation_from_optimum": 0.12389580427942204,
      "optimum": 1.587302430692738,
      "optimum_x": [
        41.97390332198082,
        63.405687949962356
      ],
      "success": false,
      "source_file": "data/laqn/2015/preprocessed/laqn-al_prepro_NO2_Roadside_msfp_40_day-135.p"
    }
  ]
}